2026-09-04 10:26:48 INFO    [MainThread] it_asset_app: ======================================================================
2026-09-04 10:26:48 INFO    [MainThread] it_asset_app: App starting - log file: C:\Users\srajaamu\OneDrive - UHG\Topaz_automation\WorkFlow_Topaz\logs\app.log
2026-09-04 10:26:48 INFO    [MainThread] it_asset_app: Python: 3.14.7 | frozen: False
2026-09-04 10:26:49 INFO    [Thread-1 (start)] it_asset_app: AD helper: launched new subprocess (pid=19700): ['C:\\Program Files\\Python314\\python.exe', 'C:\\Users\\srajaamu\\OneDrive - UHG\\Topaz_automation\\WorkFlow_Topaz\\app.py', '--webview-helper']
2026-09-04 10:26:50 INFO    [MainThread] it_asset_app: ======================================================================
2026-09-04 10:26:50 INFO    [MainThread] it_asset_app: App starting - log file: C:\Users\srajaamu\OneDrive - UHG\Topaz_automation\WorkFlow_Topaz\logs\app.log
2026-09-04 10:26:50 INFO    [MainThread] it_asset_app: Python: 3.14.7 | frozen: False
2026-09-04 10:26:50 INFO    [MainThread] it_asset_app: AD helper: subprocess started (pid=19700)
2026-09-04 10:27:58 INFO    [Thread-3 (worker)] it_asset_app: AD helper: launched new subprocess (pid=51736): ['C:\\Program Files\\Python314\\python.exe', 'C:\\Users\\srajaamu\\OneDrive - UHG\\Topaz_automation\\WorkFlow_Topaz\\app.py', '--webview-helper']
2026-09-04 10:27:59 INFO    [MainThread] it_asset_app: ======================================================================
2026-09-04 10:27:59 INFO    [MainThread] it_asset_app: App starting - log file: C:\Users\srajaamu\OneDrive - UHG\Topaz_automation\WorkFlow_Topaz\logs\app.log
2026-09-04 10:27:59 INFO    [MainThread] it_asset_app: Python: 3.14.7 | frozen: False
2026-09-04 10:27:59 INFO    [MainThread] it_asset_app: AD helper: subprocess started (pid=51736)
2026-09-04 10:27:59 INFO    [Thread-1 (stdin_reader)] it_asset_app: AD helper: received lookup request_id='a647485b51ec49a5ab3c7462abaa5701' emp_id='900250983'
2026-09-04 10:28:06 INFO    [Thread-1 (stdin_reader)] it_asset_app: AD lookup: starting search for emp_id='900250983' (header_keyword='EmployeeID', name_column='Employee Name')
2026-09-04 10:28:06 DEBUG   [Thread-1 (stdin_reader)] it_asset_app: AD lookup: filled search textbox OK
2026-09-04 10:28:07 DEBUG   [Thread-1 (stdin_reader)] it_asset_app: AD lookup: clicked 'View Report' button OK
2026-09-04 10:28:10 DEBUG   [Thread-1 (stdin_reader)] it_asset_app: AD lookup: results table ready after 2.9s
2026-09-04 10:28:12 DEBUG   [Thread-1 (stdin_reader)] it_asset_app: AD lookup: raw extracted rows (0): []
2026-09-04 10:28:12 ERROR   [Thread-1 (stdin_reader)] it_asset_app: AD lookup: report loaded but 0 usable candidates for emp_id='900250983' (raw rows=0)
2026-09-04 10:28:12 ERROR   [Thread-1 (stdin_reader)] it_asset_app: AD helper: lookup failed for request_id='a647485b51ec49a5ab3c7462abaa5701' emp_id='900250983'
Traceback (most recent call last):
  File "C:\Users\srajaamu\OneDrive - UHG\Topaz_automation\WorkFlow_Topaz\app.py", line 1132, in stdin_reader
    candidates = perform_search(emp_id)
  File "C:\Users\srajaamu\OneDrive - UHG\Topaz_automation\WorkFlow_Topaz\app.py", line 998, in perform_search
    return _perform_ssrs_search(
        window, emp_id, button_text, header_keyword, name_column, ready_timeout
    )
  File "C:\Users\srajaamu\OneDrive - UHG\Topaz_automation\WorkFlow_Topaz\app.py", line 925, in _perform_ssrs_search
    raise RuntimeError(
    ...<2 lines>...
    )
RuntimeError: The report loaded, but returned no rows for Employee ID '900250983'. Double-check the ID is correct and enabled in AD.
2026-09-04 10:32:09 INFO    [MainThread] it_asset_app: ======================================================================
2026-09-04 10:32:09 INFO    [MainThread] it_asset_app: App starting - log file: C:\Users\srajaamu\OneDrive - UHG\Topaz_automation\WorkFlow_Topaz\logs\app.log
2026-09-04 10:32:09 INFO    [MainThread] it_asset_app: Python: 3.14.7 | frozen: False
2026-09-04 10:32:10 INFO    [Thread-1 (start)] it_asset_app: AD helper: launched new subprocess (pid=38112): ['C:\\Program Files\\Python314\\python.exe', 'C:\\Users\\srajaamu\\OneDrive - UHG\\Topaz_automation\\WorkFlow_Topaz\\app.py', '--webview-helper']
2026-09-04 10:32:11 INFO    [MainThread] it_asset_app: ======================================================================
2026-09-04 10:32:11 INFO    [MainThread] it_asset_app: App starting - log file: C:\Users\srajaamu\OneDrive - UHG\Topaz_automation\WorkFlow_Topaz\logs\app.log
2026-09-04 10:32:11 INFO    [MainThread] it_asset_app: Python: 3.14.7 | frozen: False
2026-09-04 10:32:11 INFO    [MainThread] it_asset_app: AD helper: subprocess started (pid=38112)
2026-09-04 10:33:02 INFO    [Thread-3 (worker)] it_asset_app: AD helper: launched new subprocess (pid=41304): ['C:\\Program Files\\Python314\\python.exe', 'C:\\Users\\srajaamu\\OneDrive - UHG\\Topaz_automation\\WorkFlow_Topaz\\app.py', '--webview-helper']
2026-09-04 10:33:03 INFO    [MainThread] it_asset_app: ======================================================================
2026-09-04 10:33:03 INFO    [MainThread] it_asset_app: App starting - log file: C:\Users\srajaamu\OneDrive - UHG\Topaz_automation\WorkFlow_Topaz\logs\app.log
2026-09-04 10:33:03 INFO    [MainThread] it_asset_app: Python: 3.14.7 | frozen: False
2026-09-04 10:33:03 INFO    [MainThread] it_asset_app: AD helper: subprocess started (pid=41304)
2026-09-04 10:33:03 INFO    [Thread-1 (stdin_reader)] it_asset_app: AD helper: received lookup request_id='1c0580abfb144aab8240d09b186239d9' emp_id='900250983'
2026-09-04 10:33:10 INFO    [Thread-1 (stdin_reader)] it_asset_app: AD lookup: starting search for emp_id='900250983' (header_keyword='EmployeeID', name_column='Employee Name')
2026-09-04 10:33:10 DEBUG   [Thread-1 (stdin_reader)] it_asset_app: AD lookup: filled search textbox OK
2026-09-04 10:33:10 DEBUG   [Thread-1 (stdin_reader)] it_asset_app: AD lookup: clicked 'View Report' button OK
2026-09-04 10:33:13 DEBUG   [Thread-1 (stdin_reader)] it_asset_app: AD lookup: results table ready after 2.4s
2026-09-04 10:33:15 DEBUG   [Thread-1 (stdin_reader)] it_asset_app: AD lookup: raw extracted rows (0): []
2026-09-04 10:33:15 ERROR   [Thread-1 (stdin_reader)] it_asset_app: AD lookup: report loaded but 0 usable candidates for emp_id='900250983' (raw rows=0)
2026-09-04 10:33:15 ERROR   [Thread-1 (stdin_reader)] it_asset_app: AD helper: lookup failed for request_id='1c0580abfb144aab8240d09b186239d9' emp_id='900250983'
Traceback (most recent call last):
  File "C:\Users\srajaamu\OneDrive - UHG\Topaz_automation\WorkFlow_Topaz\app.py", line 1132, in stdin_reader
    candidates = perform_search(emp_id)
  File "C:\Users\srajaamu\OneDrive - UHG\Topaz_automation\WorkFlow_Topaz\app.py", line 998, in perform_search
    return _perform_ssrs_search(
        window, emp_id, button_text, header_keyword, name_column, ready_timeout
    )
  File "C:\Users\srajaamu\OneDrive - UHG\Topaz_automation\WorkFlow_Topaz\app.py", line 925, in _perform_ssrs_search
    raise RuntimeError(
    ...<2 lines>...
    )
RuntimeError: The report loaded, but returned no rows for Employee ID '900250983'. Double-check the ID is correct and enabled in AD.
2026-09-04 10:33:58 INFO    [MainThread] it_asset_app: Topaz: capture() starting
2026-09-04 10:33:58 DEBUG   [Thread-5 (worker)] it_asset_app: Topaz: ProgID 'TOPAZSIGPLUS.SigPlusCtrl.1' failed: (-2147221005, 'Invalid class string', None, None)
2026-09-04 10:33:58 INFO    [Thread-5 (worker)] it_asset_app: Topaz: connected via ProgID 'SigPlus.SigPlusCtrl.1'
2026-09-04 10:33:58 DEBUG   [Thread-5 (worker)] it_asset_app: Topaz: calling SetTabletState(1, hwnd=661100) to arm the pad
2026-09-04 10:33:58 ERROR   [Thread-5 (worker)] it_asset_app: Topaz: failed to connect/arm the pad
Traceback (most recent call last):
  File "C:\Users\srajaamu\OneDrive - UHG\Topaz_automation\WorkFlow_Topaz\app.py", line 2073, in worker
    sig.SetTabletState(1, hwnd)
    ^^^^^^^^^^^^^^^^^^
  File "C:\Users\srajaamu\AppData\Roaming\Python\Python314\site-packages\win32com\client\dynamic.py", line 631, in __getattr__
    raise AttributeError(f"{self._username_}.{attr}")
AttributeError: SigPlus.SigPlusCtrl.1.SetTabletState. Did you mean: 'SetTabletPortPath'?
2026-09-04 10:33:59 WARNING [MainThread] it_asset_app: Topaz pad not available, falling back to on-screen signing: Topaz pad did not respond (SigPlus.SigPlusCtrl.1.SetTabletState).
2026-09-04 10:46:08 INFO    [MainThread] it_asset_app: ======================================================================
2026-09-04 10:46:08 INFO    [MainThread] it_asset_app: App starting - log file: C:\Users\srajaamu\OneDrive - UHG\Topaz_automation\WorkFlow_Topaz\logs\app.log
2026-09-04 10:46:08 INFO    [MainThread] it_asset_app: Python: 3.14.7 | frozen: False
2026-09-04 10:46:09 INFO    [Thread-1 (start)] it_asset_app: AD helper: launched new subprocess (pid=39904): ['C:\\Program Files\\Python314\\python.exe', 'C:\\Users\\srajaamu\\OneDrive - UHG\\Topaz_automation\\WorkFlow_Topaz\\app.py', '--webview-helper']
2026-09-04 10:46:09 INFO    [MainThread] it_asset_app: ======================================================================
2026-09-04 10:46:09 INFO    [MainThread] it_asset_app: App starting - log file: C:\Users\srajaamu\OneDrive - UHG\Topaz_automation\WorkFlow_Topaz\logs\app.log
2026-09-04 10:46:09 INFO    [MainThread] it_asset_app: Python: 3.14.7 | frozen: False
2026-09-04 10:46:10 INFO    [MainThread] it_asset_app: AD helper: subprocess started (pid=39904)
2026-09-04 10:57:46 INFO    [MainThread] it_asset_app: Topaz: capture() starting
2026-09-04 10:57:46 DEBUG   [Thread-3 (worker)] it_asset_app: Topaz: ProgID 'TOPAZSIGPLUS.SigPlusCtrl.1' failed: (-2147221005, 'Invalid class string', None, None)
2026-09-04 10:57:46 INFO    [Thread-3 (worker)] it_asset_app: Topaz: connected via ProgID 'SigPlus.SigPlusCtrl.1'
2026-09-04 10:57:46 DEBUG   [Thread-3 (worker)] it_asset_app: Topaz: calling SetTabletState(1, hwnd=1251162) to arm the pad
2026-09-04 10:57:46 ERROR   [Thread-3 (worker)] it_asset_app: Topaz: failed to connect/arm the pad
Traceback (most recent call last):
  File "C:\Users\srajaamu\OneDrive - UHG\Topaz_automation\WorkFlow_Topaz\app.py", line 2073, in worker
    sig.SetTabletState(1, hwnd)
    ^^^^^^^^^^^^^^^^^^
  File "C:\Users\srajaamu\AppData\Roaming\Python\Python314\site-packages\win32com\client\dynamic.py", line 631, in __getattr__
    raise AttributeError(f"{self._username_}.{attr}")
AttributeError: SigPlus.SigPlusCtrl.1.SetTabletState. Did you mean: 'SetTabletPortPath'?
2026-09-04 10:57:46 WARNING [MainThread] it_asset_app: Topaz pad not available, falling back to on-screen signing: Topaz pad did not respond (SigPlus.SigPlusCtrl.1.SetTabletState).
2026-09-04 10:58:38 INFO    [MainThread] it_asset_app: Topaz: capture() starting
2026-09-04 10:58:38 DEBUG   [Thread-4 (worker)] it_asset_app: Topaz: ProgID 'TOPAZSIGPLUS.SigPlusCtrl.1' failed: (-2147221005, 'Invalid class string', None, None)
2026-09-04 10:58:38 INFO    [Thread-4 (worker)] it_asset_app: Topaz: connected via ProgID 'SigPlus.SigPlusCtrl.1'
2026-09-04 10:58:38 DEBUG   [Thread-4 (worker)] it_asset_app: Topaz: calling SetTabletState(1, hwnd=1251162) to arm the pad
2026-09-04 10:58:38 ERROR   [Thread-4 (worker)] it_asset_app: Topaz: failed to connect/arm the pad
Traceback (most recent call last):
  File "C:\Users\srajaamu\OneDrive - UHG\Topaz_automation\WorkFlow_Topaz\app.py", line 2073, in worker
    sig.SetTabletState(1, hwnd)
    ^^^^^^^^^^^^^^^^^^
  File "C:\Users\srajaamu\AppData\Roaming\Python\Python314\site-packages\win32com\client\dynamic.py", line 631, in __getattr__
    raise AttributeError(f"{self._username_}.{attr}")
AttributeError: SigPlus.SigPlusCtrl.1.SetTabletState. Did you mean: 'SetTabletPortPath'?
2026-09-04 10:58:38 WARNING [MainThread] it_asset_app: Topaz pad not available, falling back to on-screen signing: Topaz pad did not respond (SigPlus.SigPlusCtrl.1.SetTabletState).
2026-09-07 11:21:09 INFO    [MainThread] it_asset_app: ======================================================================
2026-09-07 11:21:09 INFO    [MainThread] it_asset_app: App starting - log file: C:\Users\srajaamu\OneDrive - UHG\Topaz_automation\WorkFlow_Topaz\logs\app.log
2026-09-07 11:21:09 INFO    [MainThread] it_asset_app: Python: 3.14.7 | frozen: False
2026-09-07 11:21:09 INFO    [Thread-1 (start)] it_asset_app: AD helper: launched new subprocess (pid=21288): ['C:\\Program Files\\Python314\\python.exe', 'C:\\Users\\srajaamu\\OneDrive - UHG\\Topaz_automation\\WorkFlow_Topaz\\app.py', '--webview-helper']
2026-09-07 11:21:10 INFO    [MainThread] it_asset_app: ======================================================================
2026-09-07 11:21:10 INFO    [MainThread] it_asset_app: App starting - log file: C:\Users\srajaamu\OneDrive - UHG\Topaz_automation\WorkFlow_Topaz\logs\app.log
2026-09-07 11:21:10 INFO    [MainThread] it_asset_app: Python: 3.14.7 | frozen: False
2026-09-07 11:21:10 INFO    [MainThread] it_asset_app: AD helper: subprocess started (pid=21288)
2026-09-07 11:21:24 INFO    [MainThread] it_asset_app: ======================================================================
2026-09-07 11:21:24 INFO    [MainThread] it_asset_app: App starting - log file: C:\Users\srajaamu\OneDrive - UHG\Topaz_automation\WorkFlow_Topaz\logs\app.log
2026-09-07 11:21:24 INFO    [MainThread] it_asset_app: Python: 3.14.7 | frozen: False
2026-09-07 11:21:24 INFO    [Thread-1 (start)] it_asset_app: AD helper: launched new subprocess (pid=33092): ['C:\\Program Files\\Python314\\python.exe', 'C:\\Users\\srajaamu\\OneDrive - UHG\\Topaz_automation\\WorkFlow_Topaz\\app.py', '--webview-helper']
2026-09-07 11:21:25 INFO    [MainThread] it_asset_app: ======================================================================
2026-09-07 11:21:25 INFO    [MainThread] it_asset_app: App starting - log file: C:\Users\srajaamu\OneDrive - UHG\Topaz_automation\WorkFlow_Topaz\logs\app.log
2026-09-07 11:21:25 INFO    [MainThread] it_asset_app: Python: 3.14.7 | frozen: False
2026-09-07 11:21:25 INFO    [MainThread] it_asset_app: AD helper: subprocess started (pid=33092)
2026-09-07 11:21:52 CRITICAL [MainThread] it_asset_app: UNCAUGHT EXCEPTION
Traceback (most recent call last):
  File "C:\Users\srajaamu\OneDrive - UHG\Topaz_automation\WorkFlow_Topaz\app.py", line 3973, in <module>
    app.mainloop()
    ~~~~~~~~~~~~^^
  File "C:\Program Files\Python314\Lib\tkinter\__init__.py", line 1625, in mainloop
    self.tk.mainloop(n)
    ~~~~~~~~~~~~~~~~^^^
KeyboardInterrupt
2026-09-07 11:22:09 INFO    [MainThread] it_asset_app: ======================================================================
2026-09-07 11:22:09 INFO    [MainThread] it_asset_app: App starting - log file: C:\Users\srajaamu\OneDrive - UHG\Topaz_automation\WorkFlow_Topaz\logs\app.log
2026-09-07 11:22:09 INFO    [MainThread] it_asset_app: Python: 3.14.7 | frozen: False
2026-09-07 11:22:09 INFO    [Thread-1 (start)] it_asset_app: AD helper: launched new subprocess (pid=4940): ['C:\\Program Files\\Python314\\python.exe', 'C:\\Users\\srajaamu\\OneDrive - UHG\\Topaz_automation\\WorkFlow_Topaz\\app.py', '--webview-helper']
2026-09-07 11:22:09 INFO    [MainThread] it_asset_app: ======================================================================
2026-09-07 11:22:09 INFO    [MainThread] it_asset_app: App starting - log file: C:\Users\srajaamu\OneDrive - UHG\Topaz_automation\WorkFlow_Topaz\logs\app.log
2026-09-07 11:22:09 INFO    [MainThread] it_asset_app: Python: 3.14.7 | frozen: False
2026-09-07 11:22:10 INFO    [MainThread] it_asset_app: AD helper: subprocess started (pid=4940)
2026-09-07 11:22:53 INFO    [Thread-3 (worker)] it_asset_app: AD helper: launched new subprocess (pid=8912): ['C:\\Program Files\\Python314\\python.exe', 'C:\\Users\\srajaamu\\OneDrive - UHG\\Topaz_automation\\WorkFlow_Topaz\\app.py', '--webview-helper']
2026-09-07 11:22:54 INFO    [MainThread] it_asset_app: ======================================================================
2026-09-07 11:22:54 INFO    [MainThread] it_asset_app: App starting - log file: C:\Users\srajaamu\OneDrive - UHG\Topaz_automation\WorkFlow_Topaz\logs\app.log
2026-09-07 11:22:54 INFO    [MainThread] it_asset_app: Python: 3.14.7 | frozen: False
2026-09-07 11:22:54 INFO    [MainThread] it_asset_app: AD helper: subprocess started (pid=8912)
2026-09-07 11:22:54 INFO    [Thread-1 (stdin_reader)] it_asset_app: AD helper: received lookup request_id='476b78a0d5df44a98de5e4f3457d3558' emp_id='002227711'
2026-09-07 11:22:58 INFO    [Thread-1 (stdin_reader)] it_asset_app: AD lookup: starting search for emp_id='002227711' (header_keyword='EmployeeID', name_column='Employee Name')
2026-09-07 11:22:58 DEBUG   [Thread-1 (stdin_reader)] it_asset_app: AD lookup: filled search textbox OK
2026-09-07 11:22:59 DEBUG   [Thread-1 (stdin_reader)] it_asset_app: AD lookup: clicked 'View Report' button OK
2026-09-07 11:23:02 DEBUG   [Thread-1 (stdin_reader)] it_asset_app: AD lookup: results table ready after 3.2s
2026-09-07 11:23:04 DEBUG   [Thread-1 (stdin_reader)] it_asset_app: AD lookup: raw extracted rows (0): []
2026-09-07 11:23:04 ERROR   [Thread-1 (stdin_reader)] it_asset_app: AD lookup: report loaded but 0 usable candidates for emp_id='002227711' (raw rows=0)
2026-09-07 11:23:04 ERROR   [Thread-1 (stdin_reader)] it_asset_app: AD helper: lookup failed for request_id='476b78a0d5df44a98de5e4f3457d3558' emp_id='002227711'
Traceback (most recent call last):
  File "C:\Users\srajaamu\OneDrive - UHG\Topaz_automation\WorkFlow_Topaz\app.py", line 1132, in stdin_reader
    candidates = perform_search(emp_id)
  File "C:\Users\srajaamu\OneDrive - UHG\Topaz_automation\WorkFlow_Topaz\app.py", line 998, in perform_search
    return _perform_ssrs_search(
        window, emp_id, button_text, header_keyword, name_column, ready_timeout
    )
  File "C:\Users\srajaamu\OneDrive - UHG\Topaz_automation\WorkFlow_Topaz\app.py", line 925, in _perform_ssrs_search
    raise RuntimeError(
    ...<2 lines>...
    )
RuntimeError: The report loaded, but returned no rows for Employee ID '002227711'. Double-check the ID is correct and enabled in AD.
2026-09-07 11:28:23 CRITICAL [MainThread] it_asset_app: UNCAUGHT EXCEPTION
Traceback (most recent call last):
  File "C:\Users\srajaamu\OneDrive - UHG\Topaz_automation\WorkFlow_Topaz\app.py", line 3973, in <module>
    app.mainloop()
    ~~~~~~~~~~~~^^
  File "C:\Program Files\Python314\Lib\tkinter\__init__.py", line 1625, in mainloop
    self.tk.mainloop(n)
    ~~~~~~~~~~~~~~~~^^^
KeyboardInterrupt
2026-09-08 12:13:57 INFO    [MainThread] it_asset_app: ======================================================================
2026-09-08 12:13:57 INFO    [MainThread] it_asset_app: App starting - log file: C:\Users\srajaamu\OneDrive - UHG\Topaz_automation\WorkFlow_Topaz\logs\app.log
2026-09-08 12:13:57 INFO    [MainThread] it_asset_app: Python: 3.14.7 | frozen: False
2026-09-08 12:13:57 INFO    [Thread-1 (start)] it_asset_app: AD helper: launched new subprocess (pid=13200): ['C:\\Program Files\\Python314\\python.exe', 'C:\\Users\\srajaamu\\OneDrive - UHG\\Topaz_automation\\WorkFlow_Topaz\\app.py', '--webview-helper']
2026-09-08 12:13:58 INFO    [MainThread] it_asset_app: ======================================================================
2026-09-08 12:13:58 INFO    [MainThread] it_asset_app: App starting - log file: C:\Users\srajaamu\OneDrive - UHG\Topaz_automation\WorkFlow_Topaz\logs\app.log
2026-09-08 12:13:58 INFO    [MainThread] it_asset_app: Python: 3.14.7 | frozen: False
2026-09-08 12:13:59 INFO    [MainThread] it_asset_app: AD helper: subprocess started (pid=13200)
2026-09-08 12:15:19 INFO    [Thread-3 (worker)] it_asset_app: AD helper: launched new subprocess (pid=46452): ['C:\\Program Files\\Python314\\python.exe', 'C:\\Users\\srajaamu\\OneDrive - UHG\\Topaz_automation\\WorkFlow_Topaz\\app.py', '--webview-helper']
2026-09-08 12:15:20 INFO    [MainThread] it_asset_app: ======================================================================
2026-09-08 12:15:20 INFO    [MainThread] it_asset_app: App starting - log file: C:\Users\srajaamu\OneDrive - UHG\Topaz_automation\WorkFlow_Topaz\logs\app.log
2026-09-08 12:15:20 INFO    [MainThread] it_asset_app: Python: 3.14.7 | frozen: False
2026-09-08 12:15:20 INFO    [MainThread] it_asset_app: AD helper: subprocess started (pid=46452)
2026-09-08 12:15:20 INFO    [Thread-1 (stdin_reader)] it_asset_app: AD helper: received lookup request_id='2c4154b5149141468a1a4852ac719aae' emp_id='900290126'
2026-09-08 12:15:26 INFO    [Thread-1 (stdin_reader)] it_asset_app: AD lookup: starting search for emp_id='900290126' (header_keyword='EmployeeID', name_column='Employee Name')
2026-09-08 12:15:26 DEBUG   [Thread-1 (stdin_reader)] it_asset_app: AD lookup: filled search textbox OK
2026-09-08 12:15:26 DEBUG   [Thread-1 (stdin_reader)] it_asset_app: AD lookup: clicked 'View Report' button OK
2026-09-08 12:15:32 DEBUG   [Thread-1 (stdin_reader)] it_asset_app: AD lookup: results table ready after 5.2s
2026-09-08 12:15:34 DEBUG   [Thread-1 (stdin_reader)] it_asset_app: AD lookup: raw extracted rows (0): []
2026-09-08 12:15:34 ERROR   [Thread-1 (stdin_reader)] it_asset_app: AD lookup: report loaded but 0 usable candidates for emp_id='900290126' (raw rows=0)
2026-09-08 12:15:34 ERROR   [Thread-1 (stdin_reader)] it_asset_app: AD helper: lookup failed for request_id='2c4154b5149141468a1a4852ac719aae' emp_id='900290126'
Traceback (most recent call last):
  File "C:\Users\srajaamu\OneDrive - UHG\Topaz_automation\WorkFlow_Topaz\app.py", line 1132, in stdin_reader
    candidates = perform_search(emp_id)
  File "C:\Users\srajaamu\OneDrive - UHG\Topaz_automation\WorkFlow_Topaz\app.py", line 998, in perform_search
    return _perform_ssrs_search(
        window, emp_id, button_text, header_keyword, name_column, ready_timeout
    )
  File "C:\Users\srajaamu\OneDrive - UHG\Topaz_automation\WorkFlow_Topaz\app.py", line 925, in _perform_ssrs_search
    raise RuntimeError(
    ...<2 lines>...
    )
RuntimeError: The report loaded, but returned no rows for Employee ID '900290126'. Double-check the ID is correct and enabled in AD.
2026-09-08 12:43:48 INFO    [Thread-5 (worker)] it_asset_app: AD helper: launched new subprocess (pid=2348): ['C:\\Program Files\\Python314\\python.exe', 'C:\\Users\\srajaamu\\OneDrive - UHG\\Topaz_automation\\WorkFlow_Topaz\\app.py', '--webview-helper']
2026-09-08 12:43:50 INFO    [MainThread] it_asset_app: ======================================================================
2026-09-08 12:43:50 INFO    [MainThread] it_asset_app: App starting - log file: C:\Users\srajaamu\OneDrive - UHG\Topaz_automation\WorkFlow_Topaz\logs\app.log
2026-09-08 12:43:50 INFO    [MainThread] it_asset_app: Python: 3.14.7 | frozen: False
2026-09-08 12:43:50 INFO    [MainThread] it_asset_app: AD helper: subprocess started (pid=2348)
2026-09-08 12:43:50 INFO    [Thread-1 (stdin_reader)] it_asset_app: AD helper: received lookup request_id='0fed5f3438914f3d9f4dd9cfadef6ce3' emp_id='900290126'
2026-09-08 12:43:59 INFO    [Thread-1 (stdin_reader)] it_asset_app: AD lookup: starting search for emp_id='900290126' (header_keyword='EmployeeID', name_column='Employee Name')
2026-09-08 12:43:59 DEBUG   [Thread-1 (stdin_reader)] it_asset_app: AD lookup: filled search textbox OK
2026-09-08 12:44:00 DEBUG   [Thread-1 (stdin_reader)] it_asset_app: AD lookup: clicked 'View Report' button OK
2026-09-08 12:44:04 DEBUG   [Thread-1 (stdin_reader)] it_asset_app: AD lookup: results table ready after 4.4s
2026-09-08 12:44:06 DEBUG   [Thread-1 (stdin_reader)] it_asset_app: AD lookup: raw extracted rows (0): []
2026-09-08 12:44:06 ERROR   [Thread-1 (stdin_reader)] it_asset_app: AD lookup: report loaded but 0 usable candidates for emp_id='900290126' (raw rows=0)
2026-09-08 12:44:06 ERROR   [Thread-1 (stdin_reader)] it_asset_app: AD helper: lookup failed for request_id='0fed5f3438914f3d9f4dd9cfadef6ce3' emp_id='900290126'
Traceback (most recent call last):
  File "C:\Users\srajaamu\OneDrive - UHG\Topaz_automation\WorkFlow_Topaz\app.py", line 1132, in stdin_reader
    candidates = perform_search(emp_id)
  File "C:\Users\srajaamu\OneDrive - UHG\Topaz_automation\WorkFlow_Topaz\app.py", line 998, in perform_search
    return _perform_ssrs_search(
        window, emp_id, button_text, header_keyword, name_column, ready_timeout
    )
  File "C:\Users\srajaamu\OneDrive - UHG\Topaz_automation\WorkFlow_Topaz\app.py", line 925, in _perform_ssrs_search
    raise RuntimeError(
    ...<2 lines>...
    )
RuntimeError: The report loaded, but returned no rows for Employee ID '900290126'. Double-check the ID is correct and enabled in AD.
2026-09-08 13:08:59 INFO    [MainThread] it_asset_app: ======================================================================
2026-09-08 13:08:59 INFO    [MainThread] it_asset_app: App starting - log file: C:\Users\srajaamu\OneDrive - UHG\Topaz_automation\WorkFlow_Topaz\logs\app.log
2026-09-08 13:08:59 INFO    [MainThread] it_asset_app: Python: 3.14.7 | frozen: False
2026-09-08 13:09:00 INFO    [Thread-1 (start)] it_asset_app: AD helper: launched new subprocess (pid=40136): ['C:\\Program Files\\Python314\\python.exe', 'C:\\Users\\srajaamu\\OneDrive - UHG\\Topaz_automation\\WorkFlow_Topaz\\app.py', '--webview-helper']
2026-09-08 13:09:01 INFO    [MainThread] it_asset_app: ======================================================================
2026-09-08 13:09:01 INFO    [MainThread] it_asset_app: App starting - log file: C:\Users\srajaamu\OneDrive - UHG\Topaz_automation\WorkFlow_Topaz\logs\app.log
2026-09-08 13:09:01 INFO    [MainThread] it_asset_app: Python: 3.14.7 | frozen: False
2026-09-08 13:09:01 INFO    [MainThread] it_asset_app: AD helper: subprocess started (pid=40136)
2026-09-08 13:09:27 INFO    [Thread-3 (worker)] it_asset_app: AD helper: launched new subprocess (pid=2688): ['C:\\Program Files\\Python314\\python.exe', 'C:\\Users\\srajaamu\\OneDrive - UHG\\Topaz_automation\\WorkFlow_Topaz\\app.py', '--webview-helper']
2026-09-08 13:09:28 INFO    [MainThread] it_asset_app: ======================================================================
2026-09-08 13:09:28 INFO    [MainThread] it_asset_app: App starting - log file: C:\Users\srajaamu\OneDrive - UHG\Topaz_automation\WorkFlow_Topaz\logs\app.log
2026-09-08 13:09:28 INFO    [MainThread] it_asset_app: Python: 3.14.7 | frozen: False
2026-09-08 13:09:28 INFO    [MainThread] it_asset_app: AD helper: subprocess started (pid=2688)
2026-09-08 13:11:37 INFO    [MainThread] it_asset_app: ======================================================================
2026-09-08 13:11:37 INFO    [MainThread] it_asset_app: App starting - log file: C:\Users\srajaamu\OneDrive - UHG\Topaz_automation\WorkFlow_Topaz\logs\app.log
2026-09-08 13:11:37 INFO    [MainThread] it_asset_app: Python: 3.14.7 | frozen: False
2026-09-08 13:11:38 INFO    [Thread-1 (start)] it_asset_app: AD helper: launched new subprocess (pid=41432): ['C:\\Program Files\\Python314\\python.exe', 'C:\\Users\\srajaamu\\OneDrive - UHG\\Topaz_automation\\WorkFlow_Topaz\\app.py', '--webview-helper']
2026-09-08 13:11:39 INFO    [MainThread] it_asset_app: ======================================================================
2026-09-08 13:11:39 INFO    [MainThread] it_asset_app: App starting - log file: C:\Users\srajaamu\OneDrive - UHG\Topaz_automation\WorkFlow_Topaz\logs\app.log
2026-09-08 13:11:39 INFO    [MainThread] it_asset_app: Python: 3.14.7 | frozen: False
2026-09-08 13:11:39 INFO    [MainThread] it_asset_app: AD helper: subprocess started (pid=41432)
2026-09-08 13:12:04 INFO    [Thread-3 (worker)] it_asset_app: AD helper: launched new subprocess (pid=20624): ['C:\\Program Files\\Python314\\python.exe', 'C:\\Users\\srajaamu\\OneDrive - UHG\\Topaz_automation\\WorkFlow_Topaz\\app.py', '--webview-helper']
2026-09-08 13:12:05 INFO    [MainThread] it_asset_app: ======================================================================
2026-09-08 13:12:05 INFO    [MainThread] it_asset_app: App starting - log file: C:\Users\srajaamu\OneDrive - UHG\Topaz_automation\WorkFlow_Topaz\logs\app.log
2026-09-08 13:12:05 INFO    [MainThread] it_asset_app: Python: 3.14.7 | frozen: False
2026-09-08 13:12:05 INFO    [MainThread] it_asset_app: AD helper: subprocess started (pid=20624)
2026-09-08 13:12:05 INFO    [Thread-1 (stdin_reader)] it_asset_app: AD helper: received lookup request_id='a6633706472a471ca01638f5379f67a2' emp_id='900290126'
2026-09-08 13:12:12 INFO    [Thread-1 (stdin_reader)] it_asset_app: AD lookup: starting search for emp_id='900290126' (header_keyword='EmployeeID', name_column='Employee Name')
2026-09-08 13:12:12 DEBUG   [Thread-1 (stdin_reader)] it_asset_app: AD lookup: filled search textbox OK
2026-09-08 13:12:13 DEBUG   [Thread-1 (stdin_reader)] it_asset_app: AD lookup: clicked 'View Report' button OK
2026-09-08 13:12:14 DEBUG   [Thread-1 (stdin_reader)] it_asset_app: AD lookup: results table ready after 0.8s
2026-09-08 13:12:14 DEBUG   [Thread-1 (stdin_reader)] it_asset_app: AD lookup: extracted 1 row(s) via strategy='split-header'; tables seen on page: [{'headers': ['Loading...\nCancel\n\n\n\xa0\t\t\t\xa0\t\t\t\xa0\t\t\n\t\t\t\t\t\tSearch AD for MSID, EmployeeID, or Email Address (one entry per line)\t\n\t\n\t\n\t\t\n\n\n\n\n\t\t\n\t\t\t\tof\t\t0\t\t\n\t\t\n\t\n\t\nPage Width\nWhole Page\n500%\n200%\n150%\n100%\n75%\n50%\n25%\n10%\n\t\n\t\n\t\n\t\tFind\t\t\n\t\t|\t\tNext'], 'rowCount': 1, 'matched': True}, {'headers': ['', 'Loading...\nCancel'], 'rowCount': 1, 'matched': False}, {'headers': ['', '', ''], 'rowCount': 5, 'matched': False}, {'headers': ['Search AD for MSID, EmployeeID, or Email Address (one entry per line)', '', ''], 'rowCount': 1, 'matched': True}, {'headers': ['', '', '', '', '', '', '', '', ''], 'rowCount': 2, 'matched': False}, {'headers': ['', ''], 'rowCount': 1, 'matched': False}, {'headers': ['', '', '', '', '', '', 'of', '', '0', '', '', '', ''], 'rowCount': 1, 'matched': False}, {'headers': [''], 'rowCount': 1, 'matched': False}, {'headers': [''], 'rowCount': 1, 'matched': False}, {'headers': [''], 'rowCount': 1, 'matched': False}, {'headers': [''], 'rowCount': 1, 'matched': False}, {'headers': [''], 'rowCount': 1, 'matched': False}, {'headers': [''], 'rowCount': 1, 'matched': False}, {'headers': [''], 'rowCount': 1, 'matched': False}, {'headers': [''], 'rowCount': 1, 'matched': False}, {'headers': [''], 'rowCount': 1, 'matched': False}, {'headers': [''], 'rowCount': 1, 'matched': False}, {'headers': [''], 'rowCount': 1, 'matched': False}, {'headers': ['Page Width\nWhole Page\n500%\n200%\n150%\n100%\n75%\n50%\n25%\n10%'], 'rowCount': 1, 'matched': False}, {'headers': ['Word\n\t\t\t\t\t\t\t\t\t\n\t\t\t\t\t\t\t\t\t\tExcel\n\t\t\t\t\t\t\t\t\t\n\t\t\t\t\t\t\t\t\t\tPowerPoint\n\t\t\t\t\t\t\t\t\t\n\t\t\t\t\t\t\t\t\t\tPDF\n\t\t\t\t\t\t\t\t\t\n\t\t\t\t\t\t\t\t\t\tTIFF file\n\t\t\t\t\t\t\t\t\t\n\t\t\t\t\t\t\t\t\t\tMHTML (web archive)\n\t\t\t\t\t\t\t\t\t\n\t\t\t\t\t\t\t\t\t\tCSV (comma delimited)\n\t\t\t\t\t\t\t\t\t\n\t\t\t\t\t\t\t\t\t\tXML file with report data\n\t\t\t\t\t\t\t\t\t\n\t\t\t\t\t\t\t\t\t\tData Feed'], 'rowCount': 1, 'matched': False}, {'headers': [''], 'rowCount': 1, 'matched': False}, {'headers': [''], 'rowCount': 1, 'matched': False}, {'headers': [''], 'rowCount': 1, 'matched': False}, {'headers': [''], 'rowCount': 1, 'matched': False}, {'headers': ['', '', 'Find', '', '', '', '|', '', 'Next', '', ''], 'rowCount': 1, 'matched': False}]
2026-09-08 13:12:14 DEBUG   [Thread-1 (stdin_reader)] it_asset_app: AD lookup: raw extracted rows: [{'Loading...\nCancel\n\n\n\xa0\t\t\t\xa0\t\t\t\xa0\t\t\n\t\t\t\t\t\tSearch AD for MSID, EmployeeID, or Email Address (one entry per line)\t\n\t\n\t\n\t\t\n\n\n\n\n\t\t\n\t\t\t\tof\t\t0\t\t\n\t\t\n\t\n\t\nPage Width\nWhole Page\n500%\n200%\n150%\n100%\n75%\n50%\n25%\n10%\n\t\n\t\n\t\n\t\tFind\t\t\n\t\t|\t\tNext': 'Page Width\nWhole Page\n500%\n200%\n150%\n100%\n75%\n50%\n25%\n10%'}]
2026-09-08 13:12:14 DEBUG   [Thread-1 (stdin_reader)] it_asset_app: AD lookup: mapped fields from row: {'emp_name': '', 'manager_name': '', 'contact_number': '', 'department': '', 'email': '', 'designation': '', 'msid': '', 'employee_id_confirmed': '', 'manager_email': '', 'manager_msid': '', 'manager_employee_id': '', 'account_enabled': ''}
2026-09-08 13:12:14 ERROR   [Thread-1 (stdin_reader)] it_asset_app: AD lookup: report loaded but 0 usable candidates for emp_id='900290126' (raw rows=1, strategy='split-header'). Tables seen on the page were: [{'headers': ['Loading...\nCancel\n\n\n\xa0\t\t\t\xa0\t\t\t\xa0\t\t\n\t\t\t\t\t\tSearch AD for MSID, EmployeeID, or Email Address (one entry per line)\t\n\t\n\t\n\t\t\n\n\n\n\n\t\t\n\t\t\t\tof\t\t0\t\t\n\t\t\n\t\n\t\nPage Width\nWhole Page\n500%\n200%\n150%\n100%\n75%\n50%\n25%\n10%\n\t\n\t\n\t\n\t\tFind\t\t\n\t\t|\t\tNext'], 'rowCount': 1, 'matched': True}, {'headers': ['', 'Loading...\nCancel'], 'rowCount': 1, 'matched': False}, {'headers': ['', '', ''], 'rowCount': 5, 'matched': False}, {'headers': ['Search AD for MSID, EmployeeID, or Email Address (one entry per line)', '', ''], 'rowCount': 1, 'matched': True}, {'headers': ['', '', '', '', '', '', '', '', ''], 'rowCount': 2, 'matched': False}, {'headers': ['', ''], 'rowCount': 1, 'matched': False}, {'headers': ['', '', '', '', '', '', 'of', '', '0', '', '', '', ''], 'rowCount': 1, 'matched': False}, {'headers': [''], 'rowCount': 1, 'matched': False}, {'headers': [''], 'rowCount': 1, 'matched': False}, {'headers': [''], 'rowCount': 1, 'matched': False}, {'headers': [''], 'rowCount': 1, 'matched': False}, {'headers': [''], 'rowCount': 1, 'matched': False}, {'headers': [''], 'rowCount': 1, 'matched': False}, {'headers': [''], 'rowCount': 1, 'matched': False}, {'headers': [''], 'rowCount': 1, 'matched': False}, {'headers': [''], 'rowCount': 1, 'matched': False}, {'headers': [''], 'rowCount': 1, 'matched': False}, {'headers': [''], 'rowCount': 1, 'matched': False}, {'headers': ['Page Width\nWhole Page\n500%\n200%\n150%\n100%\n75%\n50%\n25%\n10%'], 'rowCount': 1, 'matched': False}, {'headers': ['Word\n\t\t\t\t\t\t\t\t\t\n\t\t\t\t\t\t\t\t\t\tExcel\n\t\t\t\t\t\t\t\t\t\n\t\t\t\t\t\t\t\t\t\tPowerPoint\n\t\t\t\t\t\t\t\t\t\n\t\t\t\t\t\t\t\t\t\tPDF\n\t\t\t\t\t\t\t\t\t\n\t\t\t\t\t\t\t\t\t\tTIFF file\n\t\t\t\t\t\t\t\t\t\n\t\t\t\t\t\t\t\t\t\tMHTML (web archive)\n\t\t\t\t\t\t\t\t\t\n\t\t\t\t\t\t\t\t\t\tCSV (comma delimited)\n\t\t\t\t\t\t\t\t\t\n\t\t\t\t\t\t\t\t\t\tXML file with report data\n\t\t\t\t\t\t\t\t\t\n\t\t\t\t\t\t\t\t\t\tData Feed'], 'rowCount': 1, 'matched': False}, {'headers': [''], 'rowCount': 1, 'matched': False}, {'headers': [''], 'rowCount': 1, 'matched': False}, {'headers': [''], 'rowCount': 1, 'matched': False}, {'headers': [''], 'rowCount': 1, 'matched': False}, {'headers': ['', '', 'Find', '', '', '', '|', '', 'Next', '', ''], 'rowCount': 1, 'matched': False}]
2026-09-08 13:12:14 ERROR   [Thread-1 (stdin_reader)] it_asset_app: AD helper: lookup failed for request_id='a6633706472a471ca01638f5379f67a2' emp_id='900290126'
Traceback (most recent call last):
  File "C:\Users\srajaamu\OneDrive - UHG\Topaz_automation\WorkFlow_Topaz\app.py", line 1225, in stdin_reader
    candidates = perform_search(emp_id)
  File "C:\Users\srajaamu\OneDrive - UHG\Topaz_automation\WorkFlow_Topaz\app.py", line 1091, in perform_search
    return _perform_ssrs_search(
        window, emp_id, button_text, header_keyword, name_column, ready_timeout
    )
  File "C:\Users\srajaamu\OneDrive - UHG\Topaz_automation\WorkFlow_Topaz\app.py", line 1018, in _perform_ssrs_search
    raise RuntimeError(
    ...<2 lines>...
    )
RuntimeError: The report loaded, but returned no rows for Employee ID '900290126'. Double-check the ID is correct and enabled in AD.
2026-09-08 13:12:57 INFO    [MainThread] it_asset_app: Topaz: capture() starting
2026-09-08 13:12:57 DEBUG   [Thread-5 (worker)] it_asset_app: Topaz: ProgID 'TOPAZSIGPLUS.SigPlusCtrl.1' failed: (-2147221005, 'Invalid class string', None, None)
2026-09-08 13:12:57 INFO    [Thread-5 (worker)] it_asset_app: Topaz: connected via ProgID 'SigPlus.SigPlusCtrl.1'
2026-09-08 13:12:57 DEBUG   [Thread-5 (worker)] it_asset_app: Topaz: control exposes: ['AboutBox', 'AddSerialByte', 'Annotate', 'AsciiDataMode', 'AutoKeyAddData', 'AutoKeyData', 'AutoKeyFinish', 'AutoKeyStart', 'AutoTimeStamp', 'BackColor', 'BackgroundHandle', 'BitMapBufferByte', 'BitMapBufferClose', 'BitMapBufferSize', 'BitMapBufferWrite', 'BitmapHandle', 'Buffer', 'ByteIndex', 'ClearSigWindow', 'ClearTablet', 'CmdCount', 'CmdData', 'CmdString', 'CoordToUse', 'Coords', 'Data', 'Dest', 'DisableMessageBoxes', 'DisableTabletCapture', 'DisplayAnnotate', 'DisplayAnnotatePosX', 'DisplayAnnotatePosY', 'DisplayAnnotateSize', 'DisplayMode', 'DisplayPenWidth', 'DisplayRotate', 'DisplayRotateSave', 'DisplayTimeStamp', 'DisplayTimeStampPosX', 'DisplayTimeStampPosY', 'DisplayTimeStampSize', 'DisplayWindowRes', 'Enable', 'EnableTabletCapture', 'EnableTabletEncryption', 'EncryptionMode', 'EventMask', 'ExportSigFile', 'FaceName', 'Factor', 'FileName', 'FinalFactor', 'FitToWindow', 'ForeColor', 'Format', 'GetBadPointCounter', 'GetBitmapBufferBytes', 'GetEventEnableMask', 'GetImageScreenResolution', 'GetKey', 'GetKeyReceipt', 'GetKeyReceiptAscii', 'GetLCDSize', 'GetLCDStringSize', 'GetNumPointsForStroke', 'GetNumberOfAttachedTablets', 'GetNumberOfHotSpotPoints', 'GetNumberOfStrokes', 'GetOposPointArray', 'GetOposTotalPoints', 'GetPointPValue', 'GetPointTValue', 'GetPointXValue', 'GetPointYValue', 'GetSavePressureData', 'GetSaveTimeData', 'GetSerialNumberToUse', 'GetSigData', 'GetSigPlusVersionString', 'GetSigReceipt', 'GetSigReceiptAscii', 'GetTabletModelNumber', 'GetTabletPortPath', 'GetTabletSerialNumber', 'GetTrackGemField', 'GreyGain', 'GreyOffset', 'Height', 'HexString', 'HighlightPoint', 'HighlightStroke', 'HostMode', 'IPAddress', 'ImageAnnotate', 'ImageAnnotatePosX', 'ImageAnnotatePosY', 'ImageAnnotateSize', 'ImageFileFormat', 'ImageFileName', 'ImagePenWidth', 'ImageTimeStamp', 'ImageTimeStampPosX', 'ImageTimeStampPosY', 'ImageTimeStampSize', 'ImageXSize', 'ImageYSize', 'ImportSigFile', 'Index', 'InitSigPlus', 'Inside', 'Italic', 'JustifyMode', 'JustifyX', 'JustifyY', 'KeyCode', 'KeyData', 'KeyPadAddHotSpot', 'KeyPadClearHotSpotList', 'KeyPadEnableTapOnly', 'KeyPadQueryHotSpot', 'KeyString', 'LCDCaptureMode', 'LCDCompEnable', 'LCDCompFast', 'LCDCompMode', 'LCDCompSlow', 'LCDCreateImage', 'LCDPlayVideo', 'LCDRefresh', 'LCDSendCmdString', 'LCDSendCommandData', 'LCDSendImage', 'LCDSetFont', 'LCDSetTabletMap', 'LCDSetWindow', 'LCDStopVideo', 'LCDTiffAdd', 'LCDTiffStart', 'LCDTiffWrite', 'LCDType', 'LCDWriteBitmap', 'LCDWriteFile', 'LCDWriteString', 'LCDWriteStringToImage', 'LCDWriteWindowedBitmap', 'LCDXSize', 'LCDXStart', 'LCDXStop', 'LCDYSize', 'LCDYStart', 'LCDYStop', 'LCDZCompMode', 'LineScale', 'LoadTrackGemSig', 'LogEnable', 'LogFilePath', 'MapPoints', 'Message', 'Mode', 'NewPath', 'NewPixelDepth', 'NewPortPath', 'NewValue', 'NumberOfTabletPoints', 'Offset', 'OpaqueMode', 'Param', 'PitchAndFamily', 'PointArray', 'PointIdx', 'PointNumber', 'PortNumber', 'ReplayMode', 'RetryCount', 'ReturnCount', 'SaveSigInfo', 'SerialByte', 'SetAntiAliasEnable', 'SetAntiAliasParameters', 'SetBackground', 'SetBackgroundHandle', 'SetDisplayAnnotateData', 'SetDisplayTimeStampData', 'SetDynamicPressure', 'SetEnableColor', 'SetEventEnableMask', 'SetGreyScaleParams', 'SetIPAddress', 'SetImageAnnotateData', 'SetImageScreenResolution', 'SetImageTimeStampData', 'SetKey', 'SetLCDCompression', 'SetLCDCompressionParameters', 'SetLCDPixelDepth', 'SetLCDRetryCount', 'SetLCDTransferDelay', 'SetLCDTransferSize', 'SetLCDType', 'SetLocalIniFilePath', 'SetLogEnable', 'SetLogFilePath', 'SetMultiUsbEnable', 'SetPressureMap', 'SetPressureMapPoints', 'SetSavePressureData', 'SetSaveTimeData', 'SetSerialNumberToUse', 'SetSigData', 'SetSigSocketPort', 'SetSigWindow', 'SetSpecialCloseDelay', 'SetTabletEncryptionModes', 'SetTabletPortPath', 'SetTranslateBitmapEnable', 'SetUseSHA2Hash', 'SetWMFTempPath', 'SigCompressionMode', 'SigData', 'SigMessage', 'SigSetFont', 'SigString', 'Size', 'SpotSize', 'State', 'Str', 'StrokeIdx', 'StrokeNumber', 'TabletBaudRate', 'TabletClippingMode', 'TabletComPort', 'TabletComTest', 'TabletConnectQuery', 'TabletFilterPoints', 'TabletGraphic', 'TabletGraphicFile', 'TabletIndex', 'TabletInvisible', 'TabletLCDMode', 'TabletLogicalXSize', 'TabletLogicalYSize', 'TabletMode', 'TabletModelNumber', 'TabletResolution', 'TabletRotation', 'TabletSerialNumber', 'TabletState', 'TabletText', 'TabletTextFile', 'TabletTimer', 'TabletTimingAdvance', 'TabletType', 'TabletXStart', 'TabletXStop', 'TabletYStart', 'TabletYStop', 'TestFunction', 'TimeOut', 'TimeStamp', 'TransferDelay', 'TransferSize', 'Underline', 'Value', 'Velocity0', 'VelocityRange', 'VideoNumber', 'Weight', 'Width', 'WriteImageFile', 'X', 'XPos', 'XSize', 'Y', 'YPos', 'YSize', 'ZoomPower', 'ZoomX', 'ZoomY']
2026-09-08 13:12:57 DEBUG   [Thread-5 (worker)] it_asset_app: Topaz: arming the pad (hwnd=1578118)
2026-09-08 13:12:59 ERROR   [Thread-5 (worker)] it_asset_app: Topaz: failed to connect/arm the pad
Traceback (most recent call last):
  File "C:\Users\srajaamu\OneDrive - UHG\Topaz_automation\WorkFlow_Topaz\app.py", line 2294, in worker
    self._set_tablet_state(sig, 1, hwnd)
    ~~~~~~~~~~~~~~~~~~~~~~^^^^^^^^^^^^^^
  File "C:\Users\srajaamu\OneDrive - UHG\Topaz_automation\WorkFlow_Topaz\app.py", line 2200, in _set_tablet_state
    raise TopazNotAvailable(
    ...<2 lines>...
    )
TopazNotAvailable: This SigPlus build did not accept any known way of turning the pad on/off. Tried - SetTabletState(state, hwnd): SigPlus.SigPlusCtrl.1.SetTabletState | SetTabletState(state): SigPlus.SigPlusCtrl.1.SetTabletState | TabletState property: TabletState did not stick (wrote 1, read back 0)
2026-09-08 13:12:59 WARNING [MainThread] it_asset_app: Topaz pad not available, falling back to on-screen signing: Topaz pad did not respond (This SigPlus build did not accept any known way of turning the pad on/off. Tried - SetTabletState(state, hwnd): SigPlus.SigPlusCtrl.1.SetTabletState | SetTabletState(state): SigPlus.SigPlusCtrl.1.SetTabletState | TabletState property: TabletState did not stick (wrote 1, read back 0)).
2026-09-08 13:13:30 INFO    [MainThread] it_asset_app: Topaz: capture() starting
2026-09-08 13:13:30 DEBUG   [Thread-7 (worker)] it_asset_app: Topaz: ProgID 'TOPAZSIGPLUS.SigPlusCtrl.1' failed: (-2147221005, 'Invalid class string', None, None)
2026-09-08 13:13:30 INFO    [Thread-7 (worker)] it_asset_app: Topaz: connected via ProgID 'SigPlus.SigPlusCtrl.1'
2026-09-08 13:13:30 DEBUG   [Thread-7 (worker)] it_asset_app: Topaz: control exposes: ['AboutBox', 'AddSerialByte', 'Annotate', 'AsciiDataMode', 'AutoKeyAddData', 'AutoKeyData', 'AutoKeyFinish', 'AutoKeyStart', 'AutoTimeStamp', 'BackColor', 'BackgroundHandle', 'BitMapBufferByte', 'BitMapBufferClose', 'BitMapBufferSize', 'BitMapBufferWrite', 'BitmapHandle', 'Buffer', 'ByteIndex', 'ClearSigWindow', 'ClearTablet', 'CmdCount', 'CmdData', 'CmdString', 'CoordToUse', 'Coords', 'Data', 'Dest', 'DisableMessageBoxes', 'DisableTabletCapture', 'DisplayAnnotate', 'DisplayAnnotatePosX', 'DisplayAnnotatePosY', 'DisplayAnnotateSize', 'DisplayMode', 'DisplayPenWidth', 'DisplayRotate', 'DisplayRotateSave', 'DisplayTimeStamp', 'DisplayTimeStampPosX', 'DisplayTimeStampPosY', 'DisplayTimeStampSize', 'DisplayWindowRes', 'Enable', 'EnableTabletCapture', 'EnableTabletEncryption', 'EncryptionMode', 'EventMask', 'ExportSigFile', 'FaceName', 'Factor', 'FileName', 'FinalFactor', 'FitToWindow', 'ForeColor', 'Format', 'GetBadPointCounter', 'GetBitmapBufferBytes', 'GetEventEnableMask', 'GetImageScreenResolution', 'GetKey', 'GetKeyReceipt', 'GetKeyReceiptAscii', 'GetLCDSize', 'GetLCDStringSize', 'GetNumPointsForStroke', 'GetNumberOfAttachedTablets', 'GetNumberOfHotSpotPoints', 'GetNumberOfStrokes', 'GetOposPointArray', 'GetOposTotalPoints', 'GetPointPValue', 'GetPointTValue', 'GetPointXValue', 'GetPointYValue', 'GetSavePressureData', 'GetSaveTimeData', 'GetSerialNumberToUse', 'GetSigData', 'GetSigPlusVersionString', 'GetSigReceipt', 'GetSigReceiptAscii', 'GetTabletModelNumber', 'GetTabletPortPath', 'GetTabletSerialNumber', 'GetTrackGemField', 'GreyGain', 'GreyOffset', 'Height', 'HexString', 'HighlightPoint', 'HighlightStroke', 'HostMode', 'IPAddress', 'ImageAnnotate', 'ImageAnnotatePosX', 'ImageAnnotatePosY', 'ImageAnnotateSize', 'ImageFileFormat', 'ImageFileName', 'ImagePenWidth', 'ImageTimeStamp', 'ImageTimeStampPosX', 'ImageTimeStampPosY', 'ImageTimeStampSize', 'ImageXSize', 'ImageYSize', 'ImportSigFile', 'Index', 'InitSigPlus', 'Inside', 'Italic', 'JustifyMode', 'JustifyX', 'JustifyY', 'KeyCode', 'KeyData', 'KeyPadAddHotSpot', 'KeyPadClearHotSpotList', 'KeyPadEnableTapOnly', 'KeyPadQueryHotSpot', 'KeyString', 'LCDCaptureMode', 'LCDCompEnable', 'LCDCompFast', 'LCDCompMode', 'LCDCompSlow', 'LCDCreateImage', 'LCDPlayVideo', 'LCDRefresh', 'LCDSendCmdString', 'LCDSendCommandData', 'LCDSendImage', 'LCDSetFont', 'LCDSetTabletMap', 'LCDSetWindow', 'LCDStopVideo', 'LCDTiffAdd', 'LCDTiffStart', 'LCDTiffWrite', 'LCDType', 'LCDWriteBitmap', 'LCDWriteFile', 'LCDWriteString', 'LCDWriteStringToImage', 'LCDWriteWindowedBitmap', 'LCDXSize', 'LCDXStart', 'LCDXStop', 'LCDYSize', 'LCDYStart', 'LCDYStop', 'LCDZCompMode', 'LineScale', 'LoadTrackGemSig', 'LogEnable', 'LogFilePath', 'MapPoints', 'Message', 'Mode', 'NewPath', 'NewPixelDepth', 'NewPortPath', 'NewValue', 'NumberOfTabletPoints', 'Offset', 'OpaqueMode', 'Param', 'PitchAndFamily', 'PointArray', 'PointIdx', 'PointNumber', 'PortNumber', 'ReplayMode', 'RetryCount', 'ReturnCount', 'SaveSigInfo', 'SerialByte', 'SetAntiAliasEnable', 'SetAntiAliasParameters', 'SetBackground', 'SetBackgroundHandle', 'SetDisplayAnnotateData', 'SetDisplayTimeStampData', 'SetDynamicPressure', 'SetEnableColor', 'SetEventEnableMask', 'SetGreyScaleParams', 'SetIPAddress', 'SetImageAnnotateData', 'SetImageScreenResolution', 'SetImageTimeStampData', 'SetKey', 'SetLCDCompression', 'SetLCDCompressionParameters', 'SetLCDPixelDepth', 'SetLCDRetryCount', 'SetLCDTransferDelay', 'SetLCDTransferSize', 'SetLCDType', 'SetLocalIniFilePath', 'SetLogEnable', 'SetLogFilePath', 'SetMultiUsbEnable', 'SetPressureMap', 'SetPressureMapPoints', 'SetSavePressureData', 'SetSaveTimeData', 'SetSerialNumberToUse', 'SetSigData', 'SetSigSocketPort', 'SetSigWindow', 'SetSpecialCloseDelay', 'SetTabletEncryptionModes', 'SetTabletPortPath', 'SetTranslateBitmapEnable', 'SetUseSHA2Hash', 'SetWMFTempPath', 'SigCompressionMode', 'SigData', 'SigMessage', 'SigSetFont', 'SigString', 'Size', 'SpotSize', 'State', 'Str', 'StrokeIdx', 'StrokeNumber', 'TabletBaudRate', 'TabletClippingMode', 'TabletComPort', 'TabletComTest', 'TabletConnectQuery', 'TabletFilterPoints', 'TabletGraphic', 'TabletGraphicFile', 'TabletIndex', 'TabletInvisible', 'TabletLCDMode', 'TabletLogicalXSize', 'TabletLogicalYSize', 'TabletMode', 'TabletModelNumber', 'TabletResolution', 'TabletRotation', 'TabletSerialNumber', 'TabletState', 'TabletText', 'TabletTextFile', 'TabletTimer', 'TabletTimingAdvance', 'TabletType', 'TabletXStart', 'TabletXStop', 'TabletYStart', 'TabletYStop', 'TestFunction', 'TimeOut', 'TimeStamp', 'TransferDelay', 'TransferSize', 'Underline', 'Value', 'Velocity0', 'VelocityRange', 'VideoNumber', 'Weight', 'Width', 'WriteImageFile', 'X', 'XPos', 'XSize', 'Y', 'YPos', 'YSize', 'ZoomPower', 'ZoomX', 'ZoomY']
2026-09-08 13:13:30 DEBUG   [Thread-7 (worker)] it_asset_app: Topaz: arming the pad (hwnd=1578118)
2026-09-08 13:13:30 DEBUG   [Thread-7 (worker)] it_asset_app: Topaz: tablet state set to 1 via TabletState property
2026-09-08 13:13:30 INFO    [Thread-7 (worker)] it_asset_app: Topaz: pad armed OK
2026-09-08 13:13:32 INFO    [Thread-7 (worker)] it_asset_app: Topaz: NumberOfTabletPoints=<bound method NumberOfTabletPoints of <COMObject SigPlus.SigPlusCtrl.1>> after Accept
2026-09-08 13:13:32 ERROR   [Thread-7 (worker)] it_asset_app: Topaz: could not read captured signature
Traceback (most recent call last):
  File "C:\Users\srajaamu\OneDrive - UHG\Topaz_automation\WorkFlow_Topaz\app.py", line 2315, in worker
    if points < 1:
       ^^^^^^^^^^
TypeError: '<' not supported between instances of 'method' and 'int'
2026-09-08 13:13:32 DEBUG   [Thread-7 (worker)] it_asset_app: Topaz: tablet state set to 0 via TabletState property
2026-09-08 13:13:32 DEBUG   [Thread-7 (worker)] it_asset_app: Topaz: pad disarmed OK
2026-09-08 13:13:32 ERROR   [MainThread] it_asset_app: Topaz: capture failed: Could not read the captured signature ('<' not supported between instances of 'method' and 'int').
2026-09-08 13:13:32 WARNING [MainThread] it_asset_app: Topaz pad not available, falling back to on-screen signing: Could not read the captured signature ('<' not supported between instances of 'method' and 'int').
2026-09-08 14:32:15 INFO    [MainThread] it_asset_app: ======================================================================
2026-09-08 14:32:15 INFO    [MainThread] it_asset_app: App starting - log file: C:\Users\srajaamu\OneDrive - UHG\Topaz_automation\WorkFlow_Topaz\logs\app.log
2026-09-08 14:32:15 INFO    [MainThread] it_asset_app: Python: 3.14.7 | frozen: False
2026-09-08 14:32:15 INFO    [MainThread] it_asset_app: WizardApp: starting up. ad_lookup_mode='ssrs_report' use_topaz_pad=True bu_templates_folder='bu_templates'
2026-09-08 14:32:15 INFO    [MainThread] it_asset_app: WizardApp: GUI ready
2026-09-08 14:32:15 INFO    [Thread-1 (start)] it_asset_app: AD helper: launched new subprocess (pid=32896): ['C:\\Program Files\\Python314\\python.exe', 'C:\\Users\\srajaamu\\OneDrive - UHG\\Topaz_automation\\WorkFlow_Topaz\\app.py', '--webview-helper']
2026-09-08 14:32:16 INFO    [MainThread] it_asset_app: ======================================================================
2026-09-08 14:32:16 INFO    [MainThread] it_asset_app: App starting - log file: C:\Users\srajaamu\OneDrive - UHG\Topaz_automation\WorkFlow_Topaz\logs\app.log
2026-09-08 14:32:16 INFO    [MainThread] it_asset_app: Python: 3.14.7 | frozen: False
2026-09-08 14:32:16 INFO    [MainThread] it_asset_app: AD helper: subprocess started (pid=32896)
2026-09-08 14:32:46 INFO    [MainThread] it_asset_app: SignatureService.capture: use_topaz_pad=True, title='Employee: sign here'
2026-09-08 14:32:46 INFO    [MainThread] it_asset_app: Topaz: capture() starting
2026-09-08 14:32:46 DEBUG   [Thread-3 (worker)] it_asset_app: Topaz: ProgID 'TOPAZSIGPLUS.SigPlusCtrl.1' failed: (-2147221005, 'Invalid class string', None, None)
2026-09-08 14:32:46 INFO    [Thread-3 (worker)] it_asset_app: Topaz: connected via ProgID 'SigPlus.SigPlusCtrl.1'
2026-09-08 14:32:46 DEBUG   [Thread-3 (worker)] it_asset_app: Topaz: control exposes: ['AboutBox', 'AddSerialByte', 'Annotate', 'AsciiDataMode', 'AutoKeyAddData', 'AutoKeyData', 'AutoKeyFinish', 'AutoKeyStart', 'AutoTimeStamp', 'BackColor', 'BackgroundHandle', 'BitMapBufferByte', 'BitMapBufferClose', 'BitMapBufferSize', 'BitMapBufferWrite', 'BitmapHandle', 'Buffer', 'ByteIndex', 'ClearSigWindow', 'ClearTablet', 'CmdCount', 'CmdData', 'CmdString', 'CoordToUse', 'Coords', 'Data', 'Dest', 'DisableMessageBoxes', 'DisableTabletCapture', 'DisplayAnnotate', 'DisplayAnnotatePosX', 'DisplayAnnotatePosY', 'DisplayAnnotateSize', 'DisplayMode', 'DisplayPenWidth', 'DisplayRotate', 'DisplayRotateSave', 'DisplayTimeStamp', 'DisplayTimeStampPosX', 'DisplayTimeStampPosY', 'DisplayTimeStampSize', 'DisplayWindowRes', 'Enable', 'EnableTabletCapture', 'EnableTabletEncryption', 'EncryptionMode', 'EventMask', 'ExportSigFile', 'FaceName', 'Factor', 'FileName', 'FinalFactor', 'FitToWindow', 'ForeColor', 'Format', 'GetBadPointCounter', 'GetBitmapBufferBytes', 'GetEventEnableMask', 'GetImageScreenResolution', 'GetKey', 'GetKeyReceipt', 'GetKeyReceiptAscii', 'GetLCDSize', 'GetLCDStringSize', 'GetNumPointsForStroke', 'GetNumberOfAttachedTablets', 'GetNumberOfHotSpotPoints', 'GetNumberOfStrokes', 'GetOposPointArray', 'GetOposTotalPoints', 'GetPointPValue', 'GetPointTValue', 'GetPointXValue', 'GetPointYValue', 'GetSavePressureData', 'GetSaveTimeData', 'GetSerialNumberToUse', 'GetSigData', 'GetSigPlusVersionString', 'GetSigReceipt', 'GetSigReceiptAscii', 'GetTabletModelNumber', 'GetTabletPortPath', 'GetTabletSerialNumber', 'GetTrackGemField', 'GreyGain', 'GreyOffset', 'Height', 'HexString', 'HighlightPoint', 'HighlightStroke', 'HostMode', 'IPAddress', 'ImageAnnotate', 'ImageAnnotatePosX', 'ImageAnnotatePosY', 'ImageAnnotateSize', 'ImageFileFormat', 'ImageFileName', 'ImagePenWidth', 'ImageTimeStamp', 'ImageTimeStampPosX', 'ImageTimeStampPosY', 'ImageTimeStampSize', 'ImageXSize', 'ImageYSize', 'ImportSigFile', 'Index', 'InitSigPlus', 'Inside', 'Italic', 'JustifyMode', 'JustifyX', 'JustifyY', 'KeyCode', 'KeyData', 'KeyPadAddHotSpot', 'KeyPadClearHotSpotList', 'KeyPadEnableTapOnly', 'KeyPadQueryHotSpot', 'KeyString', 'LCDCaptureMode', 'LCDCompEnable', 'LCDCompFast', 'LCDCompMode', 'LCDCompSlow', 'LCDCreateImage', 'LCDPlayVideo', 'LCDRefresh', 'LCDSendCmdString', 'LCDSendCommandData', 'LCDSendImage', 'LCDSetFont', 'LCDSetTabletMap', 'LCDSetWindow', 'LCDStopVideo', 'LCDTiffAdd', 'LCDTiffStart', 'LCDTiffWrite', 'LCDType', 'LCDWriteBitmap', 'LCDWriteFile', 'LCDWriteString', 'LCDWriteStringToImage', 'LCDWriteWindowedBitmap', 'LCDXSize', 'LCDXStart', 'LCDXStop', 'LCDYSize', 'LCDYStart', 'LCDYStop', 'LCDZCompMode', 'LineScale', 'LoadTrackGemSig', 'LogEnable', 'LogFilePath', 'MapPoints', 'Message', 'Mode', 'NewPath', 'NewPixelDepth', 'NewPortPath', 'NewValue', 'NumberOfTabletPoints', 'Offset', 'OpaqueMode', 'Param', 'PitchAndFamily', 'PointArray', 'PointIdx', 'PointNumber', 'PortNumber', 'ReplayMode', 'RetryCount', 'ReturnCount', 'SaveSigInfo', 'SerialByte', 'SetAntiAliasEnable', 'SetAntiAliasParameters', 'SetBackground', 'SetBackgroundHandle', 'SetDisplayAnnotateData', 'SetDisplayTimeStampData', 'SetDynamicPressure', 'SetEnableColor', 'SetEventEnableMask', 'SetGreyScaleParams', 'SetIPAddress', 'SetImageAnnotateData', 'SetImageScreenResolution', 'SetImageTimeStampData', 'SetKey', 'SetLCDCompression', 'SetLCDCompressionParameters', 'SetLCDPixelDepth', 'SetLCDRetryCount', 'SetLCDTransferDelay', 'SetLCDTransferSize', 'SetLCDType', 'SetLocalIniFilePath', 'SetLogEnable', 'SetLogFilePath', 'SetMultiUsbEnable', 'SetPressureMap', 'SetPressureMapPoints', 'SetSavePressureData', 'SetSaveTimeData', 'SetSerialNumberToUse', 'SetSigData', 'SetSigSocketPort', 'SetSigWindow', 'SetSpecialCloseDelay', 'SetTabletEncryptionModes', 'SetTabletPortPath', 'SetTranslateBitmapEnable', 'SetUseSHA2Hash', 'SetWMFTempPath', 'SigCompressionMode', 'SigData', 'SigMessage', 'SigSetFont', 'SigString', 'Size', 'SpotSize', 'State', 'Str', 'StrokeIdx', 'StrokeNumber', 'TabletBaudRate', 'TabletClippingMode', 'TabletComPort', 'TabletComTest', 'TabletConnectQuery', 'TabletFilterPoints', 'TabletGraphic', 'TabletGraphicFile', 'TabletIndex', 'TabletInvisible', 'TabletLCDMode', 'TabletLogicalXSize', 'TabletLogicalYSize', 'TabletMode', 'TabletModelNumber', 'TabletResolution', 'TabletRotation', 'TabletSerialNumber', 'TabletState', 'TabletText', 'TabletTextFile', 'TabletTimer', 'TabletTimingAdvance', 'TabletType', 'TabletXStart', 'TabletXStop', 'TabletYStart', 'TabletYStop', 'TestFunction', 'TimeOut', 'TimeStamp', 'TransferDelay', 'TransferSize', 'Underline', 'Value', 'Velocity0', 'VelocityRange', 'VideoNumber', 'Weight', 'Width', 'WriteImageFile', 'X', 'XPos', 'XSize', 'Y', 'YPos', 'YSize', 'ZoomPower', 'ZoomX', 'ZoomY']
2026-09-08 14:32:46 DEBUG   [Thread-3 (worker)] it_asset_app: Topaz: arming the pad (hwnd=1709208)
2026-09-08 14:32:46 DEBUG   [Thread-3 (worker)] it_asset_app: Topaz: tablet state set to 1 via TabletState property
2026-09-08 14:32:46 INFO    [Thread-3 (worker)] it_asset_app: Topaz: pad armed OK
2026-09-08 14:33:00 INFO    [Thread-3 (worker)] it_asset_app: Topaz: NumberOfTabletPoints=300 after Accept
2026-09-08 14:33:00 DEBUG   [Thread-3 (worker)] it_asset_app: Topaz: SigImageB64 not available (SigPlus.SigPlusCtrl.1.SigImageB64)
2026-09-08 14:33:00 DEBUG   [Thread-3 (worker)] it_asset_app: Topaz: image property ImageFileName not settable (Property 'SigPlus.SigPlusCtrl.1.ImageFileName' can not be set.)
2026-09-08 14:33:00 DEBUG   [Thread-3 (worker)] it_asset_app: Topaz: WriteImageFile() failed ((-2147352561, 'Parameter not optional.', None, None))
2026-09-08 14:33:00 DEBUG   [Thread-3 (worker)] it_asset_app: Topaz: WriteImageFile property failed (Property 'SigPlus.SigPlusCtrl.1.WriteImageFile' can not be set.)
2026-09-08 14:33:00 DEBUG   [Thread-3 (worker)] it_asset_app: Topaz: tablet state set to 0 via TabletState property
2026-09-08 14:33:00 DEBUG   [Thread-3 (worker)] it_asset_app: Topaz: pad disarmed OK
2026-09-08 14:33:00 ERROR   [MainThread] it_asset_app: Topaz: capture failed: The pad captured a signature, but this SigPlus build offered no way to read the image back (no SigImageB64 property and no working WriteImageFile).
2026-09-08 14:33:00 WARNING [MainThread] it_asset_app: Topaz pad not available, falling back to on-screen signing: The pad captured a signature, but this SigPlus build offered no way to read the image back (no SigImageB64 property and no working WriteImageFile).
2026-09-08 14:33:25 INFO    [MainThread] it_asset_app: SignatureService.capture: on-screen canvas path returned None
2026-09-08 14:33:32 INFO    [Thread-4 (worker)] it_asset_app: AD helper: launched new subprocess (pid=2044): ['C:\\Program Files\\Python314\\python.exe', 'C:\\Users\\srajaamu\\OneDrive - UHG\\Topaz_automation\\WorkFlow_Topaz\\app.py', '--webview-helper']
2026-09-08 14:33:33 INFO    [MainThread] it_asset_app: ======================================================================
2026-09-08 14:33:33 INFO    [MainThread] it_asset_app: App starting - log file: C:\Users\srajaamu\OneDrive - UHG\Topaz_automation\WorkFlow_Topaz\logs\app.log
2026-09-08 14:33:33 INFO    [MainThread] it_asset_app: Python: 3.14.7 | frozen: False
2026-09-08 14:33:33 INFO    [MainThread] it_asset_app: AD helper: subprocess started (pid=2044)
2026-09-08 14:33:33 INFO    [Thread-1 (stdin_reader)] it_asset_app: AD helper: received lookup request_id='0ac22dabf5be49539807c9fb3e0f5bc6' emp_id='900290126'
2026-09-08 14:33:39 INFO    [Thread-1 (stdin_reader)] it_asset_app: AD lookup: starting search for emp_id='900290126' (header_keyword='EmployeeID', name_column='Employee Name')
2026-09-08 14:33:39 DEBUG   [Thread-1 (stdin_reader)] it_asset_app: AD lookup: filled search textbox OK
2026-09-08 14:33:40 DEBUG   [Thread-1 (stdin_reader)] it_asset_app: AD lookup: clicked 'View Report' button OK
2026-09-08 14:37:33 INFO    [MainThread] it_asset_app: WizardApp: closing (user closed the window)
2026-09-08 14:37:33 INFO    [MainThread] it_asset_app: WizardApp: closed
2026-09-08 14:37:58 INFO    [MainThread] it_asset_app: ======================================================================
2026-09-08 14:37:58 INFO    [MainThread] it_asset_app: App starting - log file: C:\Users\srajaamu\OneDrive - UHG\Topaz_automation\WorkFlow_Topaz\logs\app.log
2026-09-08 14:37:58 INFO    [MainThread] it_asset_app: Python: 3.14.7 | frozen: False
2026-09-08 14:37:58 INFO    [MainThread] it_asset_app: WizardApp: starting up. ad_lookup_mode='ssrs_report' use_topaz_pad=True bu_templates_folder='bu_templates'
2026-09-08 14:37:58 INFO    [MainThread] it_asset_app: WizardApp: GUI ready
2026-09-08 14:37:58 INFO    [Thread-1 (start)] it_asset_app: AD helper: launched new subprocess (pid=36732): ['C:\\Program Files\\Python314\\python.exe', 'C:\\Users\\srajaamu\\OneDrive - UHG\\Topaz_automation\\WorkFlow_Topaz\\app.py', '--webview-helper']
2026-09-08 14:37:59 INFO    [MainThread] it_asset_app: ======================================================================
2026-09-08 14:37:59 INFO    [MainThread] it_asset_app: App starting - log file: C:\Users\srajaamu\OneDrive - UHG\Topaz_automation\WorkFlow_Topaz\logs\app.log
2026-09-08 14:37:59 INFO    [MainThread] it_asset_app: Python: 3.14.7 | frozen: False
2026-09-08 14:37:59 INFO    [MainThread] it_asset_app: AD helper: subprocess started (pid=36732)
2026-09-08 14:38:22 INFO    [Thread-3 (worker)] it_asset_app: AD helper: launched new subprocess (pid=3868): ['C:\\Program Files\\Python314\\python.exe', 'C:\\Users\\srajaamu\\OneDrive - UHG\\Topaz_automation\\WorkFlow_Topaz\\app.py', '--webview-helper']
2026-09-08 14:38:23 INFO    [MainThread] it_asset_app: ======================================================================
2026-09-08 14:38:23 INFO    [MainThread] it_asset_app: App starting - log file: C:\Users\srajaamu\OneDrive - UHG\Topaz_automation\WorkFlow_Topaz\logs\app.log
2026-09-08 14:38:23 INFO    [MainThread] it_asset_app: Python: 3.14.7 | frozen: False
2026-09-08 14:38:23 INFO    [MainThread] it_asset_app: AD helper: subprocess started (pid=3868)
2026-09-08 14:38:23 INFO    [Thread-1 (stdin_reader)] it_asset_app: AD helper: received lookup request_id='cb32d77d8ded450c82d9615192b1444e' emp_id='900290126'
2026-09-08 14:38:29 INFO    [Thread-1 (stdin_reader)] it_asset_app: AD lookup: starting search for emp_id='900290126' (header_keyword='EmployeeID', name_column='Employee Name')
2026-09-08 14:38:29 DEBUG   [Thread-1 (stdin_reader)] it_asset_app: AD lookup: filled search textbox OK
2026-09-08 14:38:29 DEBUG   [Thread-1 (stdin_reader)] it_asset_app: AD lookup: clicked 'View Report' button OK
2026-09-08 14:38:55 ERROR   [Thread-1 (stdin_reader)] it_asset_app: AD lookup: TIMED OUT after 26.3s waiting for results table (header_keyword='EmployeeID') for emp_id='900290126'
2026-09-08 14:38:55 ERROR   [Thread-1 (stdin_reader)] it_asset_app: AD helper: lookup failed for request_id='cb32d77d8ded450c82d9615192b1444e' emp_id='900290126'
Traceback (most recent call last):
  File "C:\Users\srajaamu\OneDrive - UHG\Topaz_automation\WorkFlow_Topaz\app.py", line 1249, in stdin_reader
    candidates = perform_search(emp_id)
  File "C:\Users\srajaamu\OneDrive - UHG\Topaz_automation\WorkFlow_Topaz\app.py", line 1115, in perform_search
    return _perform_ssrs_search(
        window, emp_id, button_text, header_keyword, name_column, ready_timeout
    )
  File "C:\Users\srajaamu\OneDrive - UHG\Topaz_automation\WorkFlow_Topaz\app.py", line 997, in _perform_ssrs_search
    raise RuntimeError(
    ...<6 lines>...
    )
RuntimeError: Timed out waiting for the AD lookup report results to load (looked for a table with 'EmployeeID' in its header row, with at least one data row under it). Employee ID '900290126' may not exist, or the report is slow to render - try increasing ad_lookup_ssrs.results_ready_timeout_seconds in CONFIG.
2026-09-08 14:39:25 INFO    [MainThread] it_asset_app: SignatureService.capture: use_topaz_pad=True, title='Employee: sign here'
2026-09-08 14:39:25 INFO    [MainThread] it_asset_app: Topaz: capture() starting
2026-09-08 14:39:25 DEBUG   [Thread-5 (worker)] it_asset_app: Topaz: ProgID 'TOPAZSIGPLUS.SigPlusCtrl.1' failed: (-2147221005, 'Invalid class string', None, None)
2026-09-08 14:39:25 INFO    [Thread-5 (worker)] it_asset_app: Topaz: connected via ProgID 'SigPlus.SigPlusCtrl.1'
2026-09-08 14:39:25 DEBUG   [Thread-5 (worker)] it_asset_app: Topaz: control exposes: ['AboutBox', 'AddSerialByte', 'Annotate', 'AsciiDataMode', 'AutoKeyAddData', 'AutoKeyData', 'AutoKeyFinish', 'AutoKeyStart', 'AutoTimeStamp', 'BackColor', 'BackgroundHandle', 'BitMapBufferByte', 'BitMapBufferClose', 'BitMapBufferSize', 'BitMapBufferWrite', 'BitmapHandle', 'Buffer', 'ByteIndex', 'ClearSigWindow', 'ClearTablet', 'CmdCount', 'CmdData', 'CmdString', 'CoordToUse', 'Coords', 'Data', 'Dest', 'DisableMessageBoxes', 'DisableTabletCapture', 'DisplayAnnotate', 'DisplayAnnotatePosX', 'DisplayAnnotatePosY', 'DisplayAnnotateSize', 'DisplayMode', 'DisplayPenWidth', 'DisplayRotate', 'DisplayRotateSave', 'DisplayTimeStamp', 'DisplayTimeStampPosX', 'DisplayTimeStampPosY', 'DisplayTimeStampSize', 'DisplayWindowRes', 'Enable', 'EnableTabletCapture', 'EnableTabletEncryption', 'EncryptionMode', 'EventMask', 'ExportSigFile', 'FaceName', 'Factor', 'FileName', 'FinalFactor', 'FitToWindow', 'ForeColor', 'Format', 'GetBadPointCounter', 'GetBitmapBufferBytes', 'GetEventEnableMask', 'GetImageScreenResolution', 'GetKey', 'GetKeyReceipt', 'GetKeyReceiptAscii', 'GetLCDSize', 'GetLCDStringSize', 'GetNumPointsForStroke', 'GetNumberOfAttachedTablets', 'GetNumberOfHotSpotPoints', 'GetNumberOfStrokes', 'GetOposPointArray', 'GetOposTotalPoints', 'GetPointPValue', 'GetPointTValue', 'GetPointXValue', 'GetPointYValue', 'GetSavePressureData', 'GetSaveTimeData', 'GetSerialNumberToUse', 'GetSigData', 'GetSigPlusVersionString', 'GetSigReceipt', 'GetSigReceiptAscii', 'GetTabletModelNumber', 'GetTabletPortPath', 'GetTabletSerialNumber', 'GetTrackGemField', 'GreyGain', 'GreyOffset', 'Height', 'HexString', 'HighlightPoint', 'HighlightStroke', 'HostMode', 'IPAddress', 'ImageAnnotate', 'ImageAnnotatePosX', 'ImageAnnotatePosY', 'ImageAnnotateSize', 'ImageFileFormat', 'ImageFileName', 'ImagePenWidth', 'ImageTimeStamp', 'ImageTimeStampPosX', 'ImageTimeStampPosY', 'ImageTimeStampSize', 'ImageXSize', 'ImageYSize', 'ImportSigFile', 'Index', 'InitSigPlus', 'Inside', 'Italic', 'JustifyMode', 'JustifyX', 'JustifyY', 'KeyCode', 'KeyData', 'KeyPadAddHotSpot', 'KeyPadClearHotSpotList', 'KeyPadEnableTapOnly', 'KeyPadQueryHotSpot', 'KeyString', 'LCDCaptureMode', 'LCDCompEnable', 'LCDCompFast', 'LCDCompMode', 'LCDCompSlow', 'LCDCreateImage', 'LCDPlayVideo', 'LCDRefresh', 'LCDSendCmdString', 'LCDSendCommandData', 'LCDSendImage', 'LCDSetFont', 'LCDSetTabletMap', 'LCDSetWindow', 'LCDStopVideo', 'LCDTiffAdd', 'LCDTiffStart', 'LCDTiffWrite', 'LCDType', 'LCDWriteBitmap', 'LCDWriteFile', 'LCDWriteString', 'LCDWriteStringToImage', 'LCDWriteWindowedBitmap', 'LCDXSize', 'LCDXStart', 'LCDXStop', 'LCDYSize', 'LCDYStart', 'LCDYStop', 'LCDZCompMode', 'LineScale', 'LoadTrackGemSig', 'LogEnable', 'LogFilePath', 'MapPoints', 'Message', 'Mode', 'NewPath', 'NewPixelDepth', 'NewPortPath', 'NewValue', 'NumberOfTabletPoints', 'Offset', 'OpaqueMode', 'Param', 'PitchAndFamily', 'PointArray', 'PointIdx', 'PointNumber', 'PortNumber', 'ReplayMode', 'RetryCount', 'ReturnCount', 'SaveSigInfo', 'SerialByte', 'SetAntiAliasEnable', 'SetAntiAliasParameters', 'SetBackground', 'SetBackgroundHandle', 'SetDisplayAnnotateData', 'SetDisplayTimeStampData', 'SetDynamicPressure', 'SetEnableColor', 'SetEventEnableMask', 'SetGreyScaleParams', 'SetIPAddress', 'SetImageAnnotateData', 'SetImageScreenResolution', 'SetImageTimeStampData', 'SetKey', 'SetLCDCompression', 'SetLCDCompressionParameters', 'SetLCDPixelDepth', 'SetLCDRetryCount', 'SetLCDTransferDelay', 'SetLCDTransferSize', 'SetLCDType', 'SetLocalIniFilePath', 'SetLogEnable', 'SetLogFilePath', 'SetMultiUsbEnable', 'SetPressureMap', 'SetPressureMapPoints', 'SetSavePressureData', 'SetSaveTimeData', 'SetSerialNumberToUse', 'SetSigData', 'SetSigSocketPort', 'SetSigWindow', 'SetSpecialCloseDelay', 'SetTabletEncryptionModes', 'SetTabletPortPath', 'SetTranslateBitmapEnable', 'SetUseSHA2Hash', 'SetWMFTempPath', 'SigCompressionMode', 'SigData', 'SigMessage', 'SigSetFont', 'SigString', 'Size', 'SpotSize', 'State', 'Str', 'StrokeIdx', 'StrokeNumber', 'TabletBaudRate', 'TabletClippingMode', 'TabletComPort', 'TabletComTest', 'TabletConnectQuery', 'TabletFilterPoints', 'TabletGraphic', 'TabletGraphicFile', 'TabletIndex', 'TabletInvisible', 'TabletLCDMode', 'TabletLogicalXSize', 'TabletLogicalYSize', 'TabletMode', 'TabletModelNumber', 'TabletResolution', 'TabletRotation', 'TabletSerialNumber', 'TabletState', 'TabletText', 'TabletTextFile', 'TabletTimer', 'TabletTimingAdvance', 'TabletType', 'TabletXStart', 'TabletXStop', 'TabletYStart', 'TabletYStop', 'TestFunction', 'TimeOut', 'TimeStamp', 'TransferDelay', 'TransferSize', 'Underline', 'Value', 'Velocity0', 'VelocityRange', 'VideoNumber', 'Weight', 'Width', 'WriteImageFile', 'X', 'XPos', 'XSize', 'Y', 'YPos', 'YSize', 'ZoomPower', 'ZoomX', 'ZoomY']
2026-09-08 14:39:25 DEBUG   [Thread-5 (worker)] it_asset_app: Topaz: arming the pad (hwnd=988188)
2026-09-08 14:39:25 DEBUG   [Thread-5 (worker)] it_asset_app: Topaz: tablet state set to 1 via TabletState property
2026-09-08 14:39:25 INFO    [Thread-5 (worker)] it_asset_app: Topaz: pad armed OK
2026-09-08 14:39:31 INFO    [Thread-5 (worker)] it_asset_app: Topaz: NumberOfTabletPoints=0 after Accept
2026-09-08 14:39:31 DEBUG   [Thread-5 (worker)] it_asset_app: Topaz: tablet state set to 0 via TabletState property
2026-09-08 14:39:31 DEBUG   [Thread-5 (worker)] it_asset_app: Topaz: pad disarmed OK
2026-09-08 14:39:31 ERROR   [MainThread] it_asset_app: Topaz: capture failed: No signature was captured on the pad.
2026-09-08 14:39:31 WARNING [MainThread] it_asset_app: Topaz pad not available, falling back to on-screen signing: No signature was captured on the pad.
2026-09-08 14:39:44 INFO    [MainThread] it_asset_app: SignatureService.capture: on-screen canvas path returned None
2026-09-08 15:00:19 INFO    [MainThread] it_asset_app: SignatureService.capture: use_topaz_pad=True, title='Employee: sign here'
2026-09-08 15:00:19 INFO    [MainThread] it_asset_app: Topaz: capture() starting
2026-09-08 15:00:19 DEBUG   [Thread-6 (worker)] it_asset_app: Topaz: ProgID 'TOPAZSIGPLUS.SigPlusCtrl.1' failed: (-2147221005, 'Invalid class string', None, None)
2026-09-08 15:00:19 INFO    [Thread-6 (worker)] it_asset_app: Topaz: connected via ProgID 'SigPlus.SigPlusCtrl.1'
2026-09-08 15:00:19 DEBUG   [Thread-6 (worker)] it_asset_app: Topaz: control exposes: ['AboutBox', 'AddSerialByte', 'Annotate', 'AsciiDataMode', 'AutoKeyAddData', 'AutoKeyData', 'AutoKeyFinish', 'AutoKeyStart', 'AutoTimeStamp', 'BackColor', 'BackgroundHandle', 'BitMapBufferByte', 'BitMapBufferClose', 'BitMapBufferSize', 'BitMapBufferWrite', 'BitmapHandle', 'Buffer', 'ByteIndex', 'ClearSigWindow', 'ClearTablet', 'CmdCount', 'CmdData', 'CmdString', 'CoordToUse', 'Coords', 'Data', 'Dest', 'DisableMessageBoxes', 'DisableTabletCapture', 'DisplayAnnotate', 'DisplayAnnotatePosX', 'DisplayAnnotatePosY', 'DisplayAnnotateSize', 'DisplayMode', 'DisplayPenWidth', 'DisplayRotate', 'DisplayRotateSave', 'DisplayTimeStamp', 'DisplayTimeStampPosX', 'DisplayTimeStampPosY', 'DisplayTimeStampSize', 'DisplayWindowRes', 'Enable', 'EnableTabletCapture', 'EnableTabletEncryption', 'EncryptionMode', 'EventMask', 'ExportSigFile', 'FaceName', 'Factor', 'FileName', 'FinalFactor', 'FitToWindow', 'ForeColor', 'Format', 'GetBadPointCounter', 'GetBitmapBufferBytes', 'GetEventEnableMask', 'GetImageScreenResolution', 'GetKey', 'GetKeyReceipt', 'GetKeyReceiptAscii', 'GetLCDSize', 'GetLCDStringSize', 'GetNumPointsForStroke', 'GetNumberOfAttachedTablets', 'GetNumberOfHotSpotPoints', 'GetNumberOfStrokes', 'GetOposPointArray', 'GetOposTotalPoints', 'GetPointPValue', 'GetPointTValue', 'GetPointXValue', 'GetPointYValue', 'GetSavePressureData', 'GetSaveTimeData', 'GetSerialNumberToUse', 'GetSigData', 'GetSigPlusVersionString', 'GetSigReceipt', 'GetSigReceiptAscii', 'GetTabletModelNumber', 'GetTabletPortPath', 'GetTabletSerialNumber', 'GetTrackGemField', 'GreyGain', 'GreyOffset', 'Height', 'HexString', 'HighlightPoint', 'HighlightStroke', 'HostMode', 'IPAddress', 'ImageAnnotate', 'ImageAnnotatePosX', 'ImageAnnotatePosY', 'ImageAnnotateSize', 'ImageFileFormat', 'ImageFileName', 'ImagePenWidth', 'ImageTimeStamp', 'ImageTimeStampPosX', 'ImageTimeStampPosY', 'ImageTimeStampSize', 'ImageXSize', 'ImageYSize', 'ImportSigFile', 'Index', 'InitSigPlus', 'Inside', 'Italic', 'JustifyMode', 'JustifyX', 'JustifyY', 'KeyCode', 'KeyData', 'KeyPadAddHotSpot', 'KeyPadClearHotSpotList', 'KeyPadEnableTapOnly', 'KeyPadQueryHotSpot', 'KeyString', 'LCDCaptureMode', 'LCDCompEnable', 'LCDCompFast', 'LCDCompMode', 'LCDCompSlow', 'LCDCreateImage', 'LCDPlayVideo', 'LCDRefresh', 'LCDSendCmdString', 'LCDSendCommandData', 'LCDSendImage', 'LCDSetFont', 'LCDSetTabletMap', 'LCDSetWindow', 'LCDStopVideo', 'LCDTiffAdd', 'LCDTiffStart', 'LCDTiffWrite', 'LCDType', 'LCDWriteBitmap', 'LCDWriteFile', 'LCDWriteString', 'LCDWriteStringToImage', 'LCDWriteWindowedBitmap', 'LCDXSize', 'LCDXStart', 'LCDXStop', 'LCDYSize', 'LCDYStart', 'LCDYStop', 'LCDZCompMode', 'LineScale', 'LoadTrackGemSig', 'LogEnable', 'LogFilePath', 'MapPoints', 'Message', 'Mode', 'NewPath', 'NewPixelDepth', 'NewPortPath', 'NewValue', 'NumberOfTabletPoints', 'Offset', 'OpaqueMode', 'Param', 'PitchAndFamily', 'PointArray', 'PointIdx', 'PointNumber', 'PortNumber', 'ReplayMode', 'RetryCount', 'ReturnCount', 'SaveSigInfo', 'SerialByte', 'SetAntiAliasEnable', 'SetAntiAliasParameters', 'SetBackground', 'SetBackgroundHandle', 'SetDisplayAnnotateData', 'SetDisplayTimeStampData', 'SetDynamicPressure', 'SetEnableColor', 'SetEventEnableMask', 'SetGreyScaleParams', 'SetIPAddress', 'SetImageAnnotateData', 'SetImageScreenResolution', 'SetImageTimeStampData', 'SetKey', 'SetLCDCompression', 'SetLCDCompressionParameters', 'SetLCDPixelDepth', 'SetLCDRetryCount', 'SetLCDTransferDelay', 'SetLCDTransferSize', 'SetLCDType', 'SetLocalIniFilePath', 'SetLogEnable', 'SetLogFilePath', 'SetMultiUsbEnable', 'SetPressureMap', 'SetPressureMapPoints', 'SetSavePressureData', 'SetSaveTimeData', 'SetSerialNumberToUse', 'SetSigData', 'SetSigSocketPort', 'SetSigWindow', 'SetSpecialCloseDelay', 'SetTabletEncryptionModes', 'SetTabletPortPath', 'SetTranslateBitmapEnable', 'SetUseSHA2Hash', 'SetWMFTempPath', 'SigCompressionMode', 'SigData', 'SigMessage', 'SigSetFont', 'SigString', 'Size', 'SpotSize', 'State', 'Str', 'StrokeIdx', 'StrokeNumber', 'TabletBaudRate', 'TabletClippingMode', 'TabletComPort', 'TabletComTest', 'TabletConnectQuery', 'TabletFilterPoints', 'TabletGraphic', 'TabletGraphicFile', 'TabletIndex', 'TabletInvisible', 'TabletLCDMode', 'TabletLogicalXSize', 'TabletLogicalYSize', 'TabletMode', 'TabletModelNumber', 'TabletResolution', 'TabletRotation', 'TabletSerialNumber', 'TabletState', 'TabletText', 'TabletTextFile', 'TabletTimer', 'TabletTimingAdvance', 'TabletType', 'TabletXStart', 'TabletXStop', 'TabletYStart', 'TabletYStop', 'TestFunction', 'TimeOut', 'TimeStamp', 'TransferDelay', 'TransferSize', 'Underline', 'Value', 'Velocity0', 'VelocityRange', 'VideoNumber', 'Weight', 'Width', 'WriteImageFile', 'X', 'XPos', 'XSize', 'Y', 'YPos', 'YSize', 'ZoomPower', 'ZoomX', 'ZoomY']
2026-09-08 15:00:19 DEBUG   [Thread-6 (worker)] it_asset_app: Topaz: arming the pad (hwnd=988188)
2026-09-08 15:00:19 DEBUG   [Thread-6 (worker)] it_asset_app: Topaz: tablet state set to 1 via TabletState property
2026-09-08 15:00:19 INFO    [Thread-6 (worker)] it_asset_app: Topaz: pad armed OK
2026-09-08 16:01:58 INFO    [Thread-6 (worker)] it_asset_app: Topaz: NumberOfTabletPoints=0 after Accept
2026-09-08 16:01:58 DEBUG   [Thread-6 (worker)] it_asset_app: Topaz: tablet state set to 0 via TabletState property
2026-09-08 16:01:58 DEBUG   [Thread-6 (worker)] it_asset_app: Topaz: pad disarmed OK
2026-09-08 16:01:58 ERROR   [MainThread] it_asset_app: Topaz: capture failed: No signature was captured on the pad.
2026-09-08 16:01:58 WARNING [MainThread] it_asset_app: Topaz pad not available, falling back to on-screen signing: No signature was captured on the pad.
2026-09-08 16:02:01 INFO    [MainThread] it_asset_app: SignatureService.capture: on-screen canvas path returned None
2026-09-08 16:02:02 INFO    [MainThread] it_asset_app: WizardApp: closing (user closed the window)
2026-09-08 16:02:02 INFO    [MainThread] it_asset_app: WizardApp: closed
2026-09-08 16:02:08 INFO    [MainThread] it_asset_app: ======================================================================
2026-09-08 16:02:08 INFO    [MainThread] it_asset_app: App starting - log file: C:\Users\srajaamu\OneDrive - UHG\Topaz_automation\WorkFlow_Topaz\logs\app.log
2026-09-08 16:02:08 INFO    [MainThread] it_asset_app: Python: 3.14.7 | frozen: False
2026-09-08 16:02:08 INFO    [MainThread] it_asset_app: WizardApp: starting up. ad_lookup_mode='ssrs_report' use_topaz_pad=True bu_templates_folder='bu_templates'
2026-09-08 16:02:08 INFO    [MainThread] it_asset_app: WizardApp: GUI ready
2026-09-08 16:02:08 INFO    [Thread-1 (start)] it_asset_app: AD helper: launched new subprocess (pid=26516): ['C:\\Program Files\\Python314\\python.exe', 'C:\\Users\\srajaamu\\OneDrive - UHG\\Topaz_automation\\WorkFlow_Topaz\\app.py', '--webview-helper']
2026-09-08 16:02:09 INFO    [MainThread] it_asset_app: ======================================================================
2026-09-08 16:02:09 INFO    [MainThread] it_asset_app: App starting - log file: C:\Users\srajaamu\OneDrive - UHG\Topaz_automation\WorkFlow_Topaz\logs\app.log
2026-09-08 16:02:09 INFO    [MainThread] it_asset_app: Python: 3.14.7 | frozen: False
2026-09-08 16:02:09 INFO    [MainThread] it_asset_app: AD helper: subprocess started (pid=26516)
2026-09-08 16:03:48 INFO    [MainThread] it_asset_app: SignatureService.capture: use_topaz_pad=True, title='Employee: sign here'
2026-09-08 16:03:48 INFO    [MainThread] it_asset_app: Topaz: capture() starting
2026-09-08 16:03:48 DEBUG   [Thread-3 (worker)] it_asset_app: Topaz: ProgID 'TOPAZSIGPLUS.SigPlusCtrl.1' failed: (-2147221005, 'Invalid class string', None, None)
2026-09-08 16:03:48 INFO    [Thread-3 (worker)] it_asset_app: Topaz: connected via ProgID 'SigPlus.SigPlusCtrl.1'
2026-09-08 16:03:48 DEBUG   [Thread-3 (worker)] it_asset_app: Topaz: control exposes: ['AboutBox', 'AddSerialByte', 'Annotate', 'AsciiDataMode', 'AutoKeyAddData', 'AutoKeyData', 'AutoKeyFinish', 'AutoKeyStart', 'AutoTimeStamp', 'BackColor', 'BackgroundHandle', 'BitMapBufferByte', 'BitMapBufferClose', 'BitMapBufferSize', 'BitMapBufferWrite', 'BitmapHandle', 'Buffer', 'ByteIndex', 'ClearSigWindow', 'ClearTablet', 'CmdCount', 'CmdData', 'CmdString', 'CoordToUse', 'Coords', 'Data', 'Dest', 'DisableMessageBoxes', 'DisableTabletCapture', 'DisplayAnnotate', 'DisplayAnnotatePosX', 'DisplayAnnotatePosY', 'DisplayAnnotateSize', 'DisplayMode', 'DisplayPenWidth', 'DisplayRotate', 'DisplayRotateSave', 'DisplayTimeStamp', 'DisplayTimeStampPosX', 'DisplayTimeStampPosY', 'DisplayTimeStampSize', 'DisplayWindowRes', 'Enable', 'EnableTabletCapture', 'EnableTabletEncryption', 'EncryptionMode', 'EventMask', 'ExportSigFile', 'FaceName', 'Factor', 'FileName', 'FinalFactor', 'FitToWindow', 'ForeColor', 'Format', 'GetBadPointCounter', 'GetBitmapBufferBytes', 'GetEventEnableMask', 'GetImageScreenResolution', 'GetKey', 'GetKeyReceipt', 'GetKeyReceiptAscii', 'GetLCDSize', 'GetLCDStringSize', 'GetNumPointsForStroke', 'GetNumberOfAttachedTablets', 'GetNumberOfHotSpotPoints', 'GetNumberOfStrokes', 'GetOposPointArray', 'GetOposTotalPoints', 'GetPointPValue', 'GetPointTValue', 'GetPointXValue', 'GetPointYValue', 'GetSavePressureData', 'GetSaveTimeData', 'GetSerialNumberToUse', 'GetSigData', 'GetSigPlusVersionString', 'GetSigReceipt', 'GetSigReceiptAscii', 'GetTabletModelNumber', 'GetTabletPortPath', 'GetTabletSerialNumber', 'GetTrackGemField', 'GreyGain', 'GreyOffset', 'Height', 'HexString', 'HighlightPoint', 'HighlightStroke', 'HostMode', 'IPAddress', 'ImageAnnotate', 'ImageAnnotatePosX', 'ImageAnnotatePosY', 'ImageAnnotateSize', 'ImageFileFormat', 'ImageFileName', 'ImagePenWidth', 'ImageTimeStamp', 'ImageTimeStampPosX', 'ImageTimeStampPosY', 'ImageTimeStampSize', 'ImageXSize', 'ImageYSize', 'ImportSigFile', 'Index', 'InitSigPlus', 'Inside', 'Italic', 'JustifyMode', 'JustifyX', 'JustifyY', 'KeyCode', 'KeyData', 'KeyPadAddHotSpot', 'KeyPadClearHotSpotList', 'KeyPadEnableTapOnly', 'KeyPadQueryHotSpot', 'KeyString', 'LCDCaptureMode', 'LCDCompEnable', 'LCDCompFast', 'LCDCompMode', 'LCDCompSlow', 'LCDCreateImage', 'LCDPlayVideo', 'LCDRefresh', 'LCDSendCmdString', 'LCDSendCommandData', 'LCDSendImage', 'LCDSetFont', 'LCDSetTabletMap', 'LCDSetWindow', 'LCDStopVideo', 'LCDTiffAdd', 'LCDTiffStart', 'LCDTiffWrite', 'LCDType', 'LCDWriteBitmap', 'LCDWriteFile', 'LCDWriteString', 'LCDWriteStringToImage', 'LCDWriteWindowedBitmap', 'LCDXSize', 'LCDXStart', 'LCDXStop', 'LCDYSize', 'LCDYStart', 'LCDYStop', 'LCDZCompMode', 'LineScale', 'LoadTrackGemSig', 'LogEnable', 'LogFilePath', 'MapPoints', 'Message', 'Mode', 'NewPath', 'NewPixelDepth', 'NewPortPath', 'NewValue', 'NumberOfTabletPoints', 'Offset', 'OpaqueMode', 'Param', 'PitchAndFamily', 'PointArray', 'PointIdx', 'PointNumber', 'PortNumber', 'ReplayMode', 'RetryCount', 'ReturnCount', 'SaveSigInfo', 'SerialByte', 'SetAntiAliasEnable', 'SetAntiAliasParameters', 'SetBackground', 'SetBackgroundHandle', 'SetDisplayAnnotateData', 'SetDisplayTimeStampData', 'SetDynamicPressure', 'SetEnableColor', 'SetEventEnableMask', 'SetGreyScaleParams', 'SetIPAddress', 'SetImageAnnotateData', 'SetImageScreenResolution', 'SetImageTimeStampData', 'SetKey', 'SetLCDCompression', 'SetLCDCompressionParameters', 'SetLCDPixelDepth', 'SetLCDRetryCount', 'SetLCDTransferDelay', 'SetLCDTransferSize', 'SetLCDType', 'SetLocalIniFilePath', 'SetLogEnable', 'SetLogFilePath', 'SetMultiUsbEnable', 'SetPressureMap', 'SetPressureMapPoints', 'SetSavePressureData', 'SetSaveTimeData', 'SetSerialNumberToUse', 'SetSigData', 'SetSigSocketPort', 'SetSigWindow', 'SetSpecialCloseDelay', 'SetTabletEncryptionModes', 'SetTabletPortPath', 'SetTranslateBitmapEnable', 'SetUseSHA2Hash', 'SetWMFTempPath', 'SigCompressionMode', 'SigData', 'SigMessage', 'SigSetFont', 'SigString', 'Size', 'SpotSize', 'State', 'Str', 'StrokeIdx', 'StrokeNumber', 'TabletBaudRate', 'TabletClippingMode', 'TabletComPort', 'TabletComTest', 'TabletConnectQuery', 'TabletFilterPoints', 'TabletGraphic', 'TabletGraphicFile', 'TabletIndex', 'TabletInvisible', 'TabletLCDMode', 'TabletLogicalXSize', 'TabletLogicalYSize', 'TabletMode', 'TabletModelNumber', 'TabletResolution', 'TabletRotation', 'TabletSerialNumber', 'TabletState', 'TabletText', 'TabletTextFile', 'TabletTimer', 'TabletTimingAdvance', 'TabletType', 'TabletXStart', 'TabletXStop', 'TabletYStart', 'TabletYStop', 'TestFunction', 'TimeOut', 'TimeStamp', 'TransferDelay', 'TransferSize', 'Underline', 'Value', 'Velocity0', 'VelocityRange', 'VideoNumber', 'Weight', 'Width', 'WriteImageFile', 'X', 'XPos', 'XSize', 'Y', 'YPos', 'YSize', 'ZoomPower', 'ZoomX', 'ZoomY']
2026-09-08 16:03:48 DEBUG   [Thread-3 (worker)] it_asset_app: Topaz: arming the pad (hwnd=791886)
2026-09-08 16:03:48 DEBUG   [Thread-3 (worker)] it_asset_app: Topaz: tablet state set to 1 via TabletState property
2026-09-08 16:03:48 INFO    [Thread-3 (worker)] it_asset_app: Topaz: pad armed OK
2026-09-08 16:03:55 INFO    [Thread-3 (worker)] it_asset_app: Topaz: NumberOfTabletPoints=377 after Accept
2026-09-08 16:03:55 DEBUG   [Thread-3 (worker)] it_asset_app: Topaz: SigImageB64 not available (SigPlus.SigPlusCtrl.1.SigImageB64)
2026-09-08 16:03:55 DEBUG   [Thread-3 (worker)] it_asset_app: Topaz: image property ImageFileName not settable (Property 'SigPlus.SigPlusCtrl.1.ImageFileName' can not be set.)
2026-09-08 16:03:55 INFO    [Thread-3 (worker)] it_asset_app: Topaz: WriteImageFile(path, fmt, x, y, pen) failed (WriteImageFile() takes from 1 to 2 positional arguments but 6 were given)
2026-09-08 16:03:55 INFO    [Thread-3 (worker)] it_asset_app: Topaz: WriteImageFile(path, fmt) failed (WriteImageFile() takes from 1 to 2 positional arguments but 3 were given)
2026-09-08 16:03:55 INFO    [Thread-3 (worker)] it_asset_app: Topaz: wrote signature bitmap via WriteImageFile(path)
2026-09-08 16:03:55 DEBUG   [Thread-3 (worker)] it_asset_app: Topaz: tablet state set to 0 via TabletState property
2026-09-08 16:03:55 DEBUG   [Thread-3 (worker)] it_asset_app: Topaz: pad disarmed OK
2026-09-08 16:03:55 INFO    [MainThread] it_asset_app: Topaz: capture SUCCESS, saved to C:\Users\srajaamu\AppData\Local\Temp\sig_topaz_440b112f2dad4f8aa1d54549ff9f2fcd.png
2026-09-08 16:03:55 INFO    [MainThread] it_asset_app: SignatureService.capture: Topaz path returned 'C:\\Users\\srajaamu\\AppData\\Local\\Temp\\sig_topaz_440b112f2dad4f8aa1d54549ff9f2fcd.png'
2026-09-08 16:03:59 INFO    [MainThread] it_asset_app: SignatureService.capture: use_topaz_pad=True, title='Asset Receiver: sign here'
2026-09-08 16:03:59 INFO    [MainThread] it_asset_app: Topaz: capture() starting
2026-09-08 16:03:59 DEBUG   [Thread-4 (worker)] it_asset_app: Topaz: ProgID 'TOPAZSIGPLUS.SigPlusCtrl.1' failed: (-2147221005, 'Invalid class string', None, None)
2026-09-08 16:04:00 INFO    [Thread-4 (worker)] it_asset_app: Topaz: connected via ProgID 'SigPlus.SigPlusCtrl.1'
2026-09-08 16:04:00 DEBUG   [Thread-4 (worker)] it_asset_app: Topaz: control exposes: ['AboutBox', 'AddSerialByte', 'Annotate', 'AsciiDataMode', 'AutoKeyAddData', 'AutoKeyData', 'AutoKeyFinish', 'AutoKeyStart', 'AutoTimeStamp', 'BackColor', 'BackgroundHandle', 'BitMapBufferByte', 'BitMapBufferClose', 'BitMapBufferSize', 'BitMapBufferWrite', 'BitmapHandle', 'Buffer', 'ByteIndex', 'ClearSigWindow', 'ClearTablet', 'CmdCount', 'CmdData', 'CmdString', 'CoordToUse', 'Coords', 'Data', 'Dest', 'DisableMessageBoxes', 'DisableTabletCapture', 'DisplayAnnotate', 'DisplayAnnotatePosX', 'DisplayAnnotatePosY', 'DisplayAnnotateSize', 'DisplayMode', 'DisplayPenWidth', 'DisplayRotate', 'DisplayRotateSave', 'DisplayTimeStamp', 'DisplayTimeStampPosX', 'DisplayTimeStampPosY', 'DisplayTimeStampSize', 'DisplayWindowRes', 'Enable', 'EnableTabletCapture', 'EnableTabletEncryption', 'EncryptionMode', 'EventMask', 'ExportSigFile', 'FaceName', 'Factor', 'FileName', 'FinalFactor', 'FitToWindow', 'ForeColor', 'Format', 'GetBadPointCounter', 'GetBitmapBufferBytes', 'GetEventEnableMask', 'GetImageScreenResolution', 'GetKey', 'GetKeyReceipt', 'GetKeyReceiptAscii', 'GetLCDSize', 'GetLCDStringSize', 'GetNumPointsForStroke', 'GetNumberOfAttachedTablets', 'GetNumberOfHotSpotPoints', 'GetNumberOfStrokes', 'GetOposPointArray', 'GetOposTotalPoints', 'GetPointPValue', 'GetPointTValue', 'GetPointXValue', 'GetPointYValue', 'GetSavePressureData', 'GetSaveTimeData', 'GetSerialNumberToUse', 'GetSigData', 'GetSigPlusVersionString', 'GetSigReceipt', 'GetSigReceiptAscii', 'GetTabletModelNumber', 'GetTabletPortPath', 'GetTabletSerialNumber', 'GetTrackGemField', 'GreyGain', 'GreyOffset', 'Height', 'HexString', 'HighlightPoint', 'HighlightStroke', 'HostMode', 'IPAddress', 'ImageAnnotate', 'ImageAnnotatePosX', 'ImageAnnotatePosY', 'ImageAnnotateSize', 'ImageFileFormat', 'ImageFileName', 'ImagePenWidth', 'ImageTimeStamp', 'ImageTimeStampPosX', 'ImageTimeStampPosY', 'ImageTimeStampSize', 'ImageXSize', 'ImageYSize', 'ImportSigFile', 'Index', 'InitSigPlus', 'Inside', 'Italic', 'JustifyMode', 'JustifyX', 'JustifyY', 'KeyCode', 'KeyData', 'KeyPadAddHotSpot', 'KeyPadClearHotSpotList', 'KeyPadEnableTapOnly', 'KeyPadQueryHotSpot', 'KeyString', 'LCDCaptureMode', 'LCDCompEnable', 'LCDCompFast', 'LCDCompMode', 'LCDCompSlow', 'LCDCreateImage', 'LCDPlayVideo', 'LCDRefresh', 'LCDSendCmdString', 'LCDSendCommandData', 'LCDSendImage', 'LCDSetFont', 'LCDSetTabletMap', 'LCDSetWindow', 'LCDStopVideo', 'LCDTiffAdd', 'LCDTiffStart', 'LCDTiffWrite', 'LCDType', 'LCDWriteBitmap', 'LCDWriteFile', 'LCDWriteString', 'LCDWriteStringToImage', 'LCDWriteWindowedBitmap', 'LCDXSize', 'LCDXStart', 'LCDXStop', 'LCDYSize', 'LCDYStart', 'LCDYStop', 'LCDZCompMode', 'LineScale', 'LoadTrackGemSig', 'LogEnable', 'LogFilePath', 'MapPoints', 'Message', 'Mode', 'NewPath', 'NewPixelDepth', 'NewPortPath', 'NewValue', 'NumberOfTabletPoints', 'Offset', 'OpaqueMode', 'Param', 'PitchAndFamily', 'PointArray', 'PointIdx', 'PointNumber', 'PortNumber', 'ReplayMode', 'RetryCount', 'ReturnCount', 'SaveSigInfo', 'SerialByte', 'SetAntiAliasEnable', 'SetAntiAliasParameters', 'SetBackground', 'SetBackgroundHandle', 'SetDisplayAnnotateData', 'SetDisplayTimeStampData', 'SetDynamicPressure', 'SetEnableColor', 'SetEventEnableMask', 'SetGreyScaleParams', 'SetIPAddress', 'SetImageAnnotateData', 'SetImageScreenResolution', 'SetImageTimeStampData', 'SetKey', 'SetLCDCompression', 'SetLCDCompressionParameters', 'SetLCDPixelDepth', 'SetLCDRetryCount', 'SetLCDTransferDelay', 'SetLCDTransferSize', 'SetLCDType', 'SetLocalIniFilePath', 'SetLogEnable', 'SetLogFilePath', 'SetMultiUsbEnable', 'SetPressureMap', 'SetPressureMapPoints', 'SetSavePressureData', 'SetSaveTimeData', 'SetSerialNumberToUse', 'SetSigData', 'SetSigSocketPort', 'SetSigWindow', 'SetSpecialCloseDelay', 'SetTabletEncryptionModes', 'SetTabletPortPath', 'SetTranslateBitmapEnable', 'SetUseSHA2Hash', 'SetWMFTempPath', 'SigCompressionMode', 'SigData', 'SigMessage', 'SigSetFont', 'SigString', 'Size', 'SpotSize', 'State', 'Str', 'StrokeIdx', 'StrokeNumber', 'TabletBaudRate', 'TabletClippingMode', 'TabletComPort', 'TabletComTest', 'TabletConnectQuery', 'TabletFilterPoints', 'TabletGraphic', 'TabletGraphicFile', 'TabletIndex', 'TabletInvisible', 'TabletLCDMode', 'TabletLogicalXSize', 'TabletLogicalYSize', 'TabletMode', 'TabletModelNumber', 'TabletResolution', 'TabletRotation', 'TabletSerialNumber', 'TabletState', 'TabletText', 'TabletTextFile', 'TabletTimer', 'TabletTimingAdvance', 'TabletType', 'TabletXStart', 'TabletXStop', 'TabletYStart', 'TabletYStop', 'TestFunction', 'TimeOut', 'TimeStamp', 'TransferDelay', 'TransferSize', 'Underline', 'Value', 'Velocity0', 'VelocityRange', 'VideoNumber', 'Weight', 'Width', 'WriteImageFile', 'X', 'XPos', 'XSize', 'Y', 'YPos', 'YSize', 'ZoomPower', 'ZoomX', 'ZoomY']
2026-09-08 16:04:00 DEBUG   [Thread-4 (worker)] it_asset_app: Topaz: arming the pad (hwnd=791886)
2026-09-08 16:04:00 DEBUG   [Thread-4 (worker)] it_asset_app: Topaz: tablet state set to 1 via TabletState property
2026-09-08 16:04:00 INFO    [Thread-4 (worker)] it_asset_app: Topaz: pad armed OK
2026-09-08 16:04:10 INFO    [Thread-4 (worker)] it_asset_app: Topaz: NumberOfTabletPoints=286 after Accept
2026-09-08 16:04:10 DEBUG   [Thread-4 (worker)] it_asset_app: Topaz: SigImageB64 not available (SigPlus.SigPlusCtrl.1.SigImageB64)
2026-09-08 16:04:10 DEBUG   [Thread-4 (worker)] it_asset_app: Topaz: image property ImageFileName not settable (Property 'SigPlus.SigPlusCtrl.1.ImageFileName' can not be set.)
2026-09-08 16:04:10 INFO    [Thread-4 (worker)] it_asset_app: Topaz: WriteImageFile(path, fmt, x, y, pen) failed (WriteImageFile() takes from 1 to 2 positional arguments but 6 were given)
2026-09-08 16:04:10 INFO    [Thread-4 (worker)] it_asset_app: Topaz: WriteImageFile(path, fmt) failed (WriteImageFile() takes from 1 to 2 positional arguments but 3 were given)
2026-09-08 16:04:10 INFO    [Thread-4 (worker)] it_asset_app: Topaz: wrote signature bitmap via WriteImageFile(path)
2026-09-08 16:04:10 DEBUG   [Thread-4 (worker)] it_asset_app: Topaz: tablet state set to 0 via TabletState property
2026-09-08 16:04:10 DEBUG   [Thread-4 (worker)] it_asset_app: Topaz: pad disarmed OK
2026-09-08 16:04:10 INFO    [MainThread] it_asset_app: Topaz: capture SUCCESS, saved to C:\Users\srajaamu\AppData\Local\Temp\sig_topaz_71b4e2166edf4777b0d306dbe2d69a22.png
2026-09-08 16:04:10 INFO    [MainThread] it_asset_app: SignatureService.capture: Topaz path returned 'C:\\Users\\srajaamu\\AppData\\Local\\Temp\\sig_topaz_71b4e2166edf4777b0d306dbe2d69a22.png'
2026-09-08 16:04:40 INFO    [Thread-5 (worker)] it_asset_app: AD helper: launched new subprocess (pid=7012): ['C:\\Program Files\\Python314\\python.exe', 'C:\\Users\\srajaamu\\OneDrive - UHG\\Topaz_automation\\WorkFlow_Topaz\\app.py', '--webview-helper']
2026-09-08 16:04:42 INFO    [MainThread] it_asset_app: ======================================================================
2026-09-08 16:04:42 INFO    [MainThread] it_asset_app: App starting - log file: C:\Users\srajaamu\OneDrive - UHG\Topaz_automation\WorkFlow_Topaz\logs\app.log
2026-09-08 16:04:42 INFO    [MainThread] it_asset_app: Python: 3.14.7 | frozen: False
2026-09-08 16:04:42 INFO    [MainThread] it_asset_app: AD helper: subprocess started (pid=7012)
2026-09-08 16:04:42 INFO    [Thread-1 (stdin_reader)] it_asset_app: AD helper: received lookup request_id='e3a45036439e40d083a01bdaa1e6bc18' emp_id='002226191'
2026-09-08 16:04:48 INFO    [Thread-1 (stdin_reader)] it_asset_app: AD lookup: starting search for emp_id='002226191' (header_keyword='EmployeeID', name_column='Employee Name')
2026-09-08 16:04:48 DEBUG   [Thread-1 (stdin_reader)] it_asset_app: AD lookup: filled search textbox OK
2026-09-08 16:04:49 DEBUG   [Thread-1 (stdin_reader)] it_asset_app: AD lookup: clicked 'View Report' button OK
2026-09-08 16:05:14 ERROR   [Thread-1 (stdin_reader)] it_asset_app: AD lookup: TIMED OUT after 25.3s waiting for results table (header_keyword='EmployeeID') for emp_id='002226191'
2026-09-08 16:05:14 ERROR   [Thread-1 (stdin_reader)] it_asset_app: AD helper: lookup failed for request_id='e3a45036439e40d083a01bdaa1e6bc18' emp_id='002226191'
Traceback (most recent call last):
  File "C:\Users\srajaamu\OneDrive - UHG\Topaz_automation\WorkFlow_Topaz\app.py", line 1269, in stdin_reader
    candidates = perform_search(emp_id)
  File "C:\Users\srajaamu\OneDrive - UHG\Topaz_automation\WorkFlow_Topaz\app.py", line 1135, in perform_search
    return _perform_ssrs_search(
        window, emp_id, button_text, header_keyword, name_column, ready_timeout
    )
  File "C:\Users\srajaamu\OneDrive - UHG\Topaz_automation\WorkFlow_Topaz\app.py", line 1017, in _perform_ssrs_search
    raise RuntimeError(
    ...<6 lines>...
    )
RuntimeError: Timed out waiting for the AD lookup report results to load (looked for a table with 'EmployeeID' in its header row, with at least one data row under it). Employee ID '002226191' may not exist, or the report is slow to render - try increasing ad_lookup_ssrs.results_ready_timeout_seconds in CONFIG.
2026-09-08 16:19:41 INFO    [Thread-7 (worker)] it_asset_app: AD helper: launched new subprocess (pid=26752): ['C:\\Program Files\\Python314\\python.exe', 'C:\\Users\\srajaamu\\OneDrive - UHG\\Topaz_automation\\WorkFlow_Topaz\\app.py', '--webview-helper']
2026-09-08 16:19:42 INFO    [MainThread] it_asset_app: ======================================================================
2026-09-08 16:19:42 INFO    [MainThread] it_asset_app: App starting - log file: C:\Users\srajaamu\OneDrive - UHG\Topaz_automation\WorkFlow_Topaz\logs\app.log
2026-09-08 16:19:42 INFO    [MainThread] it_asset_app: Python: 3.14.7 | frozen: False
2026-09-08 16:19:42 INFO    [MainThread] it_asset_app: AD helper: subprocess started (pid=26752)
2026-09-08 16:19:42 INFO    [Thread-1 (stdin_reader)] it_asset_app: AD helper: received lookup request_id='112097c891ad44098b35502302c28288' emp_id='900290126'
2026-09-08 16:19:49 INFO    [Thread-1 (stdin_reader)] it_asset_app: AD lookup: starting search for emp_id='900290126' (header_keyword='EmployeeID', name_column='Employee Name')
2026-09-08 16:19:49 DEBUG   [Thread-1 (stdin_reader)] it_asset_app: AD lookup: filled search textbox OK
2026-09-08 16:19:50 DEBUG   [Thread-1 (stdin_reader)] it_asset_app: AD lookup: clicked 'View Report' button OK
2026-09-08 16:22:21 INFO    [MainThread] it_asset_app: WizardApp: closing (user closed the window)
2026-09-08 16:22:21 INFO    [MainThread] it_asset_app: WizardApp: closed
2026-09-08 16:25:02 INFO    [MainThread] it_asset_app: ======================================================================
2026-09-08 16:25:02 INFO    [MainThread] it_asset_app: App starting - log file: C:\Users\srajaamu\OneDrive - UHG\Topaz_automation\WorkFlow_Topaz\logs\app.log
2026-09-08 16:25:02 INFO    [MainThread] it_asset_app: Python: 3.14.7 | frozen: False
2026-09-08 16:25:02 INFO    [MainThread] it_asset_app: WizardApp: starting up. ad_lookup_mode='ssrs_report' use_topaz_pad=True bu_templates_folder='bu_templates'
2026-09-08 16:25:02 INFO    [MainThread] it_asset_app: WizardApp: GUI ready
2026-09-08 16:25:02 INFO    [Thread-1 (start)] it_asset_app: AD helper: launched new subprocess (pid=32140): ['C:\\Program Files\\Python314\\python.exe', 'C:\\Users\\srajaamu\\OneDrive - UHG\\Topaz_automation\\WorkFlow_Topaz\\app.py', '--webview-helper']
2026-09-08 16:25:03 INFO    [MainThread] it_asset_app: ======================================================================
2026-09-08 16:25:03 INFO    [MainThread] it_asset_app: App starting - log file: C:\Users\srajaamu\OneDrive - UHG\Topaz_automation\WorkFlow_Topaz\logs\app.log
2026-09-08 16:25:03 INFO    [MainThread] it_asset_app: Python: 3.14.7 | frozen: False
2026-09-08 16:25:03 INFO    [MainThread] it_asset_app: AD helper: subprocess started (pid=32140)
2026-09-08 16:25:39 INFO    [Thread-3 (worker)] it_asset_app: AD helper: launched new subprocess (pid=21644): ['C:\\Program Files\\Python314\\python.exe', 'C:\\Users\\srajaamu\\OneDrive - UHG\\Topaz_automation\\WorkFlow_Topaz\\app.py', '--webview-helper']
2026-09-08 16:25:40 INFO    [MainThread] it_asset_app: ======================================================================
2026-09-08 16:25:40 INFO    [MainThread] it_asset_app: App starting - log file: C:\Users\srajaamu\OneDrive - UHG\Topaz_automation\WorkFlow_Topaz\logs\app.log
2026-09-08 16:25:40 INFO    [MainThread] it_asset_app: Python: 3.14.7 | frozen: False
2026-09-08 16:25:40 INFO    [MainThread] it_asset_app: AD helper: subprocess started (pid=21644)
2026-09-08 16:25:40 INFO    [Thread-1 (stdin_reader)] it_asset_app: AD helper: received lookup request_id='09b86958c7714859bd4fbc2de58df7b1' emp_id='900290126'
2026-09-08 16:25:47 INFO    [Thread-1 (stdin_reader)] it_asset_app: AD lookup: starting search for emp_id='900290126' (header_keyword='EmployeeID', name_column='Employee Name')
2026-09-08 16:25:47 DEBUG   [Thread-1 (stdin_reader)] it_asset_app: AD lookup: filled search textbox OK
2026-09-08 16:25:47 DEBUG   [Thread-1 (stdin_reader)] it_asset_app: AD lookup: clicked 'View Report' button OK
2026-09-08 16:26:12 ERROR   [Thread-1 (stdin_reader)] it_asset_app: AD lookup: TIMED OUT after 25.0s waiting for results table (header_keyword='EmployeeID') for emp_id='900290126'
2026-09-08 16:26:12 ERROR   [Thread-1 (stdin_reader)] it_asset_app: AD helper: lookup failed for request_id='09b86958c7714859bd4fbc2de58df7b1' emp_id='900290126'
Traceback (most recent call last):
  File "C:\Users\srajaamu\OneDrive - UHG\Topaz_automation\WorkFlow_Topaz\app.py", line 1269, in stdin_reader
    candidates = perform_search(emp_id)
  File "C:\Users\srajaamu\OneDrive - UHG\Topaz_automation\WorkFlow_Topaz\app.py", line 1135, in perform_search
    return _perform_ssrs_search(
        window, emp_id, button_text, header_keyword, name_column, ready_timeout
    )
  File "C:\Users\srajaamu\OneDrive - UHG\Topaz_automation\WorkFlow_Topaz\app.py", line 1017, in _perform_ssrs_search
    raise RuntimeError(
    ...<6 lines>...
    )
RuntimeError: Timed out waiting for the AD lookup report results to load (looked for a table with 'EmployeeID' in its header row, with at least one data row under it). Employee ID '900290126' may not exist, or the report is slow to render - try increasing ad_lookup_ssrs.results_ready_timeout_seconds in CONFIG.
2026-09-08 17:06:25 INFO    [MainThread] it_asset_app: WizardApp: closing (user closed the window)
2026-09-08 17:06:27 INFO    [MainThread] it_asset_app: WizardApp: closed
2026-09-08 17:06:32 INFO    [MainThread] it_asset_app: ======================================================================
2026-09-08 17:06:32 INFO    [MainThread] it_asset_app: App starting - log file: C:\Users\srajaamu\OneDrive - UHG\Topaz_automation\WorkFlow_Topaz\logs\app.log
2026-09-08 17:06:32 INFO    [MainThread] it_asset_app: Python: 3.14.7 | frozen: False
2026-09-08 17:06:32 INFO    [MainThread] it_asset_app: WizardApp: starting up. ad_lookup_mode='ssrs_report' use_topaz_pad=True bu_templates_folder='bu_templates'
2026-09-08 17:06:32 INFO    [MainThread] it_asset_app: WizardApp: GUI ready
2026-09-08 17:06:32 INFO    [Thread-1 (start)] it_asset_app: AD helper: launched new subprocess (pid=33460): ['C:\\Program Files\\Python314\\python.exe', 'C:\\Users\\srajaamu\\OneDrive - UHG\\Topaz_automation\\WorkFlow_Topaz\\app.py', '--webview-helper']
2026-09-08 17:06:32 INFO    [MainThread] it_asset_app: ======================================================================
2026-09-08 17:06:32 INFO    [MainThread] it_asset_app: App starting - log file: C:\Users\srajaamu\OneDrive - UHG\Topaz_automation\WorkFlow_Topaz\logs\app.log
2026-09-08 17:06:32 INFO    [MainThread] it_asset_app: Python: 3.14.7 | frozen: False
2026-09-08 17:06:33 INFO    [MainThread] it_asset_app: AD helper: subprocess started (pid=33460)
2026-09-08 17:06:44 INFO    [Thread-3 (worker)] it_asset_app: AD helper: launched new subprocess (pid=38784): ['C:\\Program Files\\Python314\\python.exe', 'C:\\Users\\srajaamu\\OneDrive - UHG\\Topaz_automation\\WorkFlow_Topaz\\app.py', '--webview-helper']
2026-09-08 17:06:45 INFO    [MainThread] it_asset_app: ======================================================================
2026-09-08 17:06:45 INFO    [MainThread] it_asset_app: App starting - log file: C:\Users\srajaamu\OneDrive - UHG\Topaz_automation\WorkFlow_Topaz\logs\app.log
2026-09-08 17:06:45 INFO    [MainThread] it_asset_app: Python: 3.14.7 | frozen: False
2026-09-08 17:06:45 INFO    [MainThread] it_asset_app: AD helper: subprocess started (pid=38784)
2026-09-08 17:06:45 INFO    [Thread-1 (stdin_reader)] it_asset_app: AD helper: received lookup request_id='dbe01dd164c64d65860a08756c0bed41' emp_id='002225153'
2026-09-08 17:06:51 INFO    [Thread-1 (stdin_reader)] it_asset_app: AD lookup: starting search for emp_id='002225153' (header_keyword='EmployeeID', name_column='Employee Name')
2026-09-08 17:06:51 DEBUG   [Thread-1 (stdin_reader)] it_asset_app: AD lookup: filled search textbox OK
2026-09-08 17:06:51 DEBUG   [Thread-1 (stdin_reader)] it_asset_app: AD lookup: clicked 'View Report' button OK
2026-09-08 17:06:54 DEBUG   [Thread-1 (stdin_reader)] it_asset_app: AD lookup: results table ready after 2.4s
2026-09-08 17:06:54 DEBUG   [Thread-1 (stdin_reader)] it_asset_app: AD lookup: extracted 1 row(s) via strategy='single-table'; tables seen on page: [{'headers': ['Loading...\nCancel\n\n\n\xa0\t\t\t\xa0\t\t\t\xa0\t\t\n\t\t\t\t\t\tSearch AD for MSID, EmployeeID, or Email Address (one entry per line)\t\n\t\n\t\n\t\t\n\n\n\n\n\t\t\n\t\t\t\tof\t\t0\t\t\n\t\t\n\t\n\t\nPage Width\nWhole Page\n500%\n200%\n150%\n100%\n75%\n50%\n25%\n10%\n\t\n\t\n\t\n\t\tFind\t\t\n\t\t|\t\tNext'], 'rowCount': 1, 'matched': False}, {'headers': ['', 'Loading...\nCancel'], 'rowCount': 1, 'matched': False}, {'headers': ['', '', ''], 'rowCount': 5, 'matched': False}, {'headers': ['Search AD for MSID, EmployeeID, or Email Address (one entry per line)', '', ''], 'rowCount': 1, 'matched': False}, {'headers': ['', '', '', '', '', '', '', '', ''], 'rowCount': 2, 'matched': False}, {'headers': ['', ''], 'rowCount': 1, 'matched': False}, {'headers': ['', '', '', '', '', '', 'of', '', '0', '', '', '', ''], 'rowCount': 1, 'matched': False}, {'headers': [''], 'rowCount': 1, 'matched': False}, {'headers': [''], 'rowCount': 1, 'matched': False}, {'headers': [''], 'rowCount': 1, 'matched': False}, {'headers': [''], 'rowCount': 1, 'matched': False}, {'headers': [''], 'rowCount': 1, 'matched': False}, {'headers': [''], 'rowCount': 1, 'matched': False}, {'headers': [''], 'rowCount': 1, 'matched': False}, {'headers': [''], 'rowCount': 1, 'matched': False}, {'headers': [''], 'rowCount': 1, 'matched': False}, {'headers': [''], 'rowCount': 1, 'matched': False}, {'headers': [''], 'rowCount': 1, 'matched': False}, {'headers': ['Page Width\nWhole Page\n500%\n200%\n150%\n100%\n75%\n50%\n25%\n10%'], 'rowCount': 1, 'matched': False}, {'headers': ['Word\n\t\t\t\t\t\t\t\t\t\n\t\t\t\t\t\t\t\t\t\tExcel\n\t\t\t\t\t\t\t\t\t\n\t\t\t\t\t\t\t\t\t\tPowerPoint\n\t\t\t\t\t\t\t\t\t\n\t\t\t\t\t\t\t\t\t\tPDF\n\t\t\t\t\t\t\t\t\t\n\t\t\t\t\t\t\t\t\t\tTIFF file\n\t\t\t\t\t\t\t\t\t\n\t\t\t\t\t\t\t\t\t\tMHTML (web archive)\n\t\t\t\t\t\t\t\t\t\n\t\t\t\t\t\t\t\t\t\tCSV (comma delimited)\n\t\t\t\t\t\t\t\t\t\n\t\t\t\t\t\t\t\t\t\tXML file with report data\n\t\t\t\t\t\t\t\t\t\n\t\t\t\t\t\t\t\t\t\tData Feed'], 'rowCount': 1, 'matched': False}, {'headers': [''], 'rowCount': 1, 'matched': False}, {'headers': [''], 'rowCount': 1, 'matched': False}, {'headers': [''], 'rowCount': 1, 'matched': False}, {'headers': [''], 'rowCount': 1, 'matched': False}, {'headers': ['', '', 'Find', '', '', '', '|', '', 'Next', '', ''], 'rowCount': 1, 'matched': False}, {'headers': ['Active Directory Search (MS domain)\xa0(data is refreshed once every 24 hours) - data current as of: 9/4/2026 2:01:01 AM Central TimeBookmark this URL (not the site it takes you to): https://goto.optum.com/ActiveDirectoryInfoFor additional options, bookmark this url (not the site it takes you to): https://goto.optum.com/ActiveDirectoryInfo2EnabledEmployeeIDMSIDEmployee NameCorporate Email Boxuht-IdentityManagment-MailUserPrincipalNameEmployee TypeAccountTypePostal CodeDepartmentManager EmployeeIDManager MSIDManager NameManager EmailBusiness UnitOperating UnitLocationDepartmentTRUE002225153bk36K, Balakrishnanbalakrishnank@optum.combalakrishnank@optum.combalakrishnank@optum.comEPII032OI Operations002225267r356Ravindran, Rathesh Trathesh@optum.com4821006290INDIN032804950'], 'rowCount': 1, 'matched': False}, {'headers': ['Active Directory Search (MS domain)\xa0(data is refreshed once every 24 hours) - data current as of: 9/4/2026 2:01:01 AM Central TimeBookmark this URL (not the site it takes you to): https://goto.optum.com/ActiveDirectoryInfoFor additional options, bookmark this url (not the site it takes you to): https://goto.optum.com/ActiveDirectoryInfo2EnabledEmployeeIDMSIDEmployee NameCorporate Email Boxuht-IdentityManagment-MailUserPrincipalNameEmployee TypeAccountTypePostal CodeDepartmentManager EmployeeIDManager MSIDManager NameManager EmailBusiness UnitOperating UnitLocationDepartmentTRUE002225153bk36K, Balakrishnanbalakrishnank@optum.combalakrishnank@optum.combalakrishnank@optum.comEPII032OI Operations002225267r356Ravindran, Rathesh Trathesh@optum.com4821006290INDIN032804950'], 'rowCount': 2, 'matched': False}, {'headers': ['Active Directory Search (MS domain)\xa0(data is refreshed once every 24 hours) - data current as of: 9/4/2026 2:01:01 AM Central TimeBookmark this URL (not the site it takes you to): https://goto.optum.com/ActiveDirectoryInfoFor additional options, bookmark this url (not the site it takes you to): https://goto.optum.com/ActiveDirectoryInfo2EnabledEmployeeIDMSIDEmployee NameCorporate Email Boxuht-IdentityManagment-MailUserPrincipalNameEmployee TypeAccountTypePostal CodeDepartmentManager EmployeeIDManager MSIDManager NameManager EmailBusiness UnitOperating UnitLocationDepartmentTRUE002225153bk36K, Balakrishnanbalakrishnank@optum.combalakrishnank@optum.combalakrishnank@optum.comEPII032OI Operations002225267r356Ravindran, Rathesh Trathesh@optum.com4821006290INDIN032804950'], 'rowCount': 1, 'matched': False}, {'headers': ['', '', '', '', '', '', '', ''], 'rowCount': 7, 'matched': False}, {'headers': ['Enabled', 'EmployeeID', 'MSID', 'Employee Name', 'Corporate Email Box', 'uht-IdentityManagment-Mail', 'UserPrincipalName', 'Employee Type', 'AccountType', 'Postal Code', 'Department', 'Manager EmployeeID', 'Manager MSID', 'Manager Name', 'Manager Email', 'Business Unit', 'Operating Unit', 'Location', 'Department'], 'rowCount': 1, 'matched': True}]
2026-09-08 17:06:54 DEBUG   [Thread-1 (stdin_reader)] it_asset_app: AD lookup: raw extracted rows: [{'Enabled': 'TRUE', 'EmployeeID': '002225153', 'MSID': 'bk36', 'Employee Name': 'K, Balakrishnan', 'Corporate Email Box': 'balakrishnank@optum.com', 'uht-IdentityManagment-Mail': 'balakrishnank@optum.com', 'UserPrincipalName': 'balakrishnank@optum.com', 'Employee Type': 'E', 'AccountType': 'P', 'Postal Code': 'II032', 'Department': 'OI Operations', 'Manager EmployeeID': '002225267', 'Manager MSID': 'r356', 'Manager Name': 'Ravindran, Rathesh T', 'Manager Email': 'rathesh@optum.com', 'Business Unit': '48210', 'Operating Unit': '06290', 'Location': 'INDIN032'}]
2026-09-08 17:06:54 DEBUG   [Thread-1 (stdin_reader)] it_asset_app: AD lookup: mapped fields from row: {'emp_name': 'K, Balakrishnan', 'manager_name': 'Ravindran, Rathesh T', 'contact_number': '', 'department': 'OI Operations', 'email': 'balakrishnank@optum.com', 'designation': 'E', 'msid': 'bk36', 'employee_id_confirmed': '002225153', 'manager_email': 'rathesh@optum.com', 'manager_msid': 'r356', 'manager_employee_id': '002225267', 'account_enabled': 'TRUE'}
2026-09-08 17:06:54 INFO    [Thread-1 (stdin_reader)] it_asset_app: AD lookup: SUCCESS for emp_id='002225153' - 1 candidate(s), emp_name='K, Balakrishnan' manager_name='Ravindran, Rathesh T'
2026-09-08 17:06:54 INFO    [Thread-1 (stdin_reader)] it_asset_app: AD helper: sending 1 candidate(s) back for request_id='dbe01dd164c64d65860a08756c0bed41'
2026-09-08 17:07:51 INFO    [Thread-5 (worker)] it_asset_app: AD helper: launched new subprocess (pid=32348): ['C:\\Program Files\\Python314\\python.exe', 'C:\\Users\\srajaamu\\OneDrive - UHG\\Topaz_automation\\WorkFlow_Topaz\\app.py', '--webview-helper']
2026-09-08 17:07:51 INFO    [MainThread] it_asset_app: ======================================================================
2026-09-08 17:07:51 INFO    [MainThread] it_asset_app: App starting - log file: C:\Users\srajaamu\OneDrive - UHG\Topaz_automation\WorkFlow_Topaz\logs\app.log
2026-09-08 17:07:51 INFO    [MainThread] it_asset_app: Python: 3.14.7 | frozen: False
2026-09-08 17:07:51 INFO    [MainThread] it_asset_app: AD helper: subprocess started (pid=32348)
2026-09-08 17:07:51 INFO    [Thread-1 (stdin_reader)] it_asset_app: AD helper: received lookup request_id='bdc2dc0153f94cc58be557daeb26d247' emp_id='002228383'
2026-09-08 17:07:57 INFO    [Thread-1 (stdin_reader)] it_asset_app: AD lookup: starting search for emp_id='002228383' (header_keyword='EmployeeID', name_column='Employee Name')
2026-09-08 17:07:57 DEBUG   [Thread-1 (stdin_reader)] it_asset_app: AD lookup: filled search textbox OK
2026-09-08 17:07:57 DEBUG   [Thread-1 (stdin_reader)] it_asset_app: AD lookup: clicked 'View Report' button OK
2026-09-08 17:08:00 DEBUG   [Thread-1 (stdin_reader)] it_asset_app: AD lookup: results table ready after 2.4s
2026-09-08 17:08:00 DEBUG   [Thread-1 (stdin_reader)] it_asset_app: AD lookup: extracted 1 row(s) via strategy='single-table'; tables seen on page: [{'headers': ['Search AD for MSID, EmployeeID, or Email Address (one entry per line)\t\n\t\n\t\n\t\t\n\n\n\n\n\t\t\n\t\t\t\tof\t\t1\t\t\n\t\t\n\t\n\t\nPage Width\nWhole Page\n500%\n200%\n150%\n100%\n75%\n50%\n25%\n10%\n\t\n\t\n\t\n\t\tFind\t\t\n\t\t|\t\tNext\t\t\n\n\n\t\t\t\t\t\t\t\n\t\t\n\t\n\t\t\t\nActive Directory Search (MS domain)\n\xa0\n(data is refreshed once every 24 hours) - data current as of: 9/4/2026 2:01:01 AM Central Time\n\t\n\t\n\t\nBookmark this URL (not the site it takes you to): https://goto.optum.com/ActiveDirectoryInfo\nFor additional options, bookmark this url (not the site it takes you to): https://goto.optum.com/ActiveDirectoryInfo2\n\t\n\t\n\t\t\n\t\t\t\t\t\t\t\t\t\t\t\t\t\t\t\t\t\t\n\nEnabled\n\t\nEmployeeID\n\t\nMSID\n\t\nEmployee Name\n\t\nCorporate Email Box\n\t\nuht-IdentityManagment-Mail\n\t\nUserPrincipalName\n\t\nEmployee Type\n\t\nAccountType\n\t\nPostal Code\n\t\nDepartment\n\t\nManager EmployeeID\n\t\nManager MSID\n\t\nManager Name\n\t\nManager Email\n\t\nBusiness Unit\n\t\nOperating Unit\n\t\nLocation\n\t\nDepartment\n\n\nFALSE\n\t\n002228383\n\t\nsp186\n\t\nP, Sudharson\n\t\nsudharson.palani@optum.com\n\t\nsudharson.palani@optum.com\n\t\nsudharson.palani@optum.com\n\t\nE\n\t\nP\n\t\nII032\n\t\nOI Operations\n\t\n002225177\n\t\nspriya53\n\t\nPriya, Shanmuga\n\t\nvshanmugapriya@optum.com\n\t\n48210\n\t\n06290\n\t\nINDIN032\n\t\n804950'], 'rowCount': 1, 'matched': False}, {'headers': ['', 'Loading...\n\t\t\t\t\tCancel'], 'rowCount': 1, 'matched': False}, {'headers': ['', '', ''], 'rowCount': 5, 'matched': False}, {'headers': ['Search AD for MSID, EmployeeID, or Email Address (one entry per line)', '', ''], 'rowCount': 1, 'matched': False}, {'headers': ['', '', '', '', '', '', '', '', ''], 'rowCount': 2, 'matched': False}, {'headers': ['', ''], 'rowCount': 1, 'matched': False}, {'headers': ['', '', '', '', '', '', 'of', '', '1', '', '', '', ''], 'rowCount': 1, 'matched': False}, {'headers': [''], 'rowCount': 1, 'matched': False}, {'headers': [''], 'rowCount': 1, 'matched': False}, {'headers': [''], 'rowCount': 1, 'matched': False}, {'headers': [''], 'rowCount': 1, 'matched': False}, {'headers': [''], 'rowCount': 1, 'matched': False}, {'headers': [''], 'rowCount': 1, 'matched': False}, {'headers': [''], 'rowCount': 1, 'matched': False}, {'headers': [''], 'rowCount': 1, 'matched': False}, {'headers': [''], 'rowCount': 1, 'matched': False}, {'headers': [''], 'rowCount': 1, 'matched': False}, {'headers': [''], 'rowCount': 1, 'matched': False}, {'headers': ['Page Width\nWhole Page\n500%\n200%\n150%\n100%\n75%\n50%\n25%\n10%'], 'rowCount': 1, 'matched': False}, {'headers': ['Word\n\t\t\t\t\t\t\t\t\t\n\t\t\t\t\t\t\t\t\t\tExcel\n\t\t\t\t\t\t\t\t\t\n\t\t\t\t\t\t\t\t\t\tPowerPoint\n\t\t\t\t\t\t\t\t\t\n\t\t\t\t\t\t\t\t\t\tPDF\n\t\t\t\t\t\t\t\t\t\n\t\t\t\t\t\t\t\t\t\tTIFF file\n\t\t\t\t\t\t\t\t\t\n\t\t\t\t\t\t\t\t\t\tMHTML (web archive)\n\t\t\t\t\t\t\t\t\t\n\t\t\t\t\t\t\t\t\t\tCSV (comma delimited)\n\t\t\t\t\t\t\t\t\t\n\t\t\t\t\t\t\t\t\t\tXML file with report data\n\t\t\t\t\t\t\t\t\t\n\t\t\t\t\t\t\t\t\t\tData Feed'], 'rowCount': 1, 'matched': False}, {'headers': [''], 'rowCount': 1, 'matched': False}, {'headers': [''], 'rowCount': 1, 'matched': False}, {'headers': [''], 'rowCount': 1, 'matched': False}, {'headers': [''], 'rowCount': 1, 'matched': False}, {'headers': ['', '', 'Find', '', '', '', '|', '', 'Next', '', ''], 'rowCount': 1, 'matched': False}, {'headers': ['Active Directory Search (MS domain)\n\xa0\n(data is refreshed once every 24 hours) - data current as of: 9/4/2026 2:01:01 AM Central Time\n\t\n\t\n\t\nBookmark this URL (not the site it takes you to): https://goto.optum.com/ActiveDirectoryInfo\nFor additional options, bookmark this url (not the site it takes you to): https://goto.optum.com/ActiveDirectoryInfo2\n\t\n\t\n\t\t\n\t\t\t\t\t\t\t\t\t\t\t\t\t\t\t\t\t\t\n\nEnabled\n\t\nEmployeeID\n\t\nMSID\n\t\nEmployee Name\n\t\nCorporate Email Box\n\t\nuht-IdentityManagment-Mail\n\t\nUserPrincipalName\n\t\nEmployee Type\n\t\nAccountType\n\t\nPostal Code\n\t\nDepartment\n\t\nManager EmployeeID\n\t\nManager MSID\n\t\nManager Name\n\t\nManager Email\n\t\nBusiness Unit\n\t\nOperating Unit\n\t\nLocation\n\t\nDepartment\n\n\nFALSE\n\t\n002228383\n\t\nsp186\n\t\nP, Sudharson\n\t\nsudharson.palani@optum.com\n\t\nsudharson.palani@optum.com\n\t\nsudharson.palani@optum.com\n\t\nE\n\t\nP\n\t\nII032\n\t\nOI Operations\n\t\n002225177\n\t\nspriya53\n\t\nPriya, Shanmuga\n\t\nvshanmugapriya@optum.com\n\t\n48210\n\t\n06290\n\t\nINDIN032\n\t\n804950'], 'rowCount': 1, 'matched': False}, {'headers': ['Active Directory Search (MS domain)\n\xa0\n(data is refreshed once every 24 hours) - data current as of: 9/4/2026 2:01:01 AM Central Time\n\t\n\t\n\t\nBookmark this URL (not the site it takes you to): https://goto.optum.com/ActiveDirectoryInfo\nFor additional options, bookmark this url (not the site it takes you to): https://goto.optum.com/ActiveDirectoryInfo2\n\t\n\t\n\t\t\n\t\t\t\t\t\t\t\t\t\t\t\t\t\t\t\t\t\t\n\nEnabled\n\t\nEmployeeID\n\t\nMSID\n\t\nEmployee Name\n\t\nCorporate Email Box\n\t\nuht-IdentityManagment-Mail\n\t\nUserPrincipalName\n\t\nEmployee Type\n\t\nAccountType\n\t\nPostal Code\n\t\nDepartment\n\t\nManager EmployeeID\n\t\nManager MSID\n\t\nManager Name\n\t\nManager Email\n\t\nBusiness Unit\n\t\nOperating Unit\n\t\nLocation\n\t\nDepartment\n\n\nFALSE\n\t\n002228383\n\t\nsp186\n\t\nP, Sudharson\n\t\nsudharson.palani@optum.com\n\t\nsudharson.palani@optum.com\n\t\nsudharson.palani@optum.com\n\t\nE\n\t\nP\n\t\nII032\n\t\nOI Operations\n\t\n002225177\n\t\nspriya53\n\t\nPriya, Shanmuga\n\t\nvshanmugapriya@optum.com\n\t\n48210\n\t\n06290\n\t\nINDIN032\n\t\n804950'], 'rowCount': 2, 'matched': False}, {'headers': ['Active Directory Search (MS domain)\n\xa0\n(data is refreshed once every 24 hours) - data current as of: 9/4/2026 2:01:01 AM Central Time\n\t\n\t\n\t\nBookmark this URL (not the site it takes you to): https://goto.optum.com/ActiveDirectoryInfo\nFor additional options, bookmark this url (not the site it takes you to): https://goto.optum.com/ActiveDirectoryInfo2\n\t\n\t\n\t\t\n\t\t\t\t\t\t\t\t\t\t\t\t\t\t\t\t\t\t\n\nEnabled\n\t\nEmployeeID\n\t\nMSID\n\t\nEmployee Name\n\t\nCorporate Email Box\n\t\nuht-IdentityManagment-Mail\n\t\nUserPrincipalName\n\t\nEmployee Type\n\t\nAccountType\n\t\nPostal Code\n\t\nDepartment\n\t\nManager EmployeeID\n\t\nManager MSID\n\t\nManager Name\n\t\nManager Email\n\t\nBusiness Unit\n\t\nOperating Unit\n\t\nLocation\n\t\nDepartment\n\n\nFALSE\n\t\n002228383\n\t\nsp186\n\t\nP, Sudharson\n\t\nsudharson.palani@optum.com\n\t\nsudharson.palani@optum.com\n\t\nsudharson.palani@optum.com\n\t\nE\n\t\nP\n\t\nII032\n\t\nOI Operations\n\t\n002225177\n\t\nspriya53\n\t\nPriya, Shanmuga\n\t\nvshanmugapriya@optum.com\n\t\n48210\n\t\n06290\n\t\nINDIN032\n\t\n804950'], 'rowCount': 1, 'matched': False}, {'headers': ['', '', '', '', '', '', '', ''], 'rowCount': 7, 'matched': False}, {'headers': ['Enabled', 'EmployeeID', 'MSID', 'Employee Name', 'Corporate Email Box', 'uht-IdentityManagment-Mail', 'UserPrincipalName', 'Employee Type', 'AccountType', 'Postal Code', 'Department', 'Manager EmployeeID', 'Manager MSID', 'Manager Name', 'Manager Email', 'Business Unit', 'Operating Unit', 'Location', 'Department'], 'rowCount': 1, 'matched': True}]
2026-09-08 17:08:00 DEBUG   [Thread-1 (stdin_reader)] it_asset_app: AD lookup: raw extracted rows: [{'Enabled': 'FALSE', 'EmployeeID': '002228383', 'MSID': 'sp186', 'Employee Name': 'P, Sudharson', 'Corporate Email Box': 'sudharson.palani@optum.com', 'uht-IdentityManagment-Mail': 'sudharson.palani@optum.com', 'UserPrincipalName': 'sudharson.palani@optum.com', 'Employee Type': 'E', 'AccountType': 'P', 'Postal Code': 'II032', 'Department': 'OI Operations', 'Manager EmployeeID': '002225177', 'Manager MSID': 'spriya53', 'Manager Name': 'Priya, Shanmuga', 'Manager Email': 'vshanmugapriya@optum.com', 'Business Unit': '48210', 'Operating Unit': '06290', 'Location': 'INDIN032'}]
2026-09-08 17:08:00 DEBUG   [Thread-1 (stdin_reader)] it_asset_app: AD lookup: mapped fields from row: {'emp_name': 'P, Sudharson', 'manager_name': 'Priya, Shanmuga', 'contact_number': '', 'department': 'OI Operations', 'email': 'sudharson.palani@optum.com', 'designation': 'E', 'msid': 'sp186', 'employee_id_confirmed': '002228383', 'manager_email': 'vshanmugapriya@optum.com', 'manager_msid': 'spriya53', 'manager_employee_id': '002225177', 'account_enabled': 'FALSE'}
2026-09-08 17:08:00 INFO    [Thread-1 (stdin_reader)] it_asset_app: AD lookup: SUCCESS for emp_id='002228383' - 1 candidate(s), emp_name='P, Sudharson' manager_name='Priya, Shanmuga'
2026-09-08 17:08:00 INFO    [Thread-1 (stdin_reader)] it_asset_app: AD helper: sending 1 candidate(s) back for request_id='bdc2dc0153f94cc58be557daeb26d247'
2026-09-08 17:08:56 INFO    [Thread-7 (worker)] it_asset_app: AD helper: launched new subprocess (pid=5236): ['C:\\Program Files\\Python314\\python.exe', 'C:\\Users\\srajaamu\\OneDrive - UHG\\Topaz_automation\\WorkFlow_Topaz\\app.py', '--webview-helper']
2026-09-08 17:08:57 INFO    [MainThread] it_asset_app: ======================================================================
2026-09-08 17:08:57 INFO    [MainThread] it_asset_app: App starting - log file: C:\Users\srajaamu\OneDrive - UHG\Topaz_automation\WorkFlow_Topaz\logs\app.log
2026-09-08 17:08:57 INFO    [MainThread] it_asset_app: Python: 3.14.7 | frozen: False
2026-09-08 17:08:57 INFO    [MainThread] it_asset_app: AD helper: subprocess started (pid=5236)
2026-09-08 17:08:57 INFO    [Thread-1 (stdin_reader)] it_asset_app: AD helper: received lookup request_id='fb03836b01454a489593cbad722d1fe9' emp_id='900290126'
2026-09-08 17:09:02 INFO    [Thread-1 (stdin_reader)] it_asset_app: AD lookup: starting search for emp_id='900290126' (header_keyword='EmployeeID', name_column='Employee Name')
2026-09-08 17:09:02 DEBUG   [Thread-1 (stdin_reader)] it_asset_app: AD lookup: filled search textbox OK
2026-09-08 17:09:03 DEBUG   [Thread-1 (stdin_reader)] it_asset_app: AD lookup: clicked 'View Report' button OK
2026-09-08 17:09:05 DEBUG   [Thread-1 (stdin_reader)] it_asset_app: AD lookup: results table ready after 2.4s
2026-09-08 17:09:05 DEBUG   [Thread-1 (stdin_reader)] it_asset_app: AD lookup: extracted 1 row(s) via strategy='single-table'; tables seen on page: [{'headers': ['Loading...\nCancel\n\n\n\xa0\t\t\t\xa0\t\t\t\xa0\t\t\n\t\t\t\t\t\tSearch AD for MSID, EmployeeID, or Email Address (one entry per line)\t\n\t\n\t\n\t\t\n\n\n\n\n\t\t\n\t\t\t\tof\t\t0\t\t\n\t\t\n\t\n\t\nPage Width\nWhole Page\n500%\n200%\n150%\n100%\n75%\n50%\n25%\n10%\n\t\n\t\n\t\n\t\tFind\t\t\n\t\t|\t\tNext'], 'rowCount': 1, 'matched': False}, {'headers': ['', 'Loading...\nCancel'], 'rowCount': 1, 'matched': False}, {'headers': ['', '', ''], 'rowCount': 5, 'matched': False}, {'headers': ['Search AD for MSID, EmployeeID, or Email Address (one entry per line)', '', ''], 'rowCount': 1, 'matched': False}, {'headers': ['', '', '', '', '', '', '', '', ''], 'rowCount': 2, 'matched': False}, {'headers': ['', ''], 'rowCount': 1, 'matched': False}, {'headers': ['', '', '', '', '', '', 'of', '', '0', '', '', '', ''], 'rowCount': 1, 'matched': False}, {'headers': [''], 'rowCount': 1, 'matched': False}, {'headers': [''], 'rowCount': 1, 'matched': False}, {'headers': [''], 'rowCount': 1, 'matched': False}, {'headers': [''], 'rowCount': 1, 'matched': False}, {'headers': [''], 'rowCount': 1, 'matched': False}, {'headers': [''], 'rowCount': 1, 'matched': False}, {'headers': [''], 'rowCount': 1, 'matched': False}, {'headers': [''], 'rowCount': 1, 'matched': False}, {'headers': [''], 'rowCount': 1, 'matched': False}, {'headers': [''], 'rowCount': 1, 'matched': False}, {'headers': [''], 'rowCount': 1, 'matched': False}, {'headers': ['Page Width\nWhole Page\n500%\n200%\n150%\n100%\n75%\n50%\n25%\n10%'], 'rowCount': 1, 'matched': False}, {'headers': ['Word\n\t\t\t\t\t\t\t\t\t\n\t\t\t\t\t\t\t\t\t\tExcel\n\t\t\t\t\t\t\t\t\t\n\t\t\t\t\t\t\t\t\t\tPowerPoint\n\t\t\t\t\t\t\t\t\t\n\t\t\t\t\t\t\t\t\t\tPDF\n\t\t\t\t\t\t\t\t\t\n\t\t\t\t\t\t\t\t\t\tTIFF file\n\t\t\t\t\t\t\t\t\t\n\t\t\t\t\t\t\t\t\t\tMHTML (web archive)\n\t\t\t\t\t\t\t\t\t\n\t\t\t\t\t\t\t\t\t\tCSV (comma delimited)\n\t\t\t\t\t\t\t\t\t\n\t\t\t\t\t\t\t\t\t\tXML file with report data\n\t\t\t\t\t\t\t\t\t\n\t\t\t\t\t\t\t\t\t\tData Feed'], 'rowCount': 1, 'matched': False}, {'headers': [''], 'rowCount': 1, 'matched': False}, {'headers': [''], 'rowCount': 1, 'matched': False}, {'headers': [''], 'rowCount': 1, 'matched': False}, {'headers': [''], 'rowCount': 1, 'matched': False}, {'headers': ['', '', 'Find', '', '', '', '|', '', 'Next', '', ''], 'rowCount': 1, 'matched': False}, {'headers': ['Active Directory Search (MS domain)\xa0(data is refreshed once every 24 hours) - data current as of: 9/4/2026 2:01:01 AM Central TimeBookmark this URL (not the site it takes you to): https://goto.optum.com/ActiveDirectoryInfoFor additional options, bookmark this url (not the site it takes you to): https://goto.optum.com/ActiveDirectoryInfo2EnabledEmployeeIDMSIDEmployee NameCorporate Email Boxuht-IdentityManagment-MailUserPrincipalNameEmployee TypeAccountTypePostal CodeDepartmentManager EmployeeIDManager MSIDManager NameManager EmailBusiness UnitOperating UnitLocationDepartmentTRUE900290126chimajaHimaja, Chagantichaganti_himaja@optum.comchaganti_himaja@optum.comchaganti_himaja@optum.comEPII033OG Adv APAC-1002011277pcorazaoCorazao, Peterpeter.corazao@optum.com1036806870INDIN033846594'], 'rowCount': 1, 'matched': False}, {'headers': ['Active Directory Search (MS domain)\xa0(data is refreshed once every 24 hours) - data current as of: 9/4/2026 2:01:01 AM Central TimeBookmark this URL (not the site it takes you to): https://goto.optum.com/ActiveDirectoryInfoFor additional options, bookmark this url (not the site it takes you to): https://goto.optum.com/ActiveDirectoryInfo2EnabledEmployeeIDMSIDEmployee NameCorporate Email Boxuht-IdentityManagment-MailUserPrincipalNameEmployee TypeAccountTypePostal CodeDepartmentManager EmployeeIDManager MSIDManager NameManager EmailBusiness UnitOperating UnitLocationDepartmentTRUE900290126chimajaHimaja, Chagantichaganti_himaja@optum.comchaganti_himaja@optum.comchaganti_himaja@optum.comEPII033OG Adv APAC-1002011277pcorazaoCorazao, Peterpeter.corazao@optum.com1036806870INDIN033846594'], 'rowCount': 2, 'matched': False}, {'headers': ['Active Directory Search (MS domain)\xa0(data is refreshed once every 24 hours) - data current as of: 9/4/2026 2:01:01 AM Central TimeBookmark this URL (not the site it takes you to): https://goto.optum.com/ActiveDirectoryInfoFor additional options, bookmark this url (not the site it takes you to): https://goto.optum.com/ActiveDirectoryInfo2EnabledEmployeeIDMSIDEmployee NameCorporate Email Boxuht-IdentityManagment-MailUserPrincipalNameEmployee TypeAccountTypePostal CodeDepartmentManager EmployeeIDManager MSIDManager NameManager EmailBusiness UnitOperating UnitLocationDepartmentTRUE900290126chimajaHimaja, Chagantichaganti_himaja@optum.comchaganti_himaja@optum.comchaganti_himaja@optum.comEPII033OG Adv APAC-1002011277pcorazaoCorazao, Peterpeter.corazao@optum.com1036806870INDIN033846594'], 'rowCount': 1, 'matched': False}, {'headers': ['', '', '', '', '', '', '', ''], 'rowCount': 7, 'matched': False}, {'headers': ['Enabled', 'EmployeeID', 'MSID', 'Employee Name', 'Corporate Email Box', 'uht-IdentityManagment-Mail', 'UserPrincipalName', 'Employee Type', 'AccountType', 'Postal Code', 'Department', 'Manager EmployeeID', 'Manager MSID', 'Manager Name', 'Manager Email', 'Business Unit', 'Operating Unit', 'Location', 'Department'], 'rowCount': 1, 'matched': True}]
2026-09-08 17:09:05 DEBUG   [Thread-1 (stdin_reader)] it_asset_app: AD lookup: raw extracted rows: [{'Enabled': 'TRUE', 'EmployeeID': '900290126', 'MSID': 'chimaja', 'Employee Name': 'Himaja, Chaganti', 'Corporate Email Box': 'chaganti_himaja@optum.com', 'uht-IdentityManagment-Mail': 'chaganti_himaja@optum.com', 'UserPrincipalName': 'chaganti_himaja@optum.com', 'Employee Type': 'E', 'AccountType': 'P', 'Postal Code': 'II033', 'Department': 'OG Adv APAC-1', 'Manager EmployeeID': '002011277', 'Manager MSID': 'pcorazao', 'Manager Name': 'Corazao, Peter', 'Manager Email': 'peter.corazao@optum.com', 'Business Unit': '10368', 'Operating Unit': '06870', 'Location': 'INDIN033'}]
2026-09-08 17:09:05 DEBUG   [Thread-1 (stdin_reader)] it_asset_app: AD lookup: mapped fields from row: {'emp_name': 'Himaja, Chaganti', 'manager_name': 'Corazao, Peter', 'contact_number': '', 'department': 'OG Adv APAC-1', 'email': 'chaganti_himaja@optum.com', 'designation': 'E', 'msid': 'chimaja', 'employee_id_confirmed': '900290126', 'manager_email': 'peter.corazao@optum.com', 'manager_msid': 'pcorazao', 'manager_employee_id': '002011277', 'account_enabled': 'TRUE'}
2026-09-08 17:09:05 INFO    [Thread-1 (stdin_reader)] it_asset_app: AD lookup: SUCCESS for emp_id='900290126' - 1 candidate(s), emp_name='Himaja, Chaganti' manager_name='Corazao, Peter'
2026-09-08 17:09:05 INFO    [Thread-1 (stdin_reader)] it_asset_app: AD helper: sending 1 candidate(s) back for request_id='fb03836b01454a489593cbad722d1fe9'
2026-09-08 17:09:32 INFO    [Thread-9 (worker)] it_asset_app: AD helper: launched new subprocess (pid=28496): ['C:\\Program Files\\Python314\\python.exe', 'C:\\Users\\srajaamu\\OneDrive - UHG\\Topaz_automation\\WorkFlow_Topaz\\app.py', '--webview-helper']
2026-09-08 17:09:33 INFO    [MainThread] it_asset_app: ======================================================================
2026-09-08 17:09:33 INFO    [MainThread] it_asset_app: App starting - log file: C:\Users\srajaamu\OneDrive - UHG\Topaz_automation\WorkFlow_Topaz\logs\app.log
2026-09-08 17:09:33 INFO    [MainThread] it_asset_app: Python: 3.14.7 | frozen: False
2026-09-08 17:09:33 INFO    [MainThread] it_asset_app: AD helper: subprocess started (pid=28496)
2026-09-08 17:09:33 INFO    [Thread-1 (stdin_reader)] it_asset_app: AD helper: received lookup request_id='0400a27bc575433cac9419bcfe40a734' emp_id='002227711'
2026-09-08 17:09:38 INFO    [Thread-1 (stdin_reader)] it_asset_app: AD lookup: starting search for emp_id='002227711' (header_keyword='EmployeeID', name_column='Employee Name')
2026-09-08 17:09:38 DEBUG   [Thread-1 (stdin_reader)] it_asset_app: AD lookup: filled search textbox OK
2026-09-08 17:09:39 DEBUG   [Thread-1 (stdin_reader)] it_asset_app: AD lookup: clicked 'View Report' button OK
2026-09-08 17:09:41 DEBUG   [Thread-1 (stdin_reader)] it_asset_app: AD lookup: results table ready after 2.8s
2026-09-08 17:09:41 DEBUG   [Thread-1 (stdin_reader)] it_asset_app: AD lookup: extracted 1 row(s) via strategy='single-table'; tables seen on page: [{'headers': ['Loading...\nCancel\n\n\n\xa0\t\t\t\xa0\t\t\t\xa0\t\t\n\t\t\t\t\t\tSearch AD for MSID, EmployeeID, or Email Address (one entry per line)\t\n\t\n\t\n\t\t\n\n\n\n\n\t\t\n\t\t\t\tof\t\t0\t\t\n\t\t\n\t\n\t\nPage Width\nWhole Page\n500%\n200%\n150%\n100%\n75%\n50%\n25%\n10%\n\t\n\t\n\t\n\t\tFind\t\t\n\t\t|\t\tNext'], 'rowCount': 1, 'matched': False}, {'headers': ['', 'Loading...\nCancel'], 'rowCount': 1, 'matched': False}, {'headers': ['', '', ''], 'rowCount': 5, 'matched': False}, {'headers': ['Search AD for MSID, EmployeeID, or Email Address (one entry per line)', '', ''], 'rowCount': 1, 'matched': False}, {'headers': ['', '', '', '', '', '', '', '', ''], 'rowCount': 2, 'matched': False}, {'headers': ['', ''], 'rowCount': 1, 'matched': False}, {'headers': ['', '', '', '', '', '', 'of', '', '0', '', '', '', ''], 'rowCount': 1, 'matched': False}, {'headers': [''], 'rowCount': 1, 'matched': False}, {'headers': [''], 'rowCount': 1, 'matched': False}, {'headers': [''], 'rowCount': 1, 'matched': False}, {'headers': [''], 'rowCount': 1, 'matched': False}, {'headers': [''], 'rowCount': 1, 'matched': False}, {'headers': [''], 'rowCount': 1, 'matched': False}, {'headers': [''], 'rowCount': 1, 'matched': False}, {'headers': [''], 'rowCount': 1, 'matched': False}, {'headers': [''], 'rowCount': 1, 'matched': False}, {'headers': [''], 'rowCount': 1, 'matched': False}, {'headers': [''], 'rowCount': 1, 'matched': False}, {'headers': ['Page Width\nWhole Page\n500%\n200%\n150%\n100%\n75%\n50%\n25%\n10%'], 'rowCount': 1, 'matched': False}, {'headers': ['Word\n\t\t\t\t\t\t\t\t\t\n\t\t\t\t\t\t\t\t\t\tExcel\n\t\t\t\t\t\t\t\t\t\n\t\t\t\t\t\t\t\t\t\tPowerPoint\n\t\t\t\t\t\t\t\t\t\n\t\t\t\t\t\t\t\t\t\tPDF\n\t\t\t\t\t\t\t\t\t\n\t\t\t\t\t\t\t\t\t\tTIFF file\n\t\t\t\t\t\t\t\t\t\n\t\t\t\t\t\t\t\t\t\tMHTML (web archive)\n\t\t\t\t\t\t\t\t\t\n\t\t\t\t\t\t\t\t\t\tCSV (comma delimited)\n\t\t\t\t\t\t\t\t\t\n\t\t\t\t\t\t\t\t\t\tXML file with report data\n\t\t\t\t\t\t\t\t\t\n\t\t\t\t\t\t\t\t\t\tData Feed'], 'rowCount': 1, 'matched': False}, {'headers': [''], 'rowCount': 1, 'matched': False}, {'headers': [''], 'rowCount': 1, 'matched': False}, {'headers': [''], 'rowCount': 1, 'matched': False}, {'headers': [''], 'rowCount': 1, 'matched': False}, {'headers': ['', '', 'Find', '', '', '', '|', '', 'Next', '', ''], 'rowCount': 1, 'matched': False}, {'headers': ['Active Directory Search (MS domain)\xa0(data is refreshed once every 24 hours) - data current as of: 9/4/2026 2:01:01 AM Central TimeBookmark this URL (not the site it takes you to): https://goto.optum.com/ActiveDirectoryInfoFor additional options, bookmark this url (not the site it takes you to): https://goto.optum.com/ActiveDirectoryInfo2EnabledEmployeeIDMSIDEmployee NameCorporate Email Boxuht-IdentityManagment-MailUserPrincipalNameEmployee TypeAccountTypePostal CodeDepartmentManager EmployeeIDManager MSIDManager NameManager EmailBusiness UnitOperating UnitLocationDepartmentTRUE002227711mganes39Ganesan, Marimuthumarimuthu.ganesan@optum.commarimuthu.ganesan@optum.commarimuthu.ganesan@optum.comEPII032OI Operations001341886sganes23Ganesan, Sathish KumarGanesanS@Optum.com4821006290INDIN032804005'], 'rowCount': 1, 'matched': False}, {'headers': ['Active Directory Search (MS domain)\xa0(data is refreshed once every 24 hours) - data current as of: 9/4/2026 2:01:01 AM Central TimeBookmark this URL (not the site it takes you to): https://goto.optum.com/ActiveDirectoryInfoFor additional options, bookmark this url (not the site it takes you to): https://goto.optum.com/ActiveDirectoryInfo2EnabledEmployeeIDMSIDEmployee NameCorporate Email Boxuht-IdentityManagment-MailUserPrincipalNameEmployee TypeAccountTypePostal CodeDepartmentManager EmployeeIDManager MSIDManager NameManager EmailBusiness UnitOperating UnitLocationDepartmentTRUE002227711mganes39Ganesan, Marimuthumarimuthu.ganesan@optum.commarimuthu.ganesan@optum.commarimuthu.ganesan@optum.comEPII032OI Operations001341886sganes23Ganesan, Sathish KumarGanesanS@Optum.com4821006290INDIN032804005'], 'rowCount': 2, 'matched': False}, {'headers': ['Active Directory Search (MS domain)\xa0(data is refreshed once every 24 hours) - data current as of: 9/4/2026 2:01:01 AM Central TimeBookmark this URL (not the site it takes you to): https://goto.optum.com/ActiveDirectoryInfoFor additional options, bookmark this url (not the site it takes you to): https://goto.optum.com/ActiveDirectoryInfo2EnabledEmployeeIDMSIDEmployee NameCorporate Email Boxuht-IdentityManagment-MailUserPrincipalNameEmployee TypeAccountTypePostal CodeDepartmentManager EmployeeIDManager MSIDManager NameManager EmailBusiness UnitOperating UnitLocationDepartmentTRUE002227711mganes39Ganesan, Marimuthumarimuthu.ganesan@optum.commarimuthu.ganesan@optum.commarimuthu.ganesan@optum.comEPII032OI Operations001341886sganes23Ganesan, Sathish KumarGanesanS@Optum.com4821006290INDIN032804005'], 'rowCount': 1, 'matched': False}, {'headers': ['', '', '', '', '', '', '', ''], 'rowCount': 7, 'matched': False}, {'headers': ['Enabled', 'EmployeeID', 'MSID', 'Employee Name', 'Corporate Email Box', 'uht-IdentityManagment-Mail', 'UserPrincipalName', 'Employee Type', 'AccountType', 'Postal Code', 'Department', 'Manager EmployeeID', 'Manager MSID', 'Manager Name', 'Manager Email', 'Business Unit', 'Operating Unit', 'Location', 'Department'], 'rowCount': 1, 'matched': True}]
2026-09-08 17:09:41 DEBUG   [Thread-1 (stdin_reader)] it_asset_app: AD lookup: raw extracted rows: [{'Enabled': 'TRUE', 'EmployeeID': '002227711', 'MSID': 'mganes39', 'Employee Name': 'Ganesan, Marimuthu', 'Corporate Email Box': 'marimuthu.ganesan@optum.com', 'uht-IdentityManagment-Mail': 'marimuthu.ganesan@optum.com', 'UserPrincipalName': 'marimuthu.ganesan@optum.com', 'Employee Type': 'E', 'AccountType': 'P', 'Postal Code': 'II032', 'Department': 'OI Operations', 'Manager EmployeeID': '001341886', 'Manager MSID': 'sganes23', 'Manager Name': 'Ganesan, Sathish Kumar', 'Manager Email': 'GanesanS@Optum.com', 'Business Unit': '48210', 'Operating Unit': '06290', 'Location': 'INDIN032'}]
2026-09-08 17:09:41 DEBUG   [Thread-1 (stdin_reader)] it_asset_app: AD lookup: mapped fields from row: {'emp_name': 'Ganesan, Marimuthu', 'manager_name': 'Ganesan, Sathish Kumar', 'contact_number': '', 'department': 'OI Operations', 'email': 'marimuthu.ganesan@optum.com', 'designation': 'E', 'msid': 'mganes39', 'employee_id_confirmed': '002227711', 'manager_email': 'GanesanS@Optum.com', 'manager_msid': 'sganes23', 'manager_employee_id': '001341886', 'account_enabled': 'TRUE'}
2026-09-08 17:09:41 INFO    [Thread-1 (stdin_reader)] it_asset_app: AD lookup: SUCCESS for emp_id='002227711' - 1 candidate(s), emp_name='Ganesan, Marimuthu' manager_name='Ganesan, Sathish Kumar'
2026-09-08 17:09:41 INFO    [Thread-1 (stdin_reader)] it_asset_app: AD helper: sending 1 candidate(s) back for request_id='0400a27bc575433cac9419bcfe40a734'
2026-09-08 17:11:25 INFO    [MainThread] it_asset_app: SignatureService.capture: use_topaz_pad=True, title='Employee: sign here'
2026-09-08 17:11:25 INFO    [MainThread] it_asset_app: Topaz: capture() starting
2026-09-08 17:11:25 DEBUG   [Thread-11 (worker)] it_asset_app: Topaz: ProgID 'TOPAZSIGPLUS.SigPlusCtrl.1' failed: (-2147221005, 'Invalid class string', None, None)
2026-09-08 17:11:26 INFO    [Thread-11 (worker)] it_asset_app: Topaz: connected via ProgID 'SigPlus.SigPlusCtrl.1'
2026-09-08 17:11:26 DEBUG   [Thread-11 (worker)] it_asset_app: Topaz: control exposes: ['AboutBox', 'AddSerialByte', 'Annotate', 'AsciiDataMode', 'AutoKeyAddData', 'AutoKeyData', 'AutoKeyFinish', 'AutoKeyStart', 'AutoTimeStamp', 'BackColor', 'BackgroundHandle', 'BitMapBufferByte', 'BitMapBufferClose', 'BitMapBufferSize', 'BitMapBufferWrite', 'BitmapHandle', 'Buffer', 'ByteIndex', 'ClearSigWindow', 'ClearTablet', 'CmdCount', 'CmdData', 'CmdString', 'CoordToUse', 'Coords', 'Data', 'Dest', 'DisableMessageBoxes', 'DisableTabletCapture', 'DisplayAnnotate', 'DisplayAnnotatePosX', 'DisplayAnnotatePosY', 'DisplayAnnotateSize', 'DisplayMode', 'DisplayPenWidth', 'DisplayRotate', 'DisplayRotateSave', 'DisplayTimeStamp', 'DisplayTimeStampPosX', 'DisplayTimeStampPosY', 'DisplayTimeStampSize', 'DisplayWindowRes', 'Enable', 'EnableTabletCapture', 'EnableTabletEncryption', 'EncryptionMode', 'EventMask', 'ExportSigFile', 'FaceName', 'Factor', 'FileName', 'FinalFactor', 'FitToWindow', 'ForeColor', 'Format', 'GetBadPointCounter', 'GetBitmapBufferBytes', 'GetEventEnableMask', 'GetImageScreenResolution', 'GetKey', 'GetKeyReceipt', 'GetKeyReceiptAscii', 'GetLCDSize', 'GetLCDStringSize', 'GetNumPointsForStroke', 'GetNumberOfAttachedTablets', 'GetNumberOfHotSpotPoints', 'GetNumberOfStrokes', 'GetOposPointArray', 'GetOposTotalPoints', 'GetPointPValue', 'GetPointTValue', 'GetPointXValue', 'GetPointYValue', 'GetSavePressureData', 'GetSaveTimeData', 'GetSerialNumberToUse', 'GetSigData', 'GetSigPlusVersionString', 'GetSigReceipt', 'GetSigReceiptAscii', 'GetTabletModelNumber', 'GetTabletPortPath', 'GetTabletSerialNumber', 'GetTrackGemField', 'GreyGain', 'GreyOffset', 'Height', 'HexString', 'HighlightPoint', 'HighlightStroke', 'HostMode', 'IPAddress', 'ImageAnnotate', 'ImageAnnotatePosX', 'ImageAnnotatePosY', 'ImageAnnotateSize', 'ImageFileFormat', 'ImageFileName', 'ImagePenWidth', 'ImageTimeStamp', 'ImageTimeStampPosX', 'ImageTimeStampPosY', 'ImageTimeStampSize', 'ImageXSize', 'ImageYSize', 'ImportSigFile', 'Index', 'InitSigPlus', 'Inside', 'Italic', 'JustifyMode', 'JustifyX', 'JustifyY', 'KeyCode', 'KeyData', 'KeyPadAddHotSpot', 'KeyPadClearHotSpotList', 'KeyPadEnableTapOnly', 'KeyPadQueryHotSpot', 'KeyString', 'LCDCaptureMode', 'LCDCompEnable', 'LCDCompFast', 'LCDCompMode', 'LCDCompSlow', 'LCDCreateImage', 'LCDPlayVideo', 'LCDRefresh', 'LCDSendCmdString', 'LCDSendCommandData', 'LCDSendImage', 'LCDSetFont', 'LCDSetTabletMap', 'LCDSetWindow', 'LCDStopVideo', 'LCDTiffAdd', 'LCDTiffStart', 'LCDTiffWrite', 'LCDType', 'LCDWriteBitmap', 'LCDWriteFile', 'LCDWriteString', 'LCDWriteStringToImage', 'LCDWriteWindowedBitmap', 'LCDXSize', 'LCDXStart', 'LCDXStop', 'LCDYSize', 'LCDYStart', 'LCDYStop', 'LCDZCompMode', 'LineScale', 'LoadTrackGemSig', 'LogEnable', 'LogFilePath', 'MapPoints', 'Message', 'Mode', 'NewPath', 'NewPixelDepth', 'NewPortPath', 'NewValue', 'NumberOfTabletPoints', 'Offset', 'OpaqueMode', 'Param', 'PitchAndFamily', 'PointArray', 'PointIdx', 'PointNumber', 'PortNumber', 'ReplayMode', 'RetryCount', 'ReturnCount', 'SaveSigInfo', 'SerialByte', 'SetAntiAliasEnable', 'SetAntiAliasParameters', 'SetBackground', 'SetBackgroundHandle', 'SetDisplayAnnotateData', 'SetDisplayTimeStampData', 'SetDynamicPressure', 'SetEnableColor', 'SetEventEnableMask', 'SetGreyScaleParams', 'SetIPAddress', 'SetImageAnnotateData', 'SetImageScreenResolution', 'SetImageTimeStampData', 'SetKey', 'SetLCDCompression', 'SetLCDCompressionParameters', 'SetLCDPixelDepth', 'SetLCDRetryCount', 'SetLCDTransferDelay', 'SetLCDTransferSize', 'SetLCDType', 'SetLocalIniFilePath', 'SetLogEnable', 'SetLogFilePath', 'SetMultiUsbEnable', 'SetPressureMap', 'SetPressureMapPoints', 'SetSavePressureData', 'SetSaveTimeData', 'SetSerialNumberToUse', 'SetSigData', 'SetSigSocketPort', 'SetSigWindow', 'SetSpecialCloseDelay', 'SetTabletEncryptionModes', 'SetTabletPortPath', 'SetTranslateBitmapEnable', 'SetUseSHA2Hash', 'SetWMFTempPath', 'SigCompressionMode', 'SigData', 'SigMessage', 'SigSetFont', 'SigString', 'Size', 'SpotSize', 'State', 'Str', 'StrokeIdx', 'StrokeNumber', 'TabletBaudRate', 'TabletClippingMode', 'TabletComPort', 'TabletComTest', 'TabletConnectQuery', 'TabletFilterPoints', 'TabletGraphic', 'TabletGraphicFile', 'TabletIndex', 'TabletInvisible', 'TabletLCDMode', 'TabletLogicalXSize', 'TabletLogicalYSize', 'TabletMode', 'TabletModelNumber', 'TabletResolution', 'TabletRotation', 'TabletSerialNumber', 'TabletState', 'TabletText', 'TabletTextFile', 'TabletTimer', 'TabletTimingAdvance', 'TabletType', 'TabletXStart', 'TabletXStop', 'TabletYStart', 'TabletYStop', 'TestFunction', 'TimeOut', 'TimeStamp', 'TransferDelay', 'TransferSize', 'Underline', 'Value', 'Velocity0', 'VelocityRange', 'VideoNumber', 'Weight', 'Width', 'WriteImageFile', 'X', 'XPos', 'XSize', 'Y', 'YPos', 'YSize', 'ZoomPower', 'ZoomX', 'ZoomY']
2026-09-08 17:11:26 DEBUG   [Thread-11 (worker)] it_asset_app: Topaz: arming the pad (hwnd=2757492)
2026-09-08 17:11:26 DEBUG   [Thread-11 (worker)] it_asset_app: Topaz: tablet state set to 1 via TabletState property
2026-09-08 17:11:26 INFO    [Thread-11 (worker)] it_asset_app: Topaz: pad armed OK
2026-09-08 17:11:43 INFO    [Thread-11 (worker)] it_asset_app: Topaz: NumberOfTabletPoints=209 after Accept
2026-09-08 17:11:43 DEBUG   [Thread-11 (worker)] it_asset_app: Topaz: SigImageB64 not available (SigPlus.SigPlusCtrl.1.SigImageB64)
2026-09-08 17:11:43 DEBUG   [Thread-11 (worker)] it_asset_app: Topaz: image property ImageFileName not settable (Property 'SigPlus.SigPlusCtrl.1.ImageFileName' can not be set.)
2026-09-08 17:11:43 INFO    [Thread-11 (worker)] it_asset_app: Topaz: WriteImageFile(path, fmt, x, y, pen) failed (WriteImageFile() takes from 1 to 2 positional arguments but 6 were given)
2026-09-08 17:11:43 INFO    [Thread-11 (worker)] it_asset_app: Topaz: WriteImageFile(path, fmt) failed (WriteImageFile() takes from 1 to 2 positional arguments but 3 were given)
2026-09-08 17:11:43 INFO    [Thread-11 (worker)] it_asset_app: Topaz: wrote signature bitmap via WriteImageFile(path)
2026-09-08 17:11:43 DEBUG   [Thread-11 (worker)] it_asset_app: Topaz: tablet state set to 0 via TabletState property
2026-09-08 17:11:43 DEBUG   [Thread-11 (worker)] it_asset_app: Topaz: pad disarmed OK
2026-09-08 17:11:43 INFO    [MainThread] it_asset_app: Topaz: capture SUCCESS, saved to C:\Users\srajaamu\AppData\Local\Temp\sig_topaz_dfa2a75c217f4d1caf5845b996106fde.png
2026-09-08 17:11:43 INFO    [MainThread] it_asset_app: SignatureService.capture: Topaz path returned 'C:\\Users\\srajaamu\\AppData\\Local\\Temp\\sig_topaz_dfa2a75c217f4d1caf5845b996106fde.png'
2026-09-08 17:11:46 INFO    [MainThread] it_asset_app: SignatureService.capture: use_topaz_pad=True, title='Asset Receiver: sign here'
2026-09-08 17:11:46 INFO    [MainThread] it_asset_app: Topaz: capture() starting
2026-09-08 17:11:46 DEBUG   [Thread-12 (worker)] it_asset_app: Topaz: ProgID 'TOPAZSIGPLUS.SigPlusCtrl.1' failed: (-2147221005, 'Invalid class string', None, None)
2026-09-08 17:11:46 INFO    [Thread-12 (worker)] it_asset_app: Topaz: connected via ProgID 'SigPlus.SigPlusCtrl.1'
2026-09-08 17:11:46 DEBUG   [Thread-12 (worker)] it_asset_app: Topaz: control exposes: ['AboutBox', 'AddSerialByte', 'Annotate', 'AsciiDataMode', 'AutoKeyAddData', 'AutoKeyData', 'AutoKeyFinish', 'AutoKeyStart', 'AutoTimeStamp', 'BackColor', 'BackgroundHandle', 'BitMapBufferByte', 'BitMapBufferClose', 'BitMapBufferSize', 'BitMapBufferWrite', 'BitmapHandle', 'Buffer', 'ByteIndex', 'ClearSigWindow', 'ClearTablet', 'CmdCount', 'CmdData', 'CmdString', 'CoordToUse', 'Coords', 'Data', 'Dest', 'DisableMessageBoxes', 'DisableTabletCapture', 'DisplayAnnotate', 'DisplayAnnotatePosX', 'DisplayAnnotatePosY', 'DisplayAnnotateSize', 'DisplayMode', 'DisplayPenWidth', 'DisplayRotate', 'DisplayRotateSave', 'DisplayTimeStamp', 'DisplayTimeStampPosX', 'DisplayTimeStampPosY', 'DisplayTimeStampSize', 'DisplayWindowRes', 'Enable', 'EnableTabletCapture', 'EnableTabletEncryption', 'EncryptionMode', 'EventMask', 'ExportSigFile', 'FaceName', 'Factor', 'FileName', 'FinalFactor', 'FitToWindow', 'ForeColor', 'Format', 'GetBadPointCounter', 'GetBitmapBufferBytes', 'GetEventEnableMask', 'GetImageScreenResolution', 'GetKey', 'GetKeyReceipt', 'GetKeyReceiptAscii', 'GetLCDSize', 'GetLCDStringSize', 'GetNumPointsForStroke', 'GetNumberOfAttachedTablets', 'GetNumberOfHotSpotPoints', 'GetNumberOfStrokes', 'GetOposPointArray', 'GetOposTotalPoints', 'GetPointPValue', 'GetPointTValue', 'GetPointXValue', 'GetPointYValue', 'GetSavePressureData', 'GetSaveTimeData', 'GetSerialNumberToUse', 'GetSigData', 'GetSigPlusVersionString', 'GetSigReceipt', 'GetSigReceiptAscii', 'GetTabletModelNumber', 'GetTabletPortPath', 'GetTabletSerialNumber', 'GetTrackGemField', 'GreyGain', 'GreyOffset', 'Height', 'HexString', 'HighlightPoint', 'HighlightStroke', 'HostMode', 'IPAddress', 'ImageAnnotate', 'ImageAnnotatePosX', 'ImageAnnotatePosY', 'ImageAnnotateSize', 'ImageFileFormat', 'ImageFileName', 'ImagePenWidth', 'ImageTimeStamp', 'ImageTimeStampPosX', 'ImageTimeStampPosY', 'ImageTimeStampSize', 'ImageXSize', 'ImageYSize', 'ImportSigFile', 'Index', 'InitSigPlus', 'Inside', 'Italic', 'JustifyMode', 'JustifyX', 'JustifyY', 'KeyCode', 'KeyData', 'KeyPadAddHotSpot', 'KeyPadClearHotSpotList', 'KeyPadEnableTapOnly', 'KeyPadQueryHotSpot', 'KeyString', 'LCDCaptureMode', 'LCDCompEnable', 'LCDCompFast', 'LCDCompMode', 'LCDCompSlow', 'LCDCreateImage', 'LCDPlayVideo', 'LCDRefresh', 'LCDSendCmdString', 'LCDSendCommandData', 'LCDSendImage', 'LCDSetFont', 'LCDSetTabletMap', 'LCDSetWindow', 'LCDStopVideo', 'LCDTiffAdd', 'LCDTiffStart', 'LCDTiffWrite', 'LCDType', 'LCDWriteBitmap', 'LCDWriteFile', 'LCDWriteString', 'LCDWriteStringToImage', 'LCDWriteWindowedBitmap', 'LCDXSize', 'LCDXStart', 'LCDXStop', 'LCDYSize', 'LCDYStart', 'LCDYStop', 'LCDZCompMode', 'LineScale', 'LoadTrackGemSig', 'LogEnable', 'LogFilePath', 'MapPoints', 'Message', 'Mode', 'NewPath', 'NewPixelDepth', 'NewPortPath', 'NewValue', 'NumberOfTabletPoints', 'Offset', 'OpaqueMode', 'Param', 'PitchAndFamily', 'PointArray', 'PointIdx', 'PointNumber', 'PortNumber', 'ReplayMode', 'RetryCount', 'ReturnCount', 'SaveSigInfo', 'SerialByte', 'SetAntiAliasEnable', 'SetAntiAliasParameters', 'SetBackground', 'SetBackgroundHandle', 'SetDisplayAnnotateData', 'SetDisplayTimeStampData', 'SetDynamicPressure', 'SetEnableColor', 'SetEventEnableMask', 'SetGreyScaleParams', 'SetIPAddress', 'SetImageAnnotateData', 'SetImageScreenResolution', 'SetImageTimeStampData', 'SetKey', 'SetLCDCompression', 'SetLCDCompressionParameters', 'SetLCDPixelDepth', 'SetLCDRetryCount', 'SetLCDTransferDelay', 'SetLCDTransferSize', 'SetLCDType', 'SetLocalIniFilePath', 'SetLogEnable', 'SetLogFilePath', 'SetMultiUsbEnable', 'SetPressureMap', 'SetPressureMapPoints', 'SetSavePressureData', 'SetSaveTimeData', 'SetSerialNumberToUse', 'SetSigData', 'SetSigSocketPort', 'SetSigWindow', 'SetSpecialCloseDelay', 'SetTabletEncryptionModes', 'SetTabletPortPath', 'SetTranslateBitmapEnable', 'SetUseSHA2Hash', 'SetWMFTempPath', 'SigCompressionMode', 'SigData', 'SigMessage', 'SigSetFont', 'SigString', 'Size', 'SpotSize', 'State', 'Str', 'StrokeIdx', 'StrokeNumber', 'TabletBaudRate', 'TabletClippingMode', 'TabletComPort', 'TabletComTest', 'TabletConnectQuery', 'TabletFilterPoints', 'TabletGraphic', 'TabletGraphicFile', 'TabletIndex', 'TabletInvisible', 'TabletLCDMode', 'TabletLogicalXSize', 'TabletLogicalYSize', 'TabletMode', 'TabletModelNumber', 'TabletResolution', 'TabletRotation', 'TabletSerialNumber', 'TabletState', 'TabletText', 'TabletTextFile', 'TabletTimer', 'TabletTimingAdvance', 'TabletType', 'TabletXStart', 'TabletXStop', 'TabletYStart', 'TabletYStop', 'TestFunction', 'TimeOut', 'TimeStamp', 'TransferDelay', 'TransferSize', 'Underline', 'Value', 'Velocity0', 'VelocityRange', 'VideoNumber', 'Weight', 'Width', 'WriteImageFile', 'X', 'XPos', 'XSize', 'Y', 'YPos', 'YSize', 'ZoomPower', 'ZoomX', 'ZoomY']
2026-09-08 17:11:46 DEBUG   [Thread-12 (worker)] it_asset_app: Topaz: arming the pad (hwnd=2757492)
2026-09-08 17:11:46 DEBUG   [Thread-12 (worker)] it_asset_app: Topaz: tablet state set to 1 via TabletState property
2026-09-08 17:11:46 INFO    [Thread-12 (worker)] it_asset_app: Topaz: pad armed OK
2026-09-08 17:11:53 INFO    [Thread-12 (worker)] it_asset_app: Topaz: NumberOfTabletPoints=250 after Accept
2026-09-08 17:11:53 DEBUG   [Thread-12 (worker)] it_asset_app: Topaz: SigImageB64 not available (SigPlus.SigPlusCtrl.1.SigImageB64)
2026-09-08 17:11:53 DEBUG   [Thread-12 (worker)] it_asset_app: Topaz: image property ImageFileName not settable (Property 'SigPlus.SigPlusCtrl.1.ImageFileName' can not be set.)
2026-09-08 17:11:53 INFO    [Thread-12 (worker)] it_asset_app: Topaz: WriteImageFile(path, fmt, x, y, pen) failed (WriteImageFile() takes from 1 to 2 positional arguments but 6 were given)
2026-09-08 17:11:53 INFO    [Thread-12 (worker)] it_asset_app: Topaz: WriteImageFile(path, fmt) failed (WriteImageFile() takes from 1 to 2 positional arguments but 3 were given)
2026-09-08 17:11:53 INFO    [Thread-12 (worker)] it_asset_app: Topaz: wrote signature bitmap via WriteImageFile(path)
2026-09-08 17:11:53 DEBUG   [Thread-12 (worker)] it_asset_app: Topaz: tablet state set to 0 via TabletState property
2026-09-08 17:11:53 DEBUG   [Thread-12 (worker)] it_asset_app: Topaz: pad disarmed OK
2026-09-08 17:11:53 INFO    [MainThread] it_asset_app: Topaz: capture SUCCESS, saved to C:\Users\srajaamu\AppData\Local\Temp\sig_topaz_3a3036407b2e4184bff23a4f8b007a60.png
2026-09-08 17:11:53 INFO    [MainThread] it_asset_app: SignatureService.capture: Topaz path returned 'C:\\Users\\srajaamu\\AppData\\Local\\Temp\\sig_topaz_3a3036407b2e4184bff23a4f8b007a60.png'
2026-09-08 17:46:20 INFO    [MainThread] it_asset_app: WizardApp: closing (user closed the window)
2026-09-08 17:46:20 INFO    [MainThread] it_asset_app: WizardApp: closed
2026-09-08 17:47:34 INFO    [MainThread] it_asset_app: ======================================================================
2026-09-08 17:47:34 INFO    [MainThread] it_asset_app: App starting - log file: C:\Users\srajaamu\OneDrive - UHG\Topaz_automation\WorkFlow_Topaz\logs\app.log
2026-09-08 17:47:34 INFO    [MainThread] it_asset_app: Python: 3.14.7 | frozen: False
2026-09-08 17:47:34 INFO    [MainThread] it_asset_app: WizardApp: starting up. ad_lookup_mode='ssrs_report' use_topaz_pad=True bu_templates_folder='bu_templates'
2026-09-08 17:47:34 INFO    [MainThread] it_asset_app: WizardApp: GUI ready
2026-09-08 17:47:34 INFO    [Thread-1 (start)] it_asset_app: AD helper: launched new subprocess (pid=45944): ['C:\\Program Files\\Python314\\python.exe', 'C:\\Users\\srajaamu\\OneDrive - UHG\\Topaz_automation\\WorkFlow_Topaz\\app.py', '--webview-helper']
2026-09-08 17:47:35 INFO    [MainThread] it_asset_app: ======================================================================
2026-09-08 17:47:35 INFO    [MainThread] it_asset_app: App starting - log file: C:\Users\srajaamu\OneDrive - UHG\Topaz_automation\WorkFlow_Topaz\logs\app.log
2026-09-08 17:47:35 INFO    [MainThread] it_asset_app: Python: 3.14.7 | frozen: False
2026-09-08 17:47:35 INFO    [MainThread] it_asset_app: AD helper: subprocess started (pid=45944)
2026-09-08 17:48:17 INFO    [Thread-3 (worker)] it_asset_app: AD helper: launched new subprocess (pid=32364): ['C:\\Program Files\\Python314\\python.exe', 'C:\\Users\\srajaamu\\OneDrive - UHG\\Topaz_automation\\WorkFlow_Topaz\\app.py', '--webview-helper']
2026-09-08 17:48:17 INFO    [MainThread] it_asset_app: ======================================================================
2026-09-08 17:48:17 INFO    [MainThread] it_asset_app: App starting - log file: C:\Users\srajaamu\OneDrive - UHG\Topaz_automation\WorkFlow_Topaz\logs\app.log
2026-09-08 17:48:17 INFO    [MainThread] it_asset_app: Python: 3.14.7 | frozen: False
2026-09-08 17:48:17 INFO    [MainThread] it_asset_app: AD helper: subprocess started (pid=32364)
2026-09-08 17:48:17 INFO    [Thread-1 (stdin_reader)] it_asset_app: AD helper: received lookup request_id='9efced67749e4b3db8b7461b52df18c6' emp_id='002228383'
2026-09-08 17:48:23 INFO    [Thread-1 (stdin_reader)] it_asset_app: AD lookup: starting search for emp_id='002228383' (header_keyword='EmployeeID', name_column='Employee Name')
2026-09-08 17:48:23 DEBUG   [Thread-1 (stdin_reader)] it_asset_app: AD lookup: filled search textbox OK
2026-09-08 17:48:24 DEBUG   [Thread-1 (stdin_reader)] it_asset_app: AD lookup: clicked 'View Report' button OK
2026-09-08 17:48:31 DEBUG   [Thread-1 (stdin_reader)] it_asset_app: AD lookup: results table ready after 7.3s
2026-09-08 17:48:31 DEBUG   [Thread-1 (stdin_reader)] it_asset_app: AD lookup: extracted 1 row(s) via strategy='single-table'; tables seen on page: [{'headers': ['Loading...\nCancel\n\n\n\xa0\t\t\t\xa0\t\t\t\xa0\t\t\n\t\t\t\t\t\tSearch AD for MSID, EmployeeID, or Email Address (one entry per line)\t\n\t\n\t\n\t\t\n\n\n\n\n\t\t\n\t\t\t\tof\t\t0\t\t\n\t\t\n\t\n\t\nPage Width\nWhole Page\n500%\n200%\n150%\n100%\n75%\n50%\n25%\n10%\n\t\n\t\n\t\n\t\tFind\t\t\n\t\t|\t\tNext'], 'rowCount': 1, 'matched': False}, {'headers': ['', 'Loading...\nCancel'], 'rowCount': 1, 'matched': False}, {'headers': ['', '', ''], 'rowCount': 5, 'matched': False}, {'headers': ['Search AD for MSID, EmployeeID, or Email Address (one entry per line)', '', ''], 'rowCount': 1, 'matched': False}, {'headers': ['', '', '', '', '', '', '', '', ''], 'rowCount': 2, 'matched': False}, {'headers': ['', ''], 'rowCount': 1, 'matched': False}, {'headers': ['', '', '', '', '', '', 'of', '', '0', '', '', '', ''], 'rowCount': 1, 'matched': False}, {'headers': [''], 'rowCount': 1, 'matched': False}, {'headers': [''], 'rowCount': 1, 'matched': False}, {'headers': [''], 'rowCount': 1, 'matched': False}, {'headers': [''], 'rowCount': 1, 'matched': False}, {'headers': [''], 'rowCount': 1, 'matched': False}, {'headers': [''], 'rowCount': 1, 'matched': False}, {'headers': [''], 'rowCount': 1, 'matched': False}, {'headers': [''], 'rowCount': 1, 'matched': False}, {'headers': [''], 'rowCount': 1, 'matched': False}, {'headers': [''], 'rowCount': 1, 'matched': False}, {'headers': [''], 'rowCount': 1, 'matched': False}, {'headers': ['Page Width\nWhole Page\n500%\n200%\n150%\n100%\n75%\n50%\n25%\n10%'], 'rowCount': 1, 'matched': False}, {'headers': ['Word\n\t\t\t\t\t\t\t\t\t\n\t\t\t\t\t\t\t\t\t\tExcel\n\t\t\t\t\t\t\t\t\t\n\t\t\t\t\t\t\t\t\t\tPowerPoint\n\t\t\t\t\t\t\t\t\t\n\t\t\t\t\t\t\t\t\t\tPDF\n\t\t\t\t\t\t\t\t\t\n\t\t\t\t\t\t\t\t\t\tTIFF file\n\t\t\t\t\t\t\t\t\t\n\t\t\t\t\t\t\t\t\t\tMHTML (web archive)\n\t\t\t\t\t\t\t\t\t\n\t\t\t\t\t\t\t\t\t\tCSV (comma delimited)\n\t\t\t\t\t\t\t\t\t\n\t\t\t\t\t\t\t\t\t\tXML file with report data\n\t\t\t\t\t\t\t\t\t\n\t\t\t\t\t\t\t\t\t\tData Feed'], 'rowCount': 1, 'matched': False}, {'headers': [''], 'rowCount': 1, 'matched': False}, {'headers': [''], 'rowCount': 1, 'matched': False}, {'headers': [''], 'rowCount': 1, 'matched': False}, {'headers': [''], 'rowCount': 1, 'matched': False}, {'headers': ['', '', 'Find', '', '', '', '|', '', 'Next', '', ''], 'rowCount': 1, 'matched': False}, {'headers': ['Active Directory Search (MS domain)\xa0(data is refreshed once every 24 hours) - data current as of: 9/4/2026 2:01:01 AM Central TimeBookmark this URL (not the site it takes you to): https://goto.optum.com/ActiveDirectoryInfoFor additional options, bookmark this url (not the site it takes you to): https://goto.optum.com/ActiveDirectoryInfo2EnabledEmployeeIDMSIDEmployee NameCorporate Email Boxuht-IdentityManagment-MailUserPrincipalNameEmployee TypeAccountTypePostal CodeDepartmentManager EmployeeIDManager MSIDManager NameManager EmailBusiness UnitOperating UnitLocationDepartmentFALSE002228383sp186P, Sudharsonsudharson.palani@optum.comsudharson.palani@optum.comsudharson.palani@optum.comEPII032OI Operations002225177spriya53Priya, Shanmugavshanmugapriya@optum.com4821006290INDIN032804950'], 'rowCount': 1, 'matched': False}, {'headers': ['Active Directory Search (MS domain)\xa0(data is refreshed once every 24 hours) - data current as of: 9/4/2026 2:01:01 AM Central TimeBookmark this URL (not the site it takes you to): https://goto.optum.com/ActiveDirectoryInfoFor additional options, bookmark this url (not the site it takes you to): https://goto.optum.com/ActiveDirectoryInfo2EnabledEmployeeIDMSIDEmployee NameCorporate Email Boxuht-IdentityManagment-MailUserPrincipalNameEmployee TypeAccountTypePostal CodeDepartmentManager EmployeeIDManager MSIDManager NameManager EmailBusiness UnitOperating UnitLocationDepartmentFALSE002228383sp186P, Sudharsonsudharson.palani@optum.comsudharson.palani@optum.comsudharson.palani@optum.comEPII032OI Operations002225177spriya53Priya, Shanmugavshanmugapriya@optum.com4821006290INDIN032804950'], 'rowCount': 2, 'matched': False}, {'headers': ['Active Directory Search (MS domain)\xa0(data is refreshed once every 24 hours) - data current as of: 9/4/2026 2:01:01 AM Central TimeBookmark this URL (not the site it takes you to): https://goto.optum.com/ActiveDirectoryInfoFor additional options, bookmark this url (not the site it takes you to): https://goto.optum.com/ActiveDirectoryInfo2EnabledEmployeeIDMSIDEmployee NameCorporate Email Boxuht-IdentityManagment-MailUserPrincipalNameEmployee TypeAccountTypePostal CodeDepartmentManager EmployeeIDManager MSIDManager NameManager EmailBusiness UnitOperating UnitLocationDepartmentFALSE002228383sp186P, Sudharsonsudharson.palani@optum.comsudharson.palani@optum.comsudharson.palani@optum.comEPII032OI Operations002225177spriya53Priya, Shanmugavshanmugapriya@optum.com4821006290INDIN032804950'], 'rowCount': 1, 'matched': False}, {'headers': ['', '', '', '', '', '', '', ''], 'rowCount': 7, 'matched': False}, {'headers': ['Enabled', 'EmployeeID', 'MSID', 'Employee Name', 'Corporate Email Box', 'uht-IdentityManagment-Mail', 'UserPrincipalName', 'Employee Type', 'AccountType', 'Postal Code', 'Department', 'Manager EmployeeID', 'Manager MSID', 'Manager Name', 'Manager Email', 'Business Unit', 'Operating Unit', 'Location', 'Department'], 'rowCount': 1, 'matched': True}]
2026-09-08 17:48:31 DEBUG   [Thread-1 (stdin_reader)] it_asset_app: AD lookup: raw extracted rows: [{'Enabled': 'FALSE', 'EmployeeID': '002228383', 'MSID': 'sp186', 'Employee Name': 'P, Sudharson', 'Corporate Email Box': 'sudharson.palani@optum.com', 'uht-IdentityManagment-Mail': 'sudharson.palani@optum.com', 'UserPrincipalName': 'sudharson.palani@optum.com', 'Employee Type': 'E', 'AccountType': 'P', 'Postal Code': 'II032', 'Department': 'OI Operations', 'Manager EmployeeID': '002225177', 'Manager MSID': 'spriya53', 'Manager Name': 'Priya, Shanmuga', 'Manager Email': 'vshanmugapriya@optum.com', 'Business Unit': '48210', 'Operating Unit': '06290', 'Location': 'INDIN032'}]
2026-09-08 17:48:31 DEBUG   [Thread-1 (stdin_reader)] it_asset_app: AD lookup: mapped fields from row: {'emp_name': 'P, Sudharson', 'manager_name': 'Priya, Shanmuga', 'contact_number': '', 'department': 'OI Operations', 'email': 'sudharson.palani@optum.com', 'designation': 'E', 'msid': 'sp186', 'employee_id_confirmed': '002228383', 'manager_email': 'vshanmugapriya@optum.com', 'manager_msid': 'spriya53', 'manager_employee_id': '002225177', 'account_enabled': 'FALSE'}
2026-09-08 17:48:31 INFO    [Thread-1 (stdin_reader)] it_asset_app: AD lookup: SUCCESS for emp_id='002228383' - 1 candidate(s), emp_name='P, Sudharson' manager_name='Priya, Shanmuga'
2026-09-08 17:48:31 INFO    [Thread-1 (stdin_reader)] it_asset_app: AD helper: sending 1 candidate(s) back for request_id='9efced67749e4b3db8b7461b52df18c6'
2026-09-08 17:48:31 INFO    [Thread-1 (stdin_reader)] it_asset_app: AD helper: auto-hid lookup window after successful result (request_id='9efced67749e4b3db8b7461b52df18c6')
2026-09-08 17:50:32 INFO    [MainThread] it_asset_app: TracIT: opening https://tracit.optum.com/ham/view-assets (employee_id='002228383', serial_number='')
2026-09-08 17:52:23 INFO    [MainThread] it_asset_app: SignatureService.capture: use_topaz_pad=True, title='Employee: sign here'
2026-09-08 17:52:23 INFO    [MainThread] it_asset_app: Topaz: capture() starting
2026-09-08 17:52:23 DEBUG   [Thread-5 (worker)] it_asset_app: Topaz: ProgID 'TOPAZSIGPLUS.SigPlusCtrl.1' failed: (-2147221005, 'Invalid class string', None, None)
2026-09-08 17:52:23 INFO    [Thread-5 (worker)] it_asset_app: Topaz: connected via ProgID 'SigPlus.SigPlusCtrl.1'
2026-09-08 17:52:23 DEBUG   [Thread-5 (worker)] it_asset_app: Topaz: control exposes: ['AboutBox', 'AddSerialByte', 'Annotate', 'AsciiDataMode', 'AutoKeyAddData', 'AutoKeyData', 'AutoKeyFinish', 'AutoKeyStart', 'AutoTimeStamp', 'BackColor', 'BackgroundHandle', 'BitMapBufferByte', 'BitMapBufferClose', 'BitMapBufferSize', 'BitMapBufferWrite', 'BitmapHandle', 'Buffer', 'ByteIndex', 'ClearSigWindow', 'ClearTablet', 'CmdCount', 'CmdData', 'CmdString', 'CoordToUse', 'Coords', 'Data', 'Dest', 'DisableMessageBoxes', 'DisableTabletCapture', 'DisplayAnnotate', 'DisplayAnnotatePosX', 'DisplayAnnotatePosY', 'DisplayAnnotateSize', 'DisplayMode', 'DisplayPenWidth', 'DisplayRotate', 'DisplayRotateSave', 'DisplayTimeStamp', 'DisplayTimeStampPosX', 'DisplayTimeStampPosY', 'DisplayTimeStampSize', 'DisplayWindowRes', 'Enable', 'EnableTabletCapture', 'EnableTabletEncryption', 'EncryptionMode', 'EventMask', 'ExportSigFile', 'FaceName', 'Factor', 'FileName', 'FinalFactor', 'FitToWindow', 'ForeColor', 'Format', 'GetBadPointCounter', 'GetBitmapBufferBytes', 'GetEventEnableMask', 'GetImageScreenResolution', 'GetKey', 'GetKeyReceipt', 'GetKeyReceiptAscii', 'GetLCDSize', 'GetLCDStringSize', 'GetNumPointsForStroke', 'GetNumberOfAttachedTablets', 'GetNumberOfHotSpotPoints', 'GetNumberOfStrokes', 'GetOposPointArray', 'GetOposTotalPoints', 'GetPointPValue', 'GetPointTValue', 'GetPointXValue', 'GetPointYValue', 'GetSavePressureData', 'GetSaveTimeData', 'GetSerialNumberToUse', 'GetSigData', 'GetSigPlusVersionString', 'GetSigReceipt', 'GetSigReceiptAscii', 'GetTabletModelNumber', 'GetTabletPortPath', 'GetTabletSerialNumber', 'GetTrackGemField', 'GreyGain', 'GreyOffset', 'Height', 'HexString', 'HighlightPoint', 'HighlightStroke', 'HostMode', 'IPAddress', 'ImageAnnotate', 'ImageAnnotatePosX', 'ImageAnnotatePosY', 'ImageAnnotateSize', 'ImageFileFormat', 'ImageFileName', 'ImagePenWidth', 'ImageTimeStamp', 'ImageTimeStampPosX', 'ImageTimeStampPosY', 'ImageTimeStampSize', 'ImageXSize', 'ImageYSize', 'ImportSigFile', 'Index', 'InitSigPlus', 'Inside', 'Italic', 'JustifyMode', 'JustifyX', 'JustifyY', 'KeyCode', 'KeyData', 'KeyPadAddHotSpot', 'KeyPadClearHotSpotList', 'KeyPadEnableTapOnly', 'KeyPadQueryHotSpot', 'KeyString', 'LCDCaptureMode', 'LCDCompEnable', 'LCDCompFast', 'LCDCompMode', 'LCDCompSlow', 'LCDCreateImage', 'LCDPlayVideo', 'LCDRefresh', 'LCDSendCmdString', 'LCDSendCommandData', 'LCDSendImage', 'LCDSetFont', 'LCDSetTabletMap', 'LCDSetWindow', 'LCDStopVideo', 'LCDTiffAdd', 'LCDTiffStart', 'LCDTiffWrite', 'LCDType', 'LCDWriteBitmap', 'LCDWriteFile', 'LCDWriteString', 'LCDWriteStringToImage', 'LCDWriteWindowedBitmap', 'LCDXSize', 'LCDXStart', 'LCDXStop', 'LCDYSize', 'LCDYStart', 'LCDYStop', 'LCDZCompMode', 'LineScale', 'LoadTrackGemSig', 'LogEnable', 'LogFilePath', 'MapPoints', 'Message', 'Mode', 'NewPath', 'NewPixelDepth', 'NewPortPath', 'NewValue', 'NumberOfTabletPoints', 'Offset', 'OpaqueMode', 'Param', 'PitchAndFamily', 'PointArray', 'PointIdx', 'PointNumber', 'PortNumber', 'ReplayMode', 'RetryCount', 'ReturnCount', 'SaveSigInfo', 'SerialByte', 'SetAntiAliasEnable', 'SetAntiAliasParameters', 'SetBackground', 'SetBackgroundHandle', 'SetDisplayAnnotateData', 'SetDisplayTimeStampData', 'SetDynamicPressure', 'SetEnableColor', 'SetEventEnableMask', 'SetGreyScaleParams', 'SetIPAddress', 'SetImageAnnotateData', 'SetImageScreenResolution', 'SetImageTimeStampData', 'SetKey', 'SetLCDCompression', 'SetLCDCompressionParameters', 'SetLCDPixelDepth', 'SetLCDRetryCount', 'SetLCDTransferDelay', 'SetLCDTransferSize', 'SetLCDType', 'SetLocalIniFilePath', 'SetLogEnable', 'SetLogFilePath', 'SetMultiUsbEnable', 'SetPressureMap', 'SetPressureMapPoints', 'SetSavePressureData', 'SetSaveTimeData', 'SetSerialNumberToUse', 'SetSigData', 'SetSigSocketPort', 'SetSigWindow', 'SetSpecialCloseDelay', 'SetTabletEncryptionModes', 'SetTabletPortPath', 'SetTranslateBitmapEnable', 'SetUseSHA2Hash', 'SetWMFTempPath', 'SigCompressionMode', 'SigData', 'SigMessage', 'SigSetFont', 'SigString', 'Size', 'SpotSize', 'State', 'Str', 'StrokeIdx', 'StrokeNumber', 'TabletBaudRate', 'TabletClippingMode', 'TabletComPort', 'TabletComTest', 'TabletConnectQuery', 'TabletFilterPoints', 'TabletGraphic', 'TabletGraphicFile', 'TabletIndex', 'TabletInvisible', 'TabletLCDMode', 'TabletLogicalXSize', 'TabletLogicalYSize', 'TabletMode', 'TabletModelNumber', 'TabletResolution', 'TabletRotation', 'TabletSerialNumber', 'TabletState', 'TabletText', 'TabletTextFile', 'TabletTimer', 'TabletTimingAdvance', 'TabletType', 'TabletXStart', 'TabletXStop', 'TabletYStart', 'TabletYStop', 'TestFunction', 'TimeOut', 'TimeStamp', 'TransferDelay', 'TransferSize', 'Underline', 'Value', 'Velocity0', 'VelocityRange', 'VideoNumber', 'Weight', 'Width', 'WriteImageFile', 'X', 'XPos', 'XSize', 'Y', 'YPos', 'YSize', 'ZoomPower', 'ZoomX', 'ZoomY']
2026-09-08 17:52:23 DEBUG   [Thread-5 (worker)] it_asset_app: Topaz: arming the pad (hwnd=2888732)
2026-09-08 17:52:23 DEBUG   [Thread-5 (worker)] it_asset_app: Topaz: tablet state set to 1 via TabletState property
2026-09-08 17:52:23 INFO    [Thread-5 (worker)] it_asset_app: Topaz: pad armed OK
2026-09-08 17:52:30 INFO    [Thread-5 (worker)] it_asset_app: Topaz: NumberOfTabletPoints=253 after Accept
2026-09-08 17:52:30 DEBUG   [Thread-5 (worker)] it_asset_app: Topaz: SigImageB64 not available (SigPlus.SigPlusCtrl.1.SigImageB64)
2026-09-08 17:52:30 DEBUG   [Thread-5 (worker)] it_asset_app: Topaz: image property ImageFileName not settable (Property 'SigPlus.SigPlusCtrl.1.ImageFileName' can not be set.)
2026-09-08 17:52:30 INFO    [Thread-5 (worker)] it_asset_app: Topaz: WriteImageFile(path, fmt, x, y, pen) failed (WriteImageFile() takes from 1 to 2 positional arguments but 6 were given)
2026-09-08 17:52:30 INFO    [Thread-5 (worker)] it_asset_app: Topaz: WriteImageFile(path, fmt) failed (WriteImageFile() takes from 1 to 2 positional arguments but 3 were given)
2026-09-08 17:52:30 INFO    [Thread-5 (worker)] it_asset_app: Topaz: wrote signature bitmap via WriteImageFile(path)
2026-09-08 17:52:30 DEBUG   [Thread-5 (worker)] it_asset_app: Topaz: tablet state set to 0 via TabletState property
2026-09-08 17:52:30 DEBUG   [Thread-5 (worker)] it_asset_app: Topaz: pad disarmed OK
2026-09-08 17:52:30 INFO    [MainThread] it_asset_app: Topaz: capture SUCCESS, saved to C:\Users\srajaamu\AppData\Local\Temp\sig_topaz_2cb6ba1396d44087b165f1be94cdfc20.png
2026-09-08 17:52:30 INFO    [MainThread] it_asset_app: SignatureService.capture: Topaz path returned 'C:\\Users\\srajaamu\\AppData\\Local\\Temp\\sig_topaz_2cb6ba1396d44087b165f1be94cdfc20.png'
2026-09-08 17:52:31 INFO    [MainThread] it_asset_app: SignatureService.capture: use_topaz_pad=True, title='Asset Receiver: sign here'
2026-09-08 17:52:31 INFO    [MainThread] it_asset_app: Topaz: capture() starting
2026-09-08 17:52:31 DEBUG   [Thread-6 (worker)] it_asset_app: Topaz: ProgID 'TOPAZSIGPLUS.SigPlusCtrl.1' failed: (-2147221005, 'Invalid class string', None, None)
2026-09-08 17:52:32 INFO    [Thread-6 (worker)] it_asset_app: Topaz: connected via ProgID 'SigPlus.SigPlusCtrl.1'
2026-09-08 17:52:32 DEBUG   [Thread-6 (worker)] it_asset_app: Topaz: control exposes: ['AboutBox', 'AddSerialByte', 'Annotate', 'AsciiDataMode', 'AutoKeyAddData', 'AutoKeyData', 'AutoKeyFinish', 'AutoKeyStart', 'AutoTimeStamp', 'BackColor', 'BackgroundHandle', 'BitMapBufferByte', 'BitMapBufferClose', 'BitMapBufferSize', 'BitMapBufferWrite', 'BitmapHandle', 'Buffer', 'ByteIndex', 'ClearSigWindow', 'ClearTablet', 'CmdCount', 'CmdData', 'CmdString', 'CoordToUse', 'Coords', 'Data', 'Dest', 'DisableMessageBoxes', 'DisableTabletCapture', 'DisplayAnnotate', 'DisplayAnnotatePosX', 'DisplayAnnotatePosY', 'DisplayAnnotateSize', 'DisplayMode', 'DisplayPenWidth', 'DisplayRotate', 'DisplayRotateSave', 'DisplayTimeStamp', 'DisplayTimeStampPosX', 'DisplayTimeStampPosY', 'DisplayTimeStampSize', 'DisplayWindowRes', 'Enable', 'EnableTabletCapture', 'EnableTabletEncryption', 'EncryptionMode', 'EventMask', 'ExportSigFile', 'FaceName', 'Factor', 'FileName', 'FinalFactor', 'FitToWindow', 'ForeColor', 'Format', 'GetBadPointCounter', 'GetBitmapBufferBytes', 'GetEventEnableMask', 'GetImageScreenResolution', 'GetKey', 'GetKeyReceipt', 'GetKeyReceiptAscii', 'GetLCDSize', 'GetLCDStringSize', 'GetNumPointsForStroke', 'GetNumberOfAttachedTablets', 'GetNumberOfHotSpotPoints', 'GetNumberOfStrokes', 'GetOposPointArray', 'GetOposTotalPoints', 'GetPointPValue', 'GetPointTValue', 'GetPointXValue', 'GetPointYValue', 'GetSavePressureData', 'GetSaveTimeData', 'GetSerialNumberToUse', 'GetSigData', 'GetSigPlusVersionString', 'GetSigReceipt', 'GetSigReceiptAscii', 'GetTabletModelNumber', 'GetTabletPortPath', 'GetTabletSerialNumber', 'GetTrackGemField', 'GreyGain', 'GreyOffset', 'Height', 'HexString', 'HighlightPoint', 'HighlightStroke', 'HostMode', 'IPAddress', 'ImageAnnotate', 'ImageAnnotatePosX', 'ImageAnnotatePosY', 'ImageAnnotateSize', 'ImageFileFormat', 'ImageFileName', 'ImagePenWidth', 'ImageTimeStamp', 'ImageTimeStampPosX', 'ImageTimeStampPosY', 'ImageTimeStampSize', 'ImageXSize', 'ImageYSize', 'ImportSigFile', 'Index', 'InitSigPlus', 'Inside', 'Italic', 'JustifyMode', 'JustifyX', 'JustifyY', 'KeyCode', 'KeyData', 'KeyPadAddHotSpot', 'KeyPadClearHotSpotList', 'KeyPadEnableTapOnly', 'KeyPadQueryHotSpot', 'KeyString', 'LCDCaptureMode', 'LCDCompEnable', 'LCDCompFast', 'LCDCompMode', 'LCDCompSlow', 'LCDCreateImage', 'LCDPlayVideo', 'LCDRefresh', 'LCDSendCmdString', 'LCDSendCommandData', 'LCDSendImage', 'LCDSetFont', 'LCDSetTabletMap', 'LCDSetWindow', 'LCDStopVideo', 'LCDTiffAdd', 'LCDTiffStart', 'LCDTiffWrite', 'LCDType', 'LCDWriteBitmap', 'LCDWriteFile', 'LCDWriteString', 'LCDWriteStringToImage', 'LCDWriteWindowedBitmap', 'LCDXSize', 'LCDXStart', 'LCDXStop', 'LCDYSize', 'LCDYStart', 'LCDYStop', 'LCDZCompMode', 'LineScale', 'LoadTrackGemSig', 'LogEnable', 'LogFilePath', 'MapPoints', 'Message', 'Mode', 'NewPath', 'NewPixelDepth', 'NewPortPath', 'NewValue', 'NumberOfTabletPoints', 'Offset', 'OpaqueMode', 'Param', 'PitchAndFamily', 'PointArray', 'PointIdx', 'PointNumber', 'PortNumber', 'ReplayMode', 'RetryCount', 'ReturnCount', 'SaveSigInfo', 'SerialByte', 'SetAntiAliasEnable', 'SetAntiAliasParameters', 'SetBackground', 'SetBackgroundHandle', 'SetDisplayAnnotateData', 'SetDisplayTimeStampData', 'SetDynamicPressure', 'SetEnableColor', 'SetEventEnableMask', 'SetGreyScaleParams', 'SetIPAddress', 'SetImageAnnotateData', 'SetImageScreenResolution', 'SetImageTimeStampData', 'SetKey', 'SetLCDCompression', 'SetLCDCompressionParameters', 'SetLCDPixelDepth', 'SetLCDRetryCount', 'SetLCDTransferDelay', 'SetLCDTransferSize', 'SetLCDType', 'SetLocalIniFilePath', 'SetLogEnable', 'SetLogFilePath', 'SetMultiUsbEnable', 'SetPressureMap', 'SetPressureMapPoints', 'SetSavePressureData', 'SetSaveTimeData', 'SetSerialNumberToUse', 'SetSigData', 'SetSigSocketPort', 'SetSigWindow', 'SetSpecialCloseDelay', 'SetTabletEncryptionModes', 'SetTabletPortPath', 'SetTranslateBitmapEnable', 'SetUseSHA2Hash', 'SetWMFTempPath', 'SigCompressionMode', 'SigData', 'SigMessage', 'SigSetFont', 'SigString', 'Size', 'SpotSize', 'State', 'Str', 'StrokeIdx', 'StrokeNumber', 'TabletBaudRate', 'TabletClippingMode', 'TabletComPort', 'TabletComTest', 'TabletConnectQuery', 'TabletFilterPoints', 'TabletGraphic', 'TabletGraphicFile', 'TabletIndex', 'TabletInvisible', 'TabletLCDMode', 'TabletLogicalXSize', 'TabletLogicalYSize', 'TabletMode', 'TabletModelNumber', 'TabletResolution', 'TabletRotation', 'TabletSerialNumber', 'TabletState', 'TabletText', 'TabletTextFile', 'TabletTimer', 'TabletTimingAdvance', 'TabletType', 'TabletXStart', 'TabletXStop', 'TabletYStart', 'TabletYStop', 'TestFunction', 'TimeOut', 'TimeStamp', 'TransferDelay', 'TransferSize', 'Underline', 'Value', 'Velocity0', 'VelocityRange', 'VideoNumber', 'Weight', 'Width', 'WriteImageFile', 'X', 'XPos', 'XSize', 'Y', 'YPos', 'YSize', 'ZoomPower', 'ZoomX', 'ZoomY']
2026-09-08 17:52:32 DEBUG   [Thread-6 (worker)] it_asset_app: Topaz: arming the pad (hwnd=2888732)
2026-09-08 17:52:32 DEBUG   [Thread-6 (worker)] it_asset_app: Topaz: tablet state set to 1 via TabletState property
2026-09-08 17:52:32 INFO    [Thread-6 (worker)] it_asset_app: Topaz: pad armed OK
2026-09-08 17:52:37 INFO    [Thread-6 (worker)] it_asset_app: Topaz: NumberOfTabletPoints=247 after Accept
2026-09-08 17:52:37 DEBUG   [Thread-6 (worker)] it_asset_app: Topaz: SigImageB64 not available (SigPlus.SigPlusCtrl.1.SigImageB64)
2026-09-08 17:52:37 DEBUG   [Thread-6 (worker)] it_asset_app: Topaz: image property ImageFileName not settable (Property 'SigPlus.SigPlusCtrl.1.ImageFileName' can not be set.)
2026-09-08 17:52:37 INFO    [Thread-6 (worker)] it_asset_app: Topaz: WriteImageFile(path, fmt, x, y, pen) failed (WriteImageFile() takes from 1 to 2 positional arguments but 6 were given)
2026-09-08 17:52:37 INFO    [Thread-6 (worker)] it_asset_app: Topaz: WriteImageFile(path, fmt) failed (WriteImageFile() takes from 1 to 2 positional arguments but 3 were given)
2026-09-08 17:52:37 INFO    [Thread-6 (worker)] it_asset_app: Topaz: wrote signature bitmap via WriteImageFile(path)
2026-09-08 17:52:37 DEBUG   [Thread-6 (worker)] it_asset_app: Topaz: tablet state set to 0 via TabletState property
2026-09-08 17:52:37 DEBUG   [Thread-6 (worker)] it_asset_app: Topaz: pad disarmed OK
2026-09-08 17:52:37 INFO    [MainThread] it_asset_app: Topaz: capture SUCCESS, saved to C:\Users\srajaamu\AppData\Local\Temp\sig_topaz_10d1b1dceb1145229040e87fc47047ae.png
2026-09-08 17:52:37 INFO    [MainThread] it_asset_app: SignatureService.capture: Topaz path returned 'C:\\Users\\srajaamu\\AppData\\Local\\Temp\\sig_topaz_10d1b1dceb1145229040e87fc47047ae.png'
2026-09-08 17:52:43 INFO    [MainThread] it_asset_app: Generate clicked: emp_id='002228383' bu='My Location' submission_type='New Hire'
2026-09-08 17:54:13 INFO    [Thread-1 (stdin_reader)] it_asset_app: AD helper: received lookup request_id='c0272fc817ec48ea81b4dbd27d56bd15' emp_id='002228383'
2026-09-08 17:54:13 INFO    [Thread-1 (stdin_reader)] it_asset_app: AD lookup: starting search for emp_id='002228383' (header_keyword='EmployeeID', name_column='Employee Name')
2026-09-08 17:54:13 DEBUG   [Thread-1 (stdin_reader)] it_asset_app: AD lookup: filled search textbox OK
2026-09-08 17:54:13 DEBUG   [Thread-1 (stdin_reader)] it_asset_app: AD lookup: clicked 'View Report' button OK
2026-09-08 17:54:13 DEBUG   [Thread-1 (stdin_reader)] it_asset_app: AD lookup: results table ready after 0.0s
2026-09-08 17:54:13 DEBUG   [Thread-1 (stdin_reader)] it_asset_app: AD lookup: extracted 1 row(s) via strategy='single-table'; tables seen on page: [{'headers': ['Search AD for MSID, EmployeeID, or Email Address (one entry per line)\t\n\t\n\t\n\t\t\n\n\n\n\n\t\t\n\t\t\t\tof\t\t1\t\t\n\t\t\n\t\n\t\nPage Width\nWhole Page\n500%\n200%\n150%\n100%\n75%\n50%\n25%\n10%\n\t\n\t\n\t\n\t\tFind\t\t\n\t\t|\t\tNext\t\t\n\n\n\t\t\t\t\t\t\t\n\t\t\n\t\n\t\t\t\nActive Directory Search (MS domain)\n\xa0\n(data is refreshed once every 24 hours) - data current as of: 9/4/2026 2:01:01 AM Central Time\n\t\n\t\n\t\nBookmark this URL (not the site it takes you to): https://goto.optum.com/ActiveDirectoryInfo\nFor additional options, bookmark this url (not the site it takes you to): https://goto.optum.com/ActiveDirectoryInfo2\n\t\n\t\n\t\t\n\t\t\t\t\t\t\t\t\t\t\t\t\t\t\t\t\t\t\n\nEnabled\n\t\nEmployeeID\n\t\nMSID\n\t\nEmployee Name\n\t\nCorporate Email Box\n\t\nuht-IdentityManagment-Mail\n\t\nUserPrincipalName\n\t\nEmployee Type\n\t\nAccountType\n\t\nPostal Code\n\t\nDepartment\n\t\nManager EmployeeID\n\t\nManager MSID\n\t\nManager Name\n\t\nManager Email\n\t\nBusiness Unit\n\t\nOperating Unit\n\t\nLocation\n\t\nDepartment\n\n\nFALSE\n\t\n002228383\n\t\nsp186\n\t\nP, Sudharson\n\t\nsudharson.palani@optum.com\n\t\nsudharson.palani@optum.com\n\t\nsudharson.palani@optum.com\n\t\nE\n\t\nP\n\t\nII032\n\t\nOI Operations\n\t\n002225177\n\t\nspriya53\n\t\nPriya, Shanmuga\n\t\nvshanmugapriya@optum.com\n\t\n48210\n\t\n06290\n\t\nINDIN032\n\t\n804950'], 'rowCount': 1, 'matched': False}, {'headers': ['', 'Loading...\n\t\t\t\t\tCancel'], 'rowCount': 1, 'matched': False}, {'headers': ['', '', ''], 'rowCount': 5, 'matched': False}, {'headers': ['Search AD for MSID, EmployeeID, or Email Address (one entry per line)', '', ''], 'rowCount': 1, 'matched': False}, {'headers': ['', '', '', '', '', '', '', '', ''], 'rowCount': 2, 'matched': False}, {'headers': ['', ''], 'rowCount': 1, 'matched': False}, {'headers': ['', '', '', '', '', '', 'of', '', '1', '', '', '', ''], 'rowCount': 1, 'matched': False}, {'headers': [''], 'rowCount': 1, 'matched': False}, {'headers': [''], 'rowCount': 1, 'matched': False}, {'headers': [''], 'rowCount': 1, 'matched': False}, {'headers': [''], 'rowCount': 1, 'matched': False}, {'headers': [''], 'rowCount': 1, 'matched': False}, {'headers': [''], 'rowCount': 1, 'matched': False}, {'headers': [''], 'rowCount': 1, 'matched': False}, {'headers': [''], 'rowCount': 1, 'matched': False}, {'headers': [''], 'rowCount': 1, 'matched': False}, {'headers': [''], 'rowCount': 1, 'matched': False}, {'headers': [''], 'rowCount': 1, 'matched': False}, {'headers': ['Page Width\nWhole Page\n500%\n200%\n150%\n100%\n75%\n50%\n25%\n10%'], 'rowCount': 1, 'matched': False}, {'headers': ['Word\n\t\t\t\t\t\t\t\t\t\n\t\t\t\t\t\t\t\t\t\tExcel\n\t\t\t\t\t\t\t\t\t\n\t\t\t\t\t\t\t\t\t\tPowerPoint\n\t\t\t\t\t\t\t\t\t\n\t\t\t\t\t\t\t\t\t\tPDF\n\t\t\t\t\t\t\t\t\t\n\t\t\t\t\t\t\t\t\t\tTIFF file\n\t\t\t\t\t\t\t\t\t\n\t\t\t\t\t\t\t\t\t\tMHTML (web archive)\n\t\t\t\t\t\t\t\t\t\n\t\t\t\t\t\t\t\t\t\tCSV (comma delimited)\n\t\t\t\t\t\t\t\t\t\n\t\t\t\t\t\t\t\t\t\tXML file with report data\n\t\t\t\t\t\t\t\t\t\n\t\t\t\t\t\t\t\t\t\tData Feed'], 'rowCount': 1, 'matched': False}, {'headers': [''], 'rowCount': 1, 'matched': False}, {'headers': [''], 'rowCount': 1, 'matched': False}, {'headers': [''], 'rowCount': 1, 'matched': False}, {'headers': [''], 'rowCount': 1, 'matched': False}, {'headers': ['', '', 'Find', '', '', '', '|', '', 'Next', '', ''], 'rowCount': 1, 'matched': False}, {'headers': ['Active Directory Search (MS domain)\n\xa0\n(data is refreshed once every 24 hours) - data current as of: 9/4/2026 2:01:01 AM Central Time\n\t\n\t\n\t\nBookmark this URL (not the site it takes you to): https://goto.optum.com/ActiveDirectoryInfo\nFor additional options, bookmark this url (not the site it takes you to): https://goto.optum.com/ActiveDirectoryInfo2\n\t\n\t\n\t\t\n\t\t\t\t\t\t\t\t\t\t\t\t\t\t\t\t\t\t\n\nEnabled\n\t\nEmployeeID\n\t\nMSID\n\t\nEmployee Name\n\t\nCorporate Email Box\n\t\nuht-IdentityManagment-Mail\n\t\nUserPrincipalName\n\t\nEmployee Type\n\t\nAccountType\n\t\nPostal Code\n\t\nDepartment\n\t\nManager EmployeeID\n\t\nManager MSID\n\t\nManager Name\n\t\nManager Email\n\t\nBusiness Unit\n\t\nOperating Unit\n\t\nLocation\n\t\nDepartment\n\n\nFALSE\n\t\n002228383\n\t\nsp186\n\t\nP, Sudharson\n\t\nsudharson.palani@optum.com\n\t\nsudharson.palani@optum.com\n\t\nsudharson.palani@optum.com\n\t\nE\n\t\nP\n\t\nII032\n\t\nOI Operations\n\t\n002225177\n\t\nspriya53\n\t\nPriya, Shanmuga\n\t\nvshanmugapriya@optum.com\n\t\n48210\n\t\n06290\n\t\nINDIN032\n\t\n804950'], 'rowCount': 1, 'matched': False}, {'headers': ['Active Directory Search (MS domain)\n\xa0\n(data is refreshed once every 24 hours) - data current as of: 9/4/2026 2:01:01 AM Central Time\n\t\n\t\n\t\nBookmark this URL (not the site it takes you to): https://goto.optum.com/ActiveDirectoryInfo\nFor additional options, bookmark this url (not the site it takes you to): https://goto.optum.com/ActiveDirectoryInfo2\n\t\n\t\n\t\t\n\t\t\t\t\t\t\t\t\t\t\t\t\t\t\t\t\t\t\n\nEnabled\n\t\nEmployeeID\n\t\nMSID\n\t\nEmployee Name\n\t\nCorporate Email Box\n\t\nuht-IdentityManagment-Mail\n\t\nUserPrincipalName\n\t\nEmployee Type\n\t\nAccountType\n\t\nPostal Code\n\t\nDepartment\n\t\nManager EmployeeID\n\t\nManager MSID\n\t\nManager Name\n\t\nManager Email\n\t\nBusiness Unit\n\t\nOperating Unit\n\t\nLocation\n\t\nDepartment\n\n\nFALSE\n\t\n002228383\n\t\nsp186\n\t\nP, Sudharson\n\t\nsudharson.palani@optum.com\n\t\nsudharson.palani@optum.com\n\t\nsudharson.palani@optum.com\n\t\nE\n\t\nP\n\t\nII032\n\t\nOI Operations\n\t\n002225177\n\t\nspriya53\n\t\nPriya, Shanmuga\n\t\nvshanmugapriya@optum.com\n\t\n48210\n\t\n06290\n\t\nINDIN032\n\t\n804950'], 'rowCount': 2, 'matched': False}, {'headers': ['Active Directory Search (MS domain)\n\xa0\n(data is refreshed once every 24 hours) - data current as of: 9/4/2026 2:01:01 AM Central Time\n\t\n\t\n\t\nBookmark this URL (not the site it takes you to): https://goto.optum.com/ActiveDirectoryInfo\nFor additional options, bookmark this url (not the site it takes you to): https://goto.optum.com/ActiveDirectoryInfo2\n\t\n\t\n\t\t\n\t\t\t\t\t\t\t\t\t\t\t\t\t\t\t\t\t\t\n\nEnabled\n\t\nEmployeeID\n\t\nMSID\n\t\nEmployee Name\n\t\nCorporate Email Box\n\t\nuht-IdentityManagment-Mail\n\t\nUserPrincipalName\n\t\nEmployee Type\n\t\nAccountType\n\t\nPostal Code\n\t\nDepartment\n\t\nManager EmployeeID\n\t\nManager MSID\n\t\nManager Name\n\t\nManager Email\n\t\nBusiness Unit\n\t\nOperating Unit\n\t\nLocation\n\t\nDepartment\n\n\nFALSE\n\t\n002228383\n\t\nsp186\n\t\nP, Sudharson\n\t\nsudharson.palani@optum.com\n\t\nsudharson.palani@optum.com\n\t\nsudharson.palani@optum.com\n\t\nE\n\t\nP\n\t\nII032\n\t\nOI Operations\n\t\n002225177\n\t\nspriya53\n\t\nPriya, Shanmuga\n\t\nvshanmugapriya@optum.com\n\t\n48210\n\t\n06290\n\t\nINDIN032\n\t\n804950'], 'rowCount': 1, 'matched': False}, {'headers': ['', '', '', '', '', '', '', ''], 'rowCount': 7, 'matched': False}, {'headers': ['Enabled', 'EmployeeID', 'MSID', 'Employee Name', 'Corporate Email Box', 'uht-IdentityManagment-Mail', 'UserPrincipalName', 'Employee Type', 'AccountType', 'Postal Code', 'Department', 'Manager EmployeeID', 'Manager MSID', 'Manager Name', 'Manager Email', 'Business Unit', 'Operating Unit', 'Location', 'Department'], 'rowCount': 1, 'matched': True}]
2026-09-08 17:54:13 DEBUG   [Thread-1 (stdin_reader)] it_asset_app: AD lookup: raw extracted rows: [{'Enabled': 'FALSE', 'EmployeeID': '002228383', 'MSID': 'sp186', 'Employee Name': 'P, Sudharson', 'Corporate Email Box': 'sudharson.palani@optum.com', 'uht-IdentityManagment-Mail': 'sudharson.palani@optum.com', 'UserPrincipalName': 'sudharson.palani@optum.com', 'Employee Type': 'E', 'AccountType': 'P', 'Postal Code': 'II032', 'Department': 'OI Operations', 'Manager EmployeeID': '002225177', 'Manager MSID': 'spriya53', 'Manager Name': 'Priya, Shanmuga', 'Manager Email': 'vshanmugapriya@optum.com', 'Business Unit': '48210', 'Operating Unit': '06290', 'Location': 'INDIN032'}]
2026-09-08 17:54:13 DEBUG   [Thread-1 (stdin_reader)] it_asset_app: AD lookup: mapped fields from row: {'emp_name': 'P, Sudharson', 'manager_name': 'Priya, Shanmuga', 'contact_number': '', 'department': 'OI Operations', 'email': 'sudharson.palani@optum.com', 'designation': 'E', 'msid': 'sp186', 'employee_id_confirmed': '002228383', 'manager_email': 'vshanmugapriya@optum.com', 'manager_msid': 'spriya53', 'manager_employee_id': '002225177', 'account_enabled': 'FALSE'}
2026-09-08 17:54:13 INFO    [Thread-1 (stdin_reader)] it_asset_app: AD lookup: SUCCESS for emp_id='002228383' - 1 candidate(s), emp_name='P, Sudharson' manager_name='Priya, Shanmuga'
2026-09-08 17:54:13 INFO    [Thread-1 (stdin_reader)] it_asset_app: AD helper: sending 1 candidate(s) back for request_id='c0272fc817ec48ea81b4dbd27d56bd15'
2026-09-08 17:54:13 INFO    [Thread-1 (stdin_reader)] it_asset_app: AD helper: auto-hid lookup window after successful result (request_id='c0272fc817ec48ea81b4dbd27d56bd15')
2026-09-08 17:54:34 INFO    [MainThread] it_asset_app: SignatureService.capture: use_topaz_pad=True, title='Employee: sign here'
2026-09-08 17:54:34 INFO    [MainThread] it_asset_app: Topaz: capture() starting
2026-09-08 17:54:34 DEBUG   [Thread-8 (worker)] it_asset_app: Topaz: ProgID 'TOPAZSIGPLUS.SigPlusCtrl.1' failed: (-2147221005, 'Invalid class string', None, None)
2026-09-08 17:54:34 INFO    [Thread-8 (worker)] it_asset_app: Topaz: connected via ProgID 'SigPlus.SigPlusCtrl.1'
2026-09-08 17:54:34 DEBUG   [Thread-8 (worker)] it_asset_app: Topaz: control exposes: ['AboutBox', 'AddSerialByte', 'Annotate', 'AsciiDataMode', 'AutoKeyAddData', 'AutoKeyData', 'AutoKeyFinish', 'AutoKeyStart', 'AutoTimeStamp', 'BackColor', 'BackgroundHandle', 'BitMapBufferByte', 'BitMapBufferClose', 'BitMapBufferSize', 'BitMapBufferWrite', 'BitmapHandle', 'Buffer', 'ByteIndex', 'ClearSigWindow', 'ClearTablet', 'CmdCount', 'CmdData', 'CmdString', 'CoordToUse', 'Coords', 'Data', 'Dest', 'DisableMessageBoxes', 'DisableTabletCapture', 'DisplayAnnotate', 'DisplayAnnotatePosX', 'DisplayAnnotatePosY', 'DisplayAnnotateSize', 'DisplayMode', 'DisplayPenWidth', 'DisplayRotate', 'DisplayRotateSave', 'DisplayTimeStamp', 'DisplayTimeStampPosX', 'DisplayTimeStampPosY', 'DisplayTimeStampSize', 'DisplayWindowRes', 'Enable', 'EnableTabletCapture', 'EnableTabletEncryption', 'EncryptionMode', 'EventMask', 'ExportSigFile', 'FaceName', 'Factor', 'FileName', 'FinalFactor', 'FitToWindow', 'ForeColor', 'Format', 'GetBadPointCounter', 'GetBitmapBufferBytes', 'GetEventEnableMask', 'GetImageScreenResolution', 'GetKey', 'GetKeyReceipt', 'GetKeyReceiptAscii', 'GetLCDSize', 'GetLCDStringSize', 'GetNumPointsForStroke', 'GetNumberOfAttachedTablets', 'GetNumberOfHotSpotPoints', 'GetNumberOfStrokes', 'GetOposPointArray', 'GetOposTotalPoints', 'GetPointPValue', 'GetPointTValue', 'GetPointXValue', 'GetPointYValue', 'GetSavePressureData', 'GetSaveTimeData', 'GetSerialNumberToUse', 'GetSigData', 'GetSigPlusVersionString', 'GetSigReceipt', 'GetSigReceiptAscii', 'GetTabletModelNumber', 'GetTabletPortPath', 'GetTabletSerialNumber', 'GetTrackGemField', 'GreyGain', 'GreyOffset', 'Height', 'HexString', 'HighlightPoint', 'HighlightStroke', 'HostMode', 'IPAddress', 'ImageAnnotate', 'ImageAnnotatePosX', 'ImageAnnotatePosY', 'ImageAnnotateSize', 'ImageFileFormat', 'ImageFileName', 'ImagePenWidth', 'ImageTimeStamp', 'ImageTimeStampPosX', 'ImageTimeStampPosY', 'ImageTimeStampSize', 'ImageXSize', 'ImageYSize', 'ImportSigFile', 'Index', 'InitSigPlus', 'Inside', 'Italic', 'JustifyMode', 'JustifyX', 'JustifyY', 'KeyCode', 'KeyData', 'KeyPadAddHotSpot', 'KeyPadClearHotSpotList', 'KeyPadEnableTapOnly', 'KeyPadQueryHotSpot', 'KeyString', 'LCDCaptureMode', 'LCDCompEnable', 'LCDCompFast', 'LCDCompMode', 'LCDCompSlow', 'LCDCreateImage', 'LCDPlayVideo', 'LCDRefresh', 'LCDSendCmdString', 'LCDSendCommandData', 'LCDSendImage', 'LCDSetFont', 'LCDSetTabletMap', 'LCDSetWindow', 'LCDStopVideo', 'LCDTiffAdd', 'LCDTiffStart', 'LCDTiffWrite', 'LCDType', 'LCDWriteBitmap', 'LCDWriteFile', 'LCDWriteString', 'LCDWriteStringToImage', 'LCDWriteWindowedBitmap', 'LCDXSize', 'LCDXStart', 'LCDXStop', 'LCDYSize', 'LCDYStart', 'LCDYStop', 'LCDZCompMode', 'LineScale', 'LoadTrackGemSig', 'LogEnable', 'LogFilePath', 'MapPoints', 'Message', 'Mode', 'NewPath', 'NewPixelDepth', 'NewPortPath', 'NewValue', 'NumberOfTabletPoints', 'Offset', 'OpaqueMode', 'Param', 'PitchAndFamily', 'PointArray', 'PointIdx', 'PointNumber', 'PortNumber', 'ReplayMode', 'RetryCount', 'ReturnCount', 'SaveSigInfo', 'SerialByte', 'SetAntiAliasEnable', 'SetAntiAliasParameters', 'SetBackground', 'SetBackgroundHandle', 'SetDisplayAnnotateData', 'SetDisplayTimeStampData', 'SetDynamicPressure', 'SetEnableColor', 'SetEventEnableMask', 'SetGreyScaleParams', 'SetIPAddress', 'SetImageAnnotateData', 'SetImageScreenResolution', 'SetImageTimeStampData', 'SetKey', 'SetLCDCompression', 'SetLCDCompressionParameters', 'SetLCDPixelDepth', 'SetLCDRetryCount', 'SetLCDTransferDelay', 'SetLCDTransferSize', 'SetLCDType', 'SetLocalIniFilePath', 'SetLogEnable', 'SetLogFilePath', 'SetMultiUsbEnable', 'SetPressureMap', 'SetPressureMapPoints', 'SetSavePressureData', 'SetSaveTimeData', 'SetSerialNumberToUse', 'SetSigData', 'SetSigSocketPort', 'SetSigWindow', 'SetSpecialCloseDelay', 'SetTabletEncryptionModes', 'SetTabletPortPath', 'SetTranslateBitmapEnable', 'SetUseSHA2Hash', 'SetWMFTempPath', 'SigCompressionMode', 'SigData', 'SigMessage', 'SigSetFont', 'SigString', 'Size', 'SpotSize', 'State', 'Str', 'StrokeIdx', 'StrokeNumber', 'TabletBaudRate', 'TabletClippingMode', 'TabletComPort', 'TabletComTest', 'TabletConnectQuery', 'TabletFilterPoints', 'TabletGraphic', 'TabletGraphicFile', 'TabletIndex', 'TabletInvisible', 'TabletLCDMode', 'TabletLogicalXSize', 'TabletLogicalYSize', 'TabletMode', 'TabletModelNumber', 'TabletResolution', 'TabletRotation', 'TabletSerialNumber', 'TabletState', 'TabletText', 'TabletTextFile', 'TabletTimer', 'TabletTimingAdvance', 'TabletType', 'TabletXStart', 'TabletXStop', 'TabletYStart', 'TabletYStop', 'TestFunction', 'TimeOut', 'TimeStamp', 'TransferDelay', 'TransferSize', 'Underline', 'Value', 'Velocity0', 'VelocityRange', 'VideoNumber', 'Weight', 'Width', 'WriteImageFile', 'X', 'XPos', 'XSize', 'Y', 'YPos', 'YSize', 'ZoomPower', 'ZoomX', 'ZoomY']
2026-09-08 17:54:34 DEBUG   [Thread-8 (worker)] it_asset_app: Topaz: arming the pad (hwnd=2888732)
2026-09-08 17:54:34 DEBUG   [Thread-8 (worker)] it_asset_app: Topaz: tablet state set to 1 via TabletState property
2026-09-08 17:54:34 INFO    [Thread-8 (worker)] it_asset_app: Topaz: pad armed OK
2026-09-08 17:54:40 INFO    [Thread-8 (worker)] it_asset_app: Topaz: NumberOfTabletPoints=268 after Accept
2026-09-08 17:54:40 DEBUG   [Thread-8 (worker)] it_asset_app: Topaz: SigImageB64 not available (SigPlus.SigPlusCtrl.1.SigImageB64)
2026-09-08 17:54:40 DEBUG   [Thread-8 (worker)] it_asset_app: Topaz: image property ImageFileName not settable (Property 'SigPlus.SigPlusCtrl.1.ImageFileName' can not be set.)
2026-09-08 17:54:40 INFO    [Thread-8 (worker)] it_asset_app: Topaz: WriteImageFile(path, fmt, x, y, pen) failed (WriteImageFile() takes from 1 to 2 positional arguments but 6 were given)
2026-09-08 17:54:40 INFO    [Thread-8 (worker)] it_asset_app: Topaz: WriteImageFile(path, fmt) failed (WriteImageFile() takes from 1 to 2 positional arguments but 3 were given)
2026-09-08 17:54:40 INFO    [Thread-8 (worker)] it_asset_app: Topaz: wrote signature bitmap via WriteImageFile(path)
2026-09-08 17:54:40 DEBUG   [Thread-8 (worker)] it_asset_app: Topaz: tablet state set to 0 via TabletState property
2026-09-08 17:54:40 DEBUG   [Thread-8 (worker)] it_asset_app: Topaz: pad disarmed OK
2026-09-08 17:54:40 INFO    [MainThread] it_asset_app: Topaz: capture SUCCESS, saved to C:\Users\srajaamu\AppData\Local\Temp\sig_topaz_39d8910ec2d54ceb8b889945f3b84667.png
2026-09-08 17:54:40 INFO    [MainThread] it_asset_app: SignatureService.capture: Topaz path returned 'C:\\Users\\srajaamu\\AppData\\Local\\Temp\\sig_topaz_39d8910ec2d54ceb8b889945f3b84667.png'
2026-09-08 17:54:42 INFO    [MainThread] it_asset_app: SignatureService.capture: use_topaz_pad=True, title='Asset Receiver: sign here'
2026-09-08 17:54:42 INFO    [MainThread] it_asset_app: Topaz: capture() starting
2026-09-08 17:54:42 DEBUG   [Thread-9 (worker)] it_asset_app: Topaz: ProgID 'TOPAZSIGPLUS.SigPlusCtrl.1' failed: (-2147221005, 'Invalid class string', None, None)
2026-09-08 17:54:42 INFO    [Thread-9 (worker)] it_asset_app: Topaz: connected via ProgID 'SigPlus.SigPlusCtrl.1'
2026-09-08 17:54:42 DEBUG   [Thread-9 (worker)] it_asset_app: Topaz: control exposes: ['AboutBox', 'AddSerialByte', 'Annotate', 'AsciiDataMode', 'AutoKeyAddData', 'AutoKeyData', 'AutoKeyFinish', 'AutoKeyStart', 'AutoTimeStamp', 'BackColor', 'BackgroundHandle', 'BitMapBufferByte', 'BitMapBufferClose', 'BitMapBufferSize', 'BitMapBufferWrite', 'BitmapHandle', 'Buffer', 'ByteIndex', 'ClearSigWindow', 'ClearTablet', 'CmdCount', 'CmdData', 'CmdString', 'CoordToUse', 'Coords', 'Data', 'Dest', 'DisableMessageBoxes', 'DisableTabletCapture', 'DisplayAnnotate', 'DisplayAnnotatePosX', 'DisplayAnnotatePosY', 'DisplayAnnotateSize', 'DisplayMode', 'DisplayPenWidth', 'DisplayRotate', 'DisplayRotateSave', 'DisplayTimeStamp', 'DisplayTimeStampPosX', 'DisplayTimeStampPosY', 'DisplayTimeStampSize', 'DisplayWindowRes', 'Enable', 'EnableTabletCapture', 'EnableTabletEncryption', 'EncryptionMode', 'EventMask', 'ExportSigFile', 'FaceName', 'Factor', 'FileName', 'FinalFactor', 'FitToWindow', 'ForeColor', 'Format', 'GetBadPointCounter', 'GetBitmapBufferBytes', 'GetEventEnableMask', 'GetImageScreenResolution', 'GetKey', 'GetKeyReceipt', 'GetKeyReceiptAscii', 'GetLCDSize', 'GetLCDStringSize', 'GetNumPointsForStroke', 'GetNumberOfAttachedTablets', 'GetNumberOfHotSpotPoints', 'GetNumberOfStrokes', 'GetOposPointArray', 'GetOposTotalPoints', 'GetPointPValue', 'GetPointTValue', 'GetPointXValue', 'GetPointYValue', 'GetSavePressureData', 'GetSaveTimeData', 'GetSerialNumberToUse', 'GetSigData', 'GetSigPlusVersionString', 'GetSigReceipt', 'GetSigReceiptAscii', 'GetTabletModelNumber', 'GetTabletPortPath', 'GetTabletSerialNumber', 'GetTrackGemField', 'GreyGain', 'GreyOffset', 'Height', 'HexString', 'HighlightPoint', 'HighlightStroke', 'HostMode', 'IPAddress', 'ImageAnnotate', 'ImageAnnotatePosX', 'ImageAnnotatePosY', 'ImageAnnotateSize', 'ImageFileFormat', 'ImageFileName', 'ImagePenWidth', 'ImageTimeStamp', 'ImageTimeStampPosX', 'ImageTimeStampPosY', 'ImageTimeStampSize', 'ImageXSize', 'ImageYSize', 'ImportSigFile', 'Index', 'InitSigPlus', 'Inside', 'Italic', 'JustifyMode', 'JustifyX', 'JustifyY', 'KeyCode', 'KeyData', 'KeyPadAddHotSpot', 'KeyPadClearHotSpotList', 'KeyPadEnableTapOnly', 'KeyPadQueryHotSpot', 'KeyString', 'LCDCaptureMode', 'LCDCompEnable', 'LCDCompFast', 'LCDCompMode', 'LCDCompSlow', 'LCDCreateImage', 'LCDPlayVideo', 'LCDRefresh', 'LCDSendCmdString', 'LCDSendCommandData', 'LCDSendImage', 'LCDSetFont', 'LCDSetTabletMap', 'LCDSetWindow', 'LCDStopVideo', 'LCDTiffAdd', 'LCDTiffStart', 'LCDTiffWrite', 'LCDType', 'LCDWriteBitmap', 'LCDWriteFile', 'LCDWriteString', 'LCDWriteStringToImage', 'LCDWriteWindowedBitmap', 'LCDXSize', 'LCDXStart', 'LCDXStop', 'LCDYSize', 'LCDYStart', 'LCDYStop', 'LCDZCompMode', 'LineScale', 'LoadTrackGemSig', 'LogEnable', 'LogFilePath', 'MapPoints', 'Message', 'Mode', 'NewPath', 'NewPixelDepth', 'NewPortPath', 'NewValue', 'NumberOfTabletPoints', 'Offset', 'OpaqueMode', 'Param', 'PitchAndFamily', 'PointArray', 'PointIdx', 'PointNumber', 'PortNumber', 'ReplayMode', 'RetryCount', 'ReturnCount', 'SaveSigInfo', 'SerialByte', 'SetAntiAliasEnable', 'SetAntiAliasParameters', 'SetBackground', 'SetBackgroundHandle', 'SetDisplayAnnotateData', 'SetDisplayTimeStampData', 'SetDynamicPressure', 'SetEnableColor', 'SetEventEnableMask', 'SetGreyScaleParams', 'SetIPAddress', 'SetImageAnnotateData', 'SetImageScreenResolution', 'SetImageTimeStampData', 'SetKey', 'SetLCDCompression', 'SetLCDCompressionParameters', 'SetLCDPixelDepth', 'SetLCDRetryCount', 'SetLCDTransferDelay', 'SetLCDTransferSize', 'SetLCDType', 'SetLocalIniFilePath', 'SetLogEnable', 'SetLogFilePath', 'SetMultiUsbEnable', 'SetPressureMap', 'SetPressureMapPoints', 'SetSavePressureData', 'SetSaveTimeData', 'SetSerialNumberToUse', 'SetSigData', 'SetSigSocketPort', 'SetSigWindow', 'SetSpecialCloseDelay', 'SetTabletEncryptionModes', 'SetTabletPortPath', 'SetTranslateBitmapEnable', 'SetUseSHA2Hash', 'SetWMFTempPath', 'SigCompressionMode', 'SigData', 'SigMessage', 'SigSetFont', 'SigString', 'Size', 'SpotSize', 'State', 'Str', 'StrokeIdx', 'StrokeNumber', 'TabletBaudRate', 'TabletClippingMode', 'TabletComPort', 'TabletComTest', 'TabletConnectQuery', 'TabletFilterPoints', 'TabletGraphic', 'TabletGraphicFile', 'TabletIndex', 'TabletInvisible', 'TabletLCDMode', 'TabletLogicalXSize', 'TabletLogicalYSize', 'TabletMode', 'TabletModelNumber', 'TabletResolution', 'TabletRotation', 'TabletSerialNumber', 'TabletState', 'TabletText', 'TabletTextFile', 'TabletTimer', 'TabletTimingAdvance', 'TabletType', 'TabletXStart', 'TabletXStop', 'TabletYStart', 'TabletYStop', 'TestFunction', 'TimeOut', 'TimeStamp', 'TransferDelay', 'TransferSize', 'Underline', 'Value', 'Velocity0', 'VelocityRange', 'VideoNumber', 'Weight', 'Width', 'WriteImageFile', 'X', 'XPos', 'XSize', 'Y', 'YPos', 'YSize', 'ZoomPower', 'ZoomX', 'ZoomY']
2026-09-08 17:54:42 DEBUG   [Thread-9 (worker)] it_asset_app: Topaz: arming the pad (hwnd=2888732)
2026-09-08 17:54:42 DEBUG   [Thread-9 (worker)] it_asset_app: Topaz: tablet state set to 1 via TabletState property
2026-09-08 17:54:42 INFO    [Thread-9 (worker)] it_asset_app: Topaz: pad armed OK
2026-09-08 17:54:49 INFO    [Thread-9 (worker)] it_asset_app: Topaz: NumberOfTabletPoints=322 after Accept
2026-09-08 17:54:49 DEBUG   [Thread-9 (worker)] it_asset_app: Topaz: SigImageB64 not available (SigPlus.SigPlusCtrl.1.SigImageB64)
2026-09-08 17:54:49 DEBUG   [Thread-9 (worker)] it_asset_app: Topaz: image property ImageFileName not settable (Property 'SigPlus.SigPlusCtrl.1.ImageFileName' can not be set.)
2026-09-08 17:54:49 INFO    [Thread-9 (worker)] it_asset_app: Topaz: WriteImageFile(path, fmt, x, y, pen) failed (WriteImageFile() takes from 1 to 2 positional arguments but 6 were given)
2026-09-08 17:54:49 INFO    [Thread-9 (worker)] it_asset_app: Topaz: WriteImageFile(path, fmt) failed (WriteImageFile() takes from 1 to 2 positional arguments but 3 were given)
2026-09-08 17:54:49 INFO    [Thread-9 (worker)] it_asset_app: Topaz: wrote signature bitmap via WriteImageFile(path)
2026-09-08 17:54:49 DEBUG   [Thread-9 (worker)] it_asset_app: Topaz: tablet state set to 0 via TabletState property
2026-09-08 17:54:49 DEBUG   [Thread-9 (worker)] it_asset_app: Topaz: pad disarmed OK
2026-09-08 17:54:49 INFO    [MainThread] it_asset_app: Topaz: capture SUCCESS, saved to C:\Users\srajaamu\AppData\Local\Temp\sig_topaz_560056d35e8e483e8feae462bc4a2e7c.png
2026-09-08 17:54:49 INFO    [MainThread] it_asset_app: SignatureService.capture: Topaz path returned 'C:\\Users\\srajaamu\\AppData\\Local\\Temp\\sig_topaz_560056d35e8e483e8feae462bc4a2e7c.png'
2026-09-08 17:54:57 INFO    [MainThread] it_asset_app: Generate clicked: emp_id='002228383' bu='My Location' submission_type='New Hire'
2026-09-08 17:54:57 INFO    [MainThread] it_asset_app: fill_docx: starting for 'c:\\Users\\Sriram\\Desktop\\OFFIce Automat\\files\\bu_templates\\c3c38aad1e\\fillable.docx' -> 'C:\\Users\\srajaamu\\AppData\\Local\\Temp\\itasset_bm6uu5gj\\filled.docx' (fields=10, checked_tags=['NewHire'], signatures={'EmployeeSignature': True, 'AssetReceiverSignature': True})
2026-09-08 17:54:57 ERROR   [MainThread] it_asset_app: Generate failed unexpectedly for emp_id='002228383'
Traceback (most recent call last):
  File "C:\Users\srajaamu\OneDrive - UHG\Topaz_automation\WorkFlow_Topaz\app.py", line 3824, in _on_generate
    fill_docx(bu_fillable_docx_path, filled_docx, field_values, checked_tags, signature_images)
    ~~~~~~~~~^^^^^^^^^^^^^^^^^^^^^^^^^^^^^^^^^^^^^^^^^^^^^^^^^^^^^^^^^^^^^^^^^^^^^^^^^^^^^^^^^^
  File "C:\Users\srajaamu\OneDrive - UHG\Topaz_automation\WorkFlow_Topaz\app.py", line 1949, in fill_docx
    with zipfile.ZipFile(fillable_docx_path) as z:
         ~~~~~~~~~~~~~~~^^^^^^^^^^^^^^^^^^^^
  File "C:\Program Files\Python314\Lib\zipfile\__init__.py", line 1462, in __init__
    self.fp = io.open(file, filemode)
              ~~~~~~~^^^^^^^^^^^^^^^^
FileNotFoundError: [Errno 2] No such file or directory: 'c:\\Users\\Sriram\\Desktop\\OFFIce Automat\\files\\bu_templates\\c3c38aad1e\\fillable.docx'
2026-09-08 17:56:01 INFO    [MainThread] it_asset_app: Generate clicked: emp_id='002228383' bu='My Location' submission_type='New Hire'
2026-09-08 17:56:01 INFO    [MainThread] it_asset_app: fill_docx: starting for 'c:\\Users\\Sriram\\Desktop\\OFFIce Automat\\files\\bu_templates\\c3c38aad1e\\fillable.docx' -> 'C:\\Users\\srajaamu\\AppData\\Local\\Temp\\itasset_5k8jziv1\\filled.docx' (fields=10, checked_tags=['NewHire'], signatures={'EmployeeSignature': True, 'AssetReceiverSignature': True})
2026-09-08 17:56:01 ERROR   [MainThread] it_asset_app: Generate failed unexpectedly for emp_id='002228383'
Traceback (most recent call last):
  File "C:\Users\srajaamu\OneDrive - UHG\Topaz_automation\WorkFlow_Topaz\app.py", line 3824, in _on_generate
    fill_docx(bu_fillable_docx_path, filled_docx, field_values, checked_tags, signature_images)
    ~~~~~~~~~^^^^^^^^^^^^^^^^^^^^^^^^^^^^^^^^^^^^^^^^^^^^^^^^^^^^^^^^^^^^^^^^^^^^^^^^^^^^^^^^^^
  File "C:\Users\srajaamu\OneDrive - UHG\Topaz_automation\WorkFlow_Topaz\app.py", line 1949, in fill_docx
    with zipfile.ZipFile(fillable_docx_path) as z:
         ~~~~~~~~~~~~~~~^^^^^^^^^^^^^^^^^^^^
  File "C:\Program Files\Python314\Lib\zipfile\__init__.py", line 1462, in __init__
    self.fp = io.open(file, filemode)
              ~~~~~~~^^^^^^^^^^^^^^^^
FileNotFoundError: [Errno 2] No such file or directory: 'c:\\Users\\Sriram\\Desktop\\OFFIce Automat\\files\\bu_templates\\c3c38aad1e\\fillable.docx'
2026-09-08 17:57:26 INFO    [MainThread] it_asset_app: insert_controls: starting for 'C:\\Users\\srajaamu\\OneDrive - UHG\\Topaz_automation\\WorkFlow_Topaz\\bu_templates\\81fdb4d2f1\\original.docx' -> 'C:\\Users\\srajaamu\\OneDrive - UHG\\Topaz_automation\\WorkFlow_Topaz\\bu_templates\\81fdb4d2f1\\fillable.docx'
2026-09-08 17:57:26 INFO    [MainThread] it_asset_app: insert_controls: SUCCESS -> 'C:\\Users\\srajaamu\\OneDrive - UHG\\Topaz_automation\\WorkFlow_Topaz\\bu_templates\\81fdb4d2f1\\fillable.docx'
2026-09-08 17:57:27 INFO    [MainThread] it_asset_app: BU templates: loaded 4 template(s): ['Test BU', 'op', 'My Location', 'Embassy_II032']
2026-09-08 17:57:34 INFO    [MainThread] it_asset_app: Generate clicked: emp_id='002228383' bu='Embassy_II032' submission_type='New Hire'
2026-09-08 17:57:34 INFO    [MainThread] it_asset_app: fill_docx: starting for 'C:\\Users\\srajaamu\\OneDrive - UHG\\Topaz_automation\\WorkFlow_Topaz\\bu_templates\\81fdb4d2f1\\fillable.docx' -> 'C:\\Users\\srajaamu\\AppData\\Local\\Temp\\itasset_ccsr4k10\\filled.docx' (fields=10, checked_tags=['NewHire'], signatures={'EmployeeSignature': True, 'AssetReceiverSignature': True})
2026-09-08 17:57:34 INFO    [MainThread] it_asset_app: fill_docx: SUCCESS -> 'C:\\Users\\srajaamu\\AppData\\Local\\Temp\\itasset_ccsr4k10\\filled.docx'
2026-09-08 17:57:34 INFO    [MainThread] it_asset_app: Word export: starting for 'C:\\Users\\srajaamu\\AppData\\Local\\Temp\\itasset_ccsr4k10\\filled.docx' -> 'C:\\Users\\srajaamu\\AppData\\Local\\Temp\\itasset_ccsr4k10\\unsigned.pdf'
2026-09-08 17:57:34 DEBUG   [MainThread] it_asset_app: Word export: launching Word.Application (DispatchEx)
2026-09-08 17:57:37 DEBUG   [MainThread] it_asset_app: Word export: opening 'C:\\Users\\srajaamu\\AppData\\Local\\Temp\\itasset_ccsr4k10\\filled.docx'
2026-09-08 17:57:38 DEBUG   [MainThread] it_asset_app: Word export: saving as PDF -> 'C:\\Users\\srajaamu\\AppData\\Local\\Temp\\itasset_ccsr4k10\\unsigned.pdf'
2026-09-08 17:57:39 INFO    [MainThread] it_asset_app: Word export: SUCCESS -> 'C:\\Users\\srajaamu\\AppData\\Local\\Temp\\itasset_ccsr4k10\\unsigned.pdf' (4.6s)
2026-09-08 17:57:51 INFO    [MainThread] it_asset_app: Signing: starting for 'C:\\Users\\srajaamu\\AppData\\Local\\Temp\\itasset_ccsr4k10\\unsigned.pdf' -> 'C:/Users/srajaamu/Desktop/testsign/unknown_employee_08-Sep-2026.pdf' (2 signature field(s): ['EmployeeSignature', 'AssetReceiverSignature'])
2026-09-08 17:57:52 DEBUG   [MainThread] it_asset_app: Signing: detected 2 on-page signature box(es)
2026-09-08 17:57:52 DEBUG   [MainThread] it_asset_app: Signing: applied field 'EmployeeSignature' (box=(291.85, 286.58, 433.45000000000005, 333.78)) -> 'C:/Users/srajaamu/Desktop/testsign/unknown_employee_08-Sep-2026.pdf.step0.pdf'
2026-09-08 17:57:52 DEBUG   [MainThread] it_asset_app: Signing: applied field 'AssetReceiverSignature' (box=(291.85, 238.88, 433.45000000000005, 286.08)) -> 'C:/Users/srajaamu/Desktop/testsign/unknown_employee_08-Sep-2026.pdf'
2026-09-08 17:57:52 INFO    [MainThread] it_asset_app: Signing: SUCCESS -> 'C:/Users/srajaamu/Desktop/testsign/unknown_employee_08-Sep-2026.pdf' (1.2s)
2026-09-08 17:57:52 INFO    [MainThread] it_asset_app: Generate SUCCESS for emp_id='002228383' -> C:/Users/srajaamu/Desktop/testsign/unknown_employee_08-Sep-2026.pdf
2026-09-08 18:02:39 INFO    [MainThread] it_asset_app: Generate clicked: emp_id='002228383' bu='Embassy_II032' submission_type='New Hire'
2026-09-08 18:02:39 INFO    [MainThread] it_asset_app: fill_docx: starting for 'C:\\Users\\srajaamu\\OneDrive - UHG\\Topaz_automation\\WorkFlow_Topaz\\bu_templates\\81fdb4d2f1\\fillable.docx' -> 'C:\\Users\\srajaamu\\AppData\\Local\\Temp\\itasset_kny05obk\\filled.docx' (fields=10, checked_tags=['Charger', 'Headset', 'LaptopBag', 'Mouse', 'Multiport', 'NetworkCable', 'NewHire'], signatures={'EmployeeSignature': True, 'AssetReceiverSignature': True})
2026-09-08 18:02:39 INFO    [MainThread] it_asset_app: fill_docx: SUCCESS -> 'C:\\Users\\srajaamu\\AppData\\Local\\Temp\\itasset_kny05obk\\filled.docx'
2026-09-08 18:02:39 INFO    [MainThread] it_asset_app: Word export: starting for 'C:\\Users\\srajaamu\\AppData\\Local\\Temp\\itasset_kny05obk\\filled.docx' -> 'C:\\Users\\srajaamu\\AppData\\Local\\Temp\\itasset_kny05obk\\unsigned.pdf'
2026-09-08 18:02:39 DEBUG   [MainThread] it_asset_app: Word export: launching Word.Application (DispatchEx)
2026-09-08 18:02:41 DEBUG   [MainThread] it_asset_app: Word export: opening 'C:\\Users\\srajaamu\\AppData\\Local\\Temp\\itasset_kny05obk\\filled.docx'
2026-09-08 18:02:41 DEBUG   [MainThread] it_asset_app: Word export: saving as PDF -> 'C:\\Users\\srajaamu\\AppData\\Local\\Temp\\itasset_kny05obk\\unsigned.pdf'
2026-09-08 18:02:42 INFO    [MainThread] it_asset_app: Word export: SUCCESS -> 'C:\\Users\\srajaamu\\AppData\\Local\\Temp\\itasset_kny05obk\\unsigned.pdf' (3.2s)
2026-09-08 18:02:47 INFO    [MainThread] it_asset_app: Signing: starting for 'C:\\Users\\srajaamu\\AppData\\Local\\Temp\\itasset_kny05obk\\unsigned.pdf' -> 'C:/Users/srajaamu/Desktop/testsign/unknown_employee_08-Sep-2026.pdf' (2 signature field(s): ['EmployeeSignature', 'AssetReceiverSignature'])
2026-09-08 18:02:47 DEBUG   [MainThread] it_asset_app: Signing: detected 2 on-page signature box(es)
2026-09-08 18:02:47 DEBUG   [MainThread] it_asset_app: Signing: applied field 'EmployeeSignature' (box=(291.85, 286.58, 433.45000000000005, 333.78)) -> 'C:/Users/srajaamu/Desktop/testsign/unknown_employee_08-Sep-2026.pdf.step0.pdf'
2026-09-08 18:02:47 DEBUG   [MainThread] it_asset_app: Signing: applied field 'AssetReceiverSignature' (box=(291.85, 238.88, 433.45000000000005, 286.08)) -> 'C:/Users/srajaamu/Desktop/testsign/unknown_employee_08-Sep-2026.pdf'
2026-09-08 18:02:47 INFO    [MainThread] it_asset_app: Signing: SUCCESS -> 'C:/Users/srajaamu/Desktop/testsign/unknown_employee_08-Sep-2026.pdf' (0.3s)
2026-09-08 18:02:47 INFO    [MainThread] it_asset_app: Generate SUCCESS for emp_id='002228383' -> C:/Users/srajaamu/Desktop/testsign/unknown_employee_08-Sep-2026.pdf
2026-09-08 18:05:58 INFO    [Thread-1 (stdin_reader)] it_asset_app: AD helper: received lookup request_id='dba72515b9a34453a4e02b9cfda1b967' emp_id='900061775'
2026-09-08 18:05:58 INFO    [Thread-1 (stdin_reader)] it_asset_app: AD lookup: starting search for emp_id='900061775' (header_keyword='EmployeeID', name_column='Employee Name')
2026-09-08 18:05:58 DEBUG   [Thread-1 (stdin_reader)] it_asset_app: AD lookup: filled search textbox OK
2026-09-08 18:05:58 DEBUG   [Thread-1 (stdin_reader)] it_asset_app: AD lookup: clicked 'View Report' button OK
2026-09-08 18:05:58 DEBUG   [Thread-1 (stdin_reader)] it_asset_app: AD lookup: results table ready after 0.0s
2026-09-08 18:05:58 DEBUG   [Thread-1 (stdin_reader)] it_asset_app: AD lookup: extracted 1 row(s) via strategy='single-table'; tables seen on page: [{'headers': ['Search AD for MSID, EmployeeID, or Email Address (one entry per line)\t\n\t\n\t\n\t\t\n\n\n\n\n\t\t\n\t\t\t\tof\t\t1\t\t\n\t\t\n\t\n\t\nPage Width\nWhole Page\n500%\n200%\n150%\n100%\n75%\n50%\n25%\n10%\n\t\n\t\n\t\n\t\tFind\t\t\n\t\t|\t\tNext\t\t\n\n\n\t\t\t\t\t\t\t\n\t\t\n\t\n\t\t\t\nActive Directory Search (MS domain)\n\xa0\n(data is refreshed once every 24 hours) - data current as of: 9/4/2026 2:01:01 AM Central Time\n\t\n\t\n\t\nBookmark this URL (not the site it takes you to): https://goto.optum.com/ActiveDirectoryInfo\nFor additional options, bookmark this url (not the site it takes you to): https://goto.optum.com/ActiveDirectoryInfo2\n\t\n\t\n\t\t\n\t\t\t\t\t\t\t\t\t\t\t\t\t\t\t\t\t\t\n\nEnabled\n\t\nEmployeeID\n\t\nMSID\n\t\nEmployee Name\n\t\nCorporate Email Box\n\t\nuht-IdentityManagment-Mail\n\t\nUserPrincipalName\n\t\nEmployee Type\n\t\nAccountType\n\t\nPostal Code\n\t\nDepartment\n\t\nManager EmployeeID\n\t\nManager MSID\n\t\nManager Name\n\t\nManager Email\n\t\nBusiness Unit\n\t\nOperating Unit\n\t\nLocation\n\t\nDepartment\n\n\nFALSE\n\t\n002228383\n\t\nsp186\n\t\nP, Sudharson\n\t\nsudharson.palani@optum.com\n\t\nsudharson.palani@optum.com\n\t\nsudharson.palani@optum.com\n\t\nE\n\t\nP\n\t\nII032\n\t\nOI Operations\n\t\n002225177\n\t\nspriya53\n\t\nPriya, Shanmuga\n\t\nvshanmugapriya@optum.com\n\t\n48210\n\t\n06290\n\t\nINDIN032\n\t\n804950'], 'rowCount': 1, 'matched': False}, {'headers': ['', 'Loading...\n\t\t\t\t\tCancel'], 'rowCount': 1, 'matched': False}, {'headers': ['', '', ''], 'rowCount': 5, 'matched': False}, {'headers': ['Search AD for MSID, EmployeeID, or Email Address (one entry per line)', '', ''], 'rowCount': 1, 'matched': False}, {'headers': ['', '', '', '', '', '', '', '', ''], 'rowCount': 2, 'matched': False}, {'headers': ['', ''], 'rowCount': 1, 'matched': False}, {'headers': ['', '', '', '', '', '', 'of', '', '1', '', '', '', ''], 'rowCount': 1, 'matched': False}, {'headers': [''], 'rowCount': 1, 'matched': False}, {'headers': [''], 'rowCount': 1, 'matched': False}, {'headers': [''], 'rowCount': 1, 'matched': False}, {'headers': [''], 'rowCount': 1, 'matched': False}, {'headers': [''], 'rowCount': 1, 'matched': False}, {'headers': [''], 'rowCount': 1, 'matched': False}, {'headers': [''], 'rowCount': 1, 'matched': False}, {'headers': [''], 'rowCount': 1, 'matched': False}, {'headers': [''], 'rowCount': 1, 'matched': False}, {'headers': [''], 'rowCount': 1, 'matched': False}, {'headers': [''], 'rowCount': 1, 'matched': False}, {'headers': ['Page Width\nWhole Page\n500%\n200%\n150%\n100%\n75%\n50%\n25%\n10%'], 'rowCount': 1, 'matched': False}, {'headers': ['Word\n\t\t\t\t\t\t\t\t\t\n\t\t\t\t\t\t\t\t\t\tExcel\n\t\t\t\t\t\t\t\t\t\n\t\t\t\t\t\t\t\t\t\tPowerPoint\n\t\t\t\t\t\t\t\t\t\n\t\t\t\t\t\t\t\t\t\tPDF\n\t\t\t\t\t\t\t\t\t\n\t\t\t\t\t\t\t\t\t\tTIFF file\n\t\t\t\t\t\t\t\t\t\n\t\t\t\t\t\t\t\t\t\tMHTML (web archive)\n\t\t\t\t\t\t\t\t\t\n\t\t\t\t\t\t\t\t\t\tCSV (comma delimited)\n\t\t\t\t\t\t\t\t\t\n\t\t\t\t\t\t\t\t\t\tXML file with report data\n\t\t\t\t\t\t\t\t\t\n\t\t\t\t\t\t\t\t\t\tData Feed'], 'rowCount': 1, 'matched': False}, {'headers': [''], 'rowCount': 1, 'matched': False}, {'headers': [''], 'rowCount': 1, 'matched': False}, {'headers': [''], 'rowCount': 1, 'matched': False}, {'headers': [''], 'rowCount': 1, 'matched': False}, {'headers': ['', '', 'Find', '', '', '', '|', '', 'Next', '', ''], 'rowCount': 1, 'matched': False}, {'headers': ['Active Directory Search (MS domain)\n\xa0\n(data is refreshed once every 24 hours) - data current as of: 9/4/2026 2:01:01 AM Central Time\n\t\n\t\n\t\nBookmark this URL (not the site it takes you to): https://goto.optum.com/ActiveDirectoryInfo\nFor additional options, bookmark this url (not the site it takes you to): https://goto.optum.com/ActiveDirectoryInfo2\n\t\n\t\n\t\t\n\t\t\t\t\t\t\t\t\t\t\t\t\t\t\t\t\t\t\n\nEnabled\n\t\nEmployeeID\n\t\nMSID\n\t\nEmployee Name\n\t\nCorporate Email Box\n\t\nuht-IdentityManagment-Mail\n\t\nUserPrincipalName\n\t\nEmployee Type\n\t\nAccountType\n\t\nPostal Code\n\t\nDepartment\n\t\nManager EmployeeID\n\t\nManager MSID\n\t\nManager Name\n\t\nManager Email\n\t\nBusiness Unit\n\t\nOperating Unit\n\t\nLocation\n\t\nDepartment\n\n\nFALSE\n\t\n002228383\n\t\nsp186\n\t\nP, Sudharson\n\t\nsudharson.palani@optum.com\n\t\nsudharson.palani@optum.com\n\t\nsudharson.palani@optum.com\n\t\nE\n\t\nP\n\t\nII032\n\t\nOI Operations\n\t\n002225177\n\t\nspriya53\n\t\nPriya, Shanmuga\n\t\nvshanmugapriya@optum.com\n\t\n48210\n\t\n06290\n\t\nINDIN032\n\t\n804950'], 'rowCount': 1, 'matched': False}, {'headers': ['Active Directory Search (MS domain)\n\xa0\n(data is refreshed once every 24 hours) - data current as of: 9/4/2026 2:01:01 AM Central Time\n\t\n\t\n\t\nBookmark this URL (not the site it takes you to): https://goto.optum.com/ActiveDirectoryInfo\nFor additional options, bookmark this url (not the site it takes you to): https://goto.optum.com/ActiveDirectoryInfo2\n\t\n\t\n\t\t\n\t\t\t\t\t\t\t\t\t\t\t\t\t\t\t\t\t\t\n\nEnabled\n\t\nEmployeeID\n\t\nMSID\n\t\nEmployee Name\n\t\nCorporate Email Box\n\t\nuht-IdentityManagment-Mail\n\t\nUserPrincipalName\n\t\nEmployee Type\n\t\nAccountType\n\t\nPostal Code\n\t\nDepartment\n\t\nManager EmployeeID\n\t\nManager MSID\n\t\nManager Name\n\t\nManager Email\n\t\nBusiness Unit\n\t\nOperating Unit\n\t\nLocation\n\t\nDepartment\n\n\nFALSE\n\t\n002228383\n\t\nsp186\n\t\nP, Sudharson\n\t\nsudharson.palani@optum.com\n\t\nsudharson.palani@optum.com\n\t\nsudharson.palani@optum.com\n\t\nE\n\t\nP\n\t\nII032\n\t\nOI Operations\n\t\n002225177\n\t\nspriya53\n\t\nPriya, Shanmuga\n\t\nvshanmugapriya@optum.com\n\t\n48210\n\t\n06290\n\t\nINDIN032\n\t\n804950'], 'rowCount': 2, 'matched': False}, {'headers': ['Active Directory Search (MS domain)\n\xa0\n(data is refreshed once every 24 hours) - data current as of: 9/4/2026 2:01:01 AM Central Time\n\t\n\t\n\t\nBookmark this URL (not the site it takes you to): https://goto.optum.com/ActiveDirectoryInfo\nFor additional options, bookmark this url (not the site it takes you to): https://goto.optum.com/ActiveDirectoryInfo2\n\t\n\t\n\t\t\n\t\t\t\t\t\t\t\t\t\t\t\t\t\t\t\t\t\t\n\nEnabled\n\t\nEmployeeID\n\t\nMSID\n\t\nEmployee Name\n\t\nCorporate Email Box\n\t\nuht-IdentityManagment-Mail\n\t\nUserPrincipalName\n\t\nEmployee Type\n\t\nAccountType\n\t\nPostal Code\n\t\nDepartment\n\t\nManager EmployeeID\n\t\nManager MSID\n\t\nManager Name\n\t\nManager Email\n\t\nBusiness Unit\n\t\nOperating Unit\n\t\nLocation\n\t\nDepartment\n\n\nFALSE\n\t\n002228383\n\t\nsp186\n\t\nP, Sudharson\n\t\nsudharson.palani@optum.com\n\t\nsudharson.palani@optum.com\n\t\nsudharson.palani@optum.com\n\t\nE\n\t\nP\n\t\nII032\n\t\nOI Operations\n\t\n002225177\n\t\nspriya53\n\t\nPriya, Shanmuga\n\t\nvshanmugapriya@optum.com\n\t\n48210\n\t\n06290\n\t\nINDIN032\n\t\n804950'], 'rowCount': 1, 'matched': False}, {'headers': ['', '', '', '', '', '', '', ''], 'rowCount': 7, 'matched': False}, {'headers': ['Enabled', 'EmployeeID', 'MSID', 'Employee Name', 'Corporate Email Box', 'uht-IdentityManagment-Mail', 'UserPrincipalName', 'Employee Type', 'AccountType', 'Postal Code', 'Department', 'Manager EmployeeID', 'Manager MSID', 'Manager Name', 'Manager Email', 'Business Unit', 'Operating Unit', 'Location', 'Department'], 'rowCount': 1, 'matched': True}]
2026-09-08 18:05:58 DEBUG   [Thread-1 (stdin_reader)] it_asset_app: AD lookup: raw extracted rows: [{'Enabled': 'FALSE', 'EmployeeID': '002228383', 'MSID': 'sp186', 'Employee Name': 'P, Sudharson', 'Corporate Email Box': 'sudharson.palani@optum.com', 'uht-IdentityManagment-Mail': 'sudharson.palani@optum.com', 'UserPrincipalName': 'sudharson.palani@optum.com', 'Employee Type': 'E', 'AccountType': 'P', 'Postal Code': 'II032', 'Department': 'OI Operations', 'Manager EmployeeID': '002225177', 'Manager MSID': 'spriya53', 'Manager Name': 'Priya, Shanmuga', 'Manager Email': 'vshanmugapriya@optum.com', 'Business Unit': '48210', 'Operating Unit': '06290', 'Location': 'INDIN032'}]
2026-09-08 18:05:58 DEBUG   [Thread-1 (stdin_reader)] it_asset_app: AD lookup: mapped fields from row: {'emp_name': 'P, Sudharson', 'manager_name': 'Priya, Shanmuga', 'contact_number': '', 'department': 'OI Operations', 'email': 'sudharson.palani@optum.com', 'designation': 'E', 'msid': 'sp186', 'employee_id_confirmed': '002228383', 'manager_email': 'vshanmugapriya@optum.com', 'manager_msid': 'spriya53', 'manager_employee_id': '002225177', 'account_enabled': 'FALSE'}
2026-09-08 18:05:58 INFO    [Thread-1 (stdin_reader)] it_asset_app: AD lookup: SUCCESS for emp_id='900061775' - 1 candidate(s), emp_name='P, Sudharson' manager_name='Priya, Shanmuga'
2026-09-08 18:05:58 INFO    [Thread-1 (stdin_reader)] it_asset_app: AD helper: sending 1 candidate(s) back for request_id='dba72515b9a34453a4e02b9cfda1b967'
2026-09-08 18:05:58 INFO    [Thread-1 (stdin_reader)] it_asset_app: AD helper: auto-hid lookup window after successful result (request_id='dba72515b9a34453a4e02b9cfda1b967')
2026-09-08 18:06:49 INFO    [Thread-1 (stdin_reader)] it_asset_app: AD helper: received lookup request_id='5c538fd3569840dcbbcb8d52d6e4ccfb' emp_id='900061775'
2026-09-08 18:06:49 INFO    [Thread-1 (stdin_reader)] it_asset_app: AD lookup: starting search for emp_id='900061775' (header_keyword='EmployeeID', name_column='Employee Name')
2026-09-08 18:06:49 DEBUG   [Thread-1 (stdin_reader)] it_asset_app: AD lookup: filled search textbox OK
2026-09-08 18:06:50 DEBUG   [Thread-1 (stdin_reader)] it_asset_app: AD lookup: clicked 'View Report' button OK
2026-09-08 18:06:50 DEBUG   [Thread-1 (stdin_reader)] it_asset_app: AD lookup: results table ready after 0.0s
2026-09-08 18:06:50 DEBUG   [Thread-1 (stdin_reader)] it_asset_app: AD lookup: extracted 1 row(s) via strategy='single-table'; tables seen on page: [{'headers': ['Search AD for MSID, EmployeeID, or Email Address (one entry per line)\t\n\t\n\t\n\t\t\n\n\n\n\n\t\t\n\t\t\t\tof\t\t1\t\t\n\t\t\n\t\n\t\nPage Width\nWhole Page\n500%\n200%\n150%\n100%\n75%\n50%\n25%\n10%\n\t\n\t\n\t\n\t\tFind\t\t\n\t\t|\t\tNext\t\t\n\n\n\t\t\t\t\t\t\t\n\t\t\n\t\n\t\t\t\nActive Directory Search (MS domain)\n\xa0\n(data is refreshed once every 24 hours) - data current as of: 9/4/2026 2:01:01 AM Central Time\n\t\n\t\n\t\nBookmark this URL (not the site it takes you to): https://goto.optum.com/ActiveDirectoryInfo\nFor additional options, bookmark this url (not the site it takes you to): https://goto.optum.com/ActiveDirectoryInfo2\n\t\n\t\n\t\t\n\t\t\t\t\t\t\t\t\t\t\t\t\t\t\t\t\t\t\n\nEnabled\n\t\nEmployeeID\n\t\nMSID\n\t\nEmployee Name\n\t\nCorporate Email Box\n\t\nuht-IdentityManagment-Mail\n\t\nUserPrincipalName\n\t\nEmployee Type\n\t\nAccountType\n\t\nPostal Code\n\t\nDepartment\n\t\nManager EmployeeID\n\t\nManager MSID\n\t\nManager Name\n\t\nManager Email\n\t\nBusiness Unit\n\t\nOperating Unit\n\t\nLocation\n\t\nDepartment\n\n\nTRUE\n\t\n900061775\n\t\nvsubhiks\n\t\nSubhiksha, V\n\t\nsubhiksha_v@optum.com\n\t\nsubhiksha_v@optum.com\n\t\nsubhiksha_v@optum.com\n\t\nE\n\t\nP\n\t\nII032\n\t\nOI Operations\n\t\n002226284\n\t\ndmohanr5\n\t\nMohanrao, Divyabai\n\t\ndivyabai.mohanrao@optum.com\n\t\n48210\n\t\n06290\n\t\nINDIN032\n\t\n823058'], 'rowCount': 1, 'matched': False}, {'headers': ['', 'Loading...\n\t\t\t\t\tCancel'], 'rowCount': 1, 'matched': False}, {'headers': ['', '', ''], 'rowCount': 5, 'matched': False}, {'headers': ['Search AD for MSID, EmployeeID, or Email Address (one entry per line)', '', ''], 'rowCount': 1, 'matched': False}, {'headers': ['', '', '', '', '', '', '', '', ''], 'rowCount': 2, 'matched': False}, {'headers': ['', ''], 'rowCount': 1, 'matched': False}, {'headers': ['', '', '', '', '', '', 'of', '', '1', '', '', '', ''], 'rowCount': 1, 'matched': False}, {'headers': [''], 'rowCount': 1, 'matched': False}, {'headers': [''], 'rowCount': 1, 'matched': False}, {'headers': [''], 'rowCount': 1, 'matched': False}, {'headers': [''], 'rowCount': 1, 'matched': False}, {'headers': [''], 'rowCount': 1, 'matched': False}, {'headers': [''], 'rowCount': 1, 'matched': False}, {'headers': [''], 'rowCount': 1, 'matched': False}, {'headers': [''], 'rowCount': 1, 'matched': False}, {'headers': [''], 'rowCount': 1, 'matched': False}, {'headers': [''], 'rowCount': 1, 'matched': False}, {'headers': [''], 'rowCount': 1, 'matched': False}, {'headers': ['Page Width\nWhole Page\n500%\n200%\n150%\n100%\n75%\n50%\n25%\n10%'], 'rowCount': 1, 'matched': False}, {'headers': ['Word\n\t\t\t\t\t\t\t\t\t\n\t\t\t\t\t\t\t\t\t\tExcel\n\t\t\t\t\t\t\t\t\t\n\t\t\t\t\t\t\t\t\t\tPowerPoint\n\t\t\t\t\t\t\t\t\t\n\t\t\t\t\t\t\t\t\t\tPDF\n\t\t\t\t\t\t\t\t\t\n\t\t\t\t\t\t\t\t\t\tTIFF file\n\t\t\t\t\t\t\t\t\t\n\t\t\t\t\t\t\t\t\t\tMHTML (web archive)\n\t\t\t\t\t\t\t\t\t\n\t\t\t\t\t\t\t\t\t\tCSV (comma delimited)\n\t\t\t\t\t\t\t\t\t\n\t\t\t\t\t\t\t\t\t\tXML file with report data\n\t\t\t\t\t\t\t\t\t\n\t\t\t\t\t\t\t\t\t\tData Feed'], 'rowCount': 1, 'matched': False}, {'headers': [''], 'rowCount': 1, 'matched': False}, {'headers': [''], 'rowCount': 1, 'matched': False}, {'headers': [''], 'rowCount': 1, 'matched': False}, {'headers': [''], 'rowCount': 1, 'matched': False}, {'headers': ['', '', 'Find', '', '', '', '|', '', 'Next', '', ''], 'rowCount': 1, 'matched': False}, {'headers': ['Active Directory Search (MS domain)\n\xa0\n(data is refreshed once every 24 hours) - data current as of: 9/4/2026 2:01:01 AM Central Time\n\t\n\t\n\t\nBookmark this URL (not the site it takes you to): https://goto.optum.com/ActiveDirectoryInfo\nFor additional options, bookmark this url (not the site it takes you to): https://goto.optum.com/ActiveDirectoryInfo2\n\t\n\t\n\t\t\n\t\t\t\t\t\t\t\t\t\t\t\t\t\t\t\t\t\t\n\nEnabled\n\t\nEmployeeID\n\t\nMSID\n\t\nEmployee Name\n\t\nCorporate Email Box\n\t\nuht-IdentityManagment-Mail\n\t\nUserPrincipalName\n\t\nEmployee Type\n\t\nAccountType\n\t\nPostal Code\n\t\nDepartment\n\t\nManager EmployeeID\n\t\nManager MSID\n\t\nManager Name\n\t\nManager Email\n\t\nBusiness Unit\n\t\nOperating Unit\n\t\nLocation\n\t\nDepartment\n\n\nTRUE\n\t\n900061775\n\t\nvsubhiks\n\t\nSubhiksha, V\n\t\nsubhiksha_v@optum.com\n\t\nsubhiksha_v@optum.com\n\t\nsubhiksha_v@optum.com\n\t\nE\n\t\nP\n\t\nII032\n\t\nOI Operations\n\t\n002226284\n\t\ndmohanr5\n\t\nMohanrao, Divyabai\n\t\ndivyabai.mohanrao@optum.com\n\t\n48210\n\t\n06290\n\t\nINDIN032\n\t\n823058'], 'rowCount': 1, 'matched': False}, {'headers': ['Active Directory Search (MS domain)\n\xa0\n(data is refreshed once every 24 hours) - data current as of: 9/4/2026 2:01:01 AM Central Time\n\t\n\t\n\t\nBookmark this URL (not the site it takes you to): https://goto.optum.com/ActiveDirectoryInfo\nFor additional options, bookmark this url (not the site it takes you to): https://goto.optum.com/ActiveDirectoryInfo2\n\t\n\t\n\t\t\n\t\t\t\t\t\t\t\t\t\t\t\t\t\t\t\t\t\t\n\nEnabled\n\t\nEmployeeID\n\t\nMSID\n\t\nEmployee Name\n\t\nCorporate Email Box\n\t\nuht-IdentityManagment-Mail\n\t\nUserPrincipalName\n\t\nEmployee Type\n\t\nAccountType\n\t\nPostal Code\n\t\nDepartment\n\t\nManager EmployeeID\n\t\nManager MSID\n\t\nManager Name\n\t\nManager Email\n\t\nBusiness Unit\n\t\nOperating Unit\n\t\nLocation\n\t\nDepartment\n\n\nTRUE\n\t\n900061775\n\t\nvsubhiks\n\t\nSubhiksha, V\n\t\nsubhiksha_v@optum.com\n\t\nsubhiksha_v@optum.com\n\t\nsubhiksha_v@optum.com\n\t\nE\n\t\nP\n\t\nII032\n\t\nOI Operations\n\t\n002226284\n\t\ndmohanr5\n\t\nMohanrao, Divyabai\n\t\ndivyabai.mohanrao@optum.com\n\t\n48210\n\t\n06290\n\t\nINDIN032\n\t\n823058'], 'rowCount': 2, 'matched': False}, {'headers': ['Active Directory Search (MS domain)\n\xa0\n(data is refreshed once every 24 hours) - data current as of: 9/4/2026 2:01:01 AM Central Time\n\t\n\t\n\t\nBookmark this URL (not the site it takes you to): https://goto.optum.com/ActiveDirectoryInfo\nFor additional options, bookmark this url (not the site it takes you to): https://goto.optum.com/ActiveDirectoryInfo2\n\t\n\t\n\t\t\n\t\t\t\t\t\t\t\t\t\t\t\t\t\t\t\t\t\t\n\nEnabled\n\t\nEmployeeID\n\t\nMSID\n\t\nEmployee Name\n\t\nCorporate Email Box\n\t\nuht-IdentityManagment-Mail\n\t\nUserPrincipalName\n\t\nEmployee Type\n\t\nAccountType\n\t\nPostal Code\n\t\nDepartment\n\t\nManager EmployeeID\n\t\nManager MSID\n\t\nManager Name\n\t\nManager Email\n\t\nBusiness Unit\n\t\nOperating Unit\n\t\nLocation\n\t\nDepartment\n\n\nTRUE\n\t\n900061775\n\t\nvsubhiks\n\t\nSubhiksha, V\n\t\nsubhiksha_v@optum.com\n\t\nsubhiksha_v@optum.com\n\t\nsubhiksha_v@optum.com\n\t\nE\n\t\nP\n\t\nII032\n\t\nOI Operations\n\t\n002226284\n\t\ndmohanr5\n\t\nMohanrao, Divyabai\n\t\ndivyabai.mohanrao@optum.com\n\t\n48210\n\t\n06290\n\t\nINDIN032\n\t\n823058'], 'rowCount': 1, 'matched': False}, {'headers': ['', '', '', '', '', '', '', ''], 'rowCount': 7, 'matched': False}, {'headers': ['Enabled', 'EmployeeID', 'MSID', 'Employee Name', 'Corporate Email Box', 'uht-IdentityManagment-Mail', 'UserPrincipalName', 'Employee Type', 'AccountType', 'Postal Code', 'Department', 'Manager EmployeeID', 'Manager MSID', 'Manager Name', 'Manager Email', 'Business Unit', 'Operating Unit', 'Location', 'Department'], 'rowCount': 1, 'matched': True}]
2026-09-08 18:06:50 DEBUG   [Thread-1 (stdin_reader)] it_asset_app: AD lookup: raw extracted rows: [{'Enabled': 'TRUE', 'EmployeeID': '900061775', 'MSID': 'vsubhiks', 'Employee Name': 'Subhiksha, V', 'Corporate Email Box': 'subhiksha_v@optum.com', 'uht-IdentityManagment-Mail': 'subhiksha_v@optum.com', 'UserPrincipalName': 'subhiksha_v@optum.com', 'Employee Type': 'E', 'AccountType': 'P', 'Postal Code': 'II032', 'Department': 'OI Operations', 'Manager EmployeeID': '002226284', 'Manager MSID': 'dmohanr5', 'Manager Name': 'Mohanrao, Divyabai', 'Manager Email': 'divyabai.mohanrao@optum.com', 'Business Unit': '48210', 'Operating Unit': '06290', 'Location': 'INDIN032'}]
2026-09-08 18:06:50 DEBUG   [Thread-1 (stdin_reader)] it_asset_app: AD lookup: mapped fields from row: {'emp_name': 'Subhiksha, V', 'manager_name': 'Mohanrao, Divyabai', 'contact_number': '', 'department': 'OI Operations', 'email': 'subhiksha_v@optum.com', 'designation': 'E', 'msid': 'vsubhiks', 'employee_id_confirmed': '900061775', 'manager_email': 'divyabai.mohanrao@optum.com', 'manager_msid': 'dmohanr5', 'manager_employee_id': '002226284', 'account_enabled': 'TRUE'}
2026-09-08 18:06:50 INFO    [Thread-1 (stdin_reader)] it_asset_app: AD lookup: SUCCESS for emp_id='900061775' - 1 candidate(s), emp_name='Subhiksha, V' manager_name='Mohanrao, Divyabai'
2026-09-08 18:06:50 INFO    [Thread-1 (stdin_reader)] it_asset_app: AD helper: sending 1 candidate(s) back for request_id='5c538fd3569840dcbbcb8d52d6e4ccfb'
2026-09-08 18:06:50 INFO    [Thread-1 (stdin_reader)] it_asset_app: AD helper: auto-hid lookup window after successful result (request_id='5c538fd3569840dcbbcb8d52d6e4ccfb')
2026-09-08 18:07:38 INFO    [MainThread] it_asset_app: SignatureService.capture: use_topaz_pad=True, title='Asset Receiver: sign here'
2026-09-08 18:07:38 INFO    [MainThread] it_asset_app: Topaz: capture() starting
2026-09-08 18:07:38 DEBUG   [Thread-12 (worker)] it_asset_app: Topaz: ProgID 'TOPAZSIGPLUS.SigPlusCtrl.1' failed: (-2147221005, 'Invalid class string', None, None)
2026-09-08 18:07:38 INFO    [Thread-12 (worker)] it_asset_app: Topaz: connected via ProgID 'SigPlus.SigPlusCtrl.1'
2026-09-08 18:07:38 DEBUG   [Thread-12 (worker)] it_asset_app: Topaz: control exposes: ['AboutBox', 'AddSerialByte', 'Annotate', 'AsciiDataMode', 'AutoKeyAddData', 'AutoKeyData', 'AutoKeyFinish', 'AutoKeyStart', 'AutoTimeStamp', 'BackColor', 'BackgroundHandle', 'BitMapBufferByte', 'BitMapBufferClose', 'BitMapBufferSize', 'BitMapBufferWrite', 'BitmapHandle', 'Buffer', 'ByteIndex', 'ClearSigWindow', 'ClearTablet', 'CmdCount', 'CmdData', 'CmdString', 'CoordToUse', 'Coords', 'Data', 'Dest', 'DisableMessageBoxes', 'DisableTabletCapture', 'DisplayAnnotate', 'DisplayAnnotatePosX', 'DisplayAnnotatePosY', 'DisplayAnnotateSize', 'DisplayMode', 'DisplayPenWidth', 'DisplayRotate', 'DisplayRotateSave', 'DisplayTimeStamp', 'DisplayTimeStampPosX', 'DisplayTimeStampPosY', 'DisplayTimeStampSize', 'DisplayWindowRes', 'Enable', 'EnableTabletCapture', 'EnableTabletEncryption', 'EncryptionMode', 'EventMask', 'ExportSigFile', 'FaceName', 'Factor', 'FileName', 'FinalFactor', 'FitToWindow', 'ForeColor', 'Format', 'GetBadPointCounter', 'GetBitmapBufferBytes', 'GetEventEnableMask', 'GetImageScreenResolution', 'GetKey', 'GetKeyReceipt', 'GetKeyReceiptAscii', 'GetLCDSize', 'GetLCDStringSize', 'GetNumPointsForStroke', 'GetNumberOfAttachedTablets', 'GetNumberOfHotSpotPoints', 'GetNumberOfStrokes', 'GetOposPointArray', 'GetOposTotalPoints', 'GetPointPValue', 'GetPointTValue', 'GetPointXValue', 'GetPointYValue', 'GetSavePressureData', 'GetSaveTimeData', 'GetSerialNumberToUse', 'GetSigData', 'GetSigPlusVersionString', 'GetSigReceipt', 'GetSigReceiptAscii', 'GetTabletModelNumber', 'GetTabletPortPath', 'GetTabletSerialNumber', 'GetTrackGemField', 'GreyGain', 'GreyOffset', 'Height', 'HexString', 'HighlightPoint', 'HighlightStroke', 'HostMode', 'IPAddress', 'ImageAnnotate', 'ImageAnnotatePosX', 'ImageAnnotatePosY', 'ImageAnnotateSize', 'ImageFileFormat', 'ImageFileName', 'ImagePenWidth', 'ImageTimeStamp', 'ImageTimeStampPosX', 'ImageTimeStampPosY', 'ImageTimeStampSize', 'ImageXSize', 'ImageYSize', 'ImportSigFile', 'Index', 'InitSigPlus', 'Inside', 'Italic', 'JustifyMode', 'JustifyX', 'JustifyY', 'KeyCode', 'KeyData', 'KeyPadAddHotSpot', 'KeyPadClearHotSpotList', 'KeyPadEnableTapOnly', 'KeyPadQueryHotSpot', 'KeyString', 'LCDCaptureMode', 'LCDCompEnable', 'LCDCompFast', 'LCDCompMode', 'LCDCompSlow', 'LCDCreateImage', 'LCDPlayVideo', 'LCDRefresh', 'LCDSendCmdString', 'LCDSendCommandData', 'LCDSendImage', 'LCDSetFont', 'LCDSetTabletMap', 'LCDSetWindow', 'LCDStopVideo', 'LCDTiffAdd', 'LCDTiffStart', 'LCDTiffWrite', 'LCDType', 'LCDWriteBitmap', 'LCDWriteFile', 'LCDWriteString', 'LCDWriteStringToImage', 'LCDWriteWindowedBitmap', 'LCDXSize', 'LCDXStart', 'LCDXStop', 'LCDYSize', 'LCDYStart', 'LCDYStop', 'LCDZCompMode', 'LineScale', 'LoadTrackGemSig', 'LogEnable', 'LogFilePath', 'MapPoints', 'Message', 'Mode', 'NewPath', 'NewPixelDepth', 'NewPortPath', 'NewValue', 'NumberOfTabletPoints', 'Offset', 'OpaqueMode', 'Param', 'PitchAndFamily', 'PointArray', 'PointIdx', 'PointNumber', 'PortNumber', 'ReplayMode', 'RetryCount', 'ReturnCount', 'SaveSigInfo', 'SerialByte', 'SetAntiAliasEnable', 'SetAntiAliasParameters', 'SetBackground', 'SetBackgroundHandle', 'SetDisplayAnnotateData', 'SetDisplayTimeStampData', 'SetDynamicPressure', 'SetEnableColor', 'SetEventEnableMask', 'SetGreyScaleParams', 'SetIPAddress', 'SetImageAnnotateData', 'SetImageScreenResolution', 'SetImageTimeStampData', 'SetKey', 'SetLCDCompression', 'SetLCDCompressionParameters', 'SetLCDPixelDepth', 'SetLCDRetryCount', 'SetLCDTransferDelay', 'SetLCDTransferSize', 'SetLCDType', 'SetLocalIniFilePath', 'SetLogEnable', 'SetLogFilePath', 'SetMultiUsbEnable', 'SetPressureMap', 'SetPressureMapPoints', 'SetSavePressureData', 'SetSaveTimeData', 'SetSerialNumberToUse', 'SetSigData', 'SetSigSocketPort', 'SetSigWindow', 'SetSpecialCloseDelay', 'SetTabletEncryptionModes', 'SetTabletPortPath', 'SetTranslateBitmapEnable', 'SetUseSHA2Hash', 'SetWMFTempPath', 'SigCompressionMode', 'SigData', 'SigMessage', 'SigSetFont', 'SigString', 'Size', 'SpotSize', 'State', 'Str', 'StrokeIdx', 'StrokeNumber', 'TabletBaudRate', 'TabletClippingMode', 'TabletComPort', 'TabletComTest', 'TabletConnectQuery', 'TabletFilterPoints', 'TabletGraphic', 'TabletGraphicFile', 'TabletIndex', 'TabletInvisible', 'TabletLCDMode', 'TabletLogicalXSize', 'TabletLogicalYSize', 'TabletMode', 'TabletModelNumber', 'TabletResolution', 'TabletRotation', 'TabletSerialNumber', 'TabletState', 'TabletText', 'TabletTextFile', 'TabletTimer', 'TabletTimingAdvance', 'TabletType', 'TabletXStart', 'TabletXStop', 'TabletYStart', 'TabletYStop', 'TestFunction', 'TimeOut', 'TimeStamp', 'TransferDelay', 'TransferSize', 'Underline', 'Value', 'Velocity0', 'VelocityRange', 'VideoNumber', 'Weight', 'Width', 'WriteImageFile', 'X', 'XPos', 'XSize', 'Y', 'YPos', 'YSize', 'ZoomPower', 'ZoomX', 'ZoomY']
2026-09-08 18:07:38 DEBUG   [Thread-12 (worker)] it_asset_app: Topaz: arming the pad (hwnd=2888732)
2026-09-08 18:07:38 DEBUG   [Thread-12 (worker)] it_asset_app: Topaz: tablet state set to 1 via TabletState property
2026-09-08 18:07:38 INFO    [Thread-12 (worker)] it_asset_app: Topaz: pad armed OK
2026-09-08 18:07:40 INFO    [Thread-12 (worker)] it_asset_app: Topaz: NumberOfTabletPoints=0 after Accept
2026-09-08 18:07:40 DEBUG   [Thread-12 (worker)] it_asset_app: Topaz: tablet state set to 0 via TabletState property
2026-09-08 18:07:40 DEBUG   [Thread-12 (worker)] it_asset_app: Topaz: pad disarmed OK
2026-09-08 18:07:40 ERROR   [MainThread] it_asset_app: Topaz: capture failed: No signature was captured on the pad.
2026-09-08 18:07:40 WARNING [MainThread] it_asset_app: Topaz pad not available, falling back to on-screen signing: No signature was captured on the pad.
2026-09-08 18:07:46 INFO    [MainThread] it_asset_app: SignatureService.capture: on-screen canvas path returned None
2026-09-08 18:07:49 INFO    [MainThread] it_asset_app: SignatureService.capture: use_topaz_pad=True, title='Asset Receiver: sign here'
2026-09-08 18:07:49 INFO    [MainThread] it_asset_app: Topaz: capture() starting
2026-09-08 18:07:49 DEBUG   [Thread-13 (worker)] it_asset_app: Topaz: ProgID 'TOPAZSIGPLUS.SigPlusCtrl.1' failed: (-2147221005, 'Invalid class string', None, None)
2026-09-08 18:07:49 INFO    [Thread-13 (worker)] it_asset_app: Topaz: connected via ProgID 'SigPlus.SigPlusCtrl.1'
2026-09-08 18:07:49 DEBUG   [Thread-13 (worker)] it_asset_app: Topaz: control exposes: ['AboutBox', 'AddSerialByte', 'Annotate', 'AsciiDataMode', 'AutoKeyAddData', 'AutoKeyData', 'AutoKeyFinish', 'AutoKeyStart', 'AutoTimeStamp', 'BackColor', 'BackgroundHandle', 'BitMapBufferByte', 'BitMapBufferClose', 'BitMapBufferSize', 'BitMapBufferWrite', 'BitmapHandle', 'Buffer', 'ByteIndex', 'ClearSigWindow', 'ClearTablet', 'CmdCount', 'CmdData', 'CmdString', 'CoordToUse', 'Coords', 'Data', 'Dest', 'DisableMessageBoxes', 'DisableTabletCapture', 'DisplayAnnotate', 'DisplayAnnotatePosX', 'DisplayAnnotatePosY', 'DisplayAnnotateSize', 'DisplayMode', 'DisplayPenWidth', 'DisplayRotate', 'DisplayRotateSave', 'DisplayTimeStamp', 'DisplayTimeStampPosX', 'DisplayTimeStampPosY', 'DisplayTimeStampSize', 'DisplayWindowRes', 'Enable', 'EnableTabletCapture', 'EnableTabletEncryption', 'EncryptionMode', 'EventMask', 'ExportSigFile', 'FaceName', 'Factor', 'FileName', 'FinalFactor', 'FitToWindow', 'ForeColor', 'Format', 'GetBadPointCounter', 'GetBitmapBufferBytes', 'GetEventEnableMask', 'GetImageScreenResolution', 'GetKey', 'GetKeyReceipt', 'GetKeyReceiptAscii', 'GetLCDSize', 'GetLCDStringSize', 'GetNumPointsForStroke', 'GetNumberOfAttachedTablets', 'GetNumberOfHotSpotPoints', 'GetNumberOfStrokes', 'GetOposPointArray', 'GetOposTotalPoints', 'GetPointPValue', 'GetPointTValue', 'GetPointXValue', 'GetPointYValue', 'GetSavePressureData', 'GetSaveTimeData', 'GetSerialNumberToUse', 'GetSigData', 'GetSigPlusVersionString', 'GetSigReceipt', 'GetSigReceiptAscii', 'GetTabletModelNumber', 'GetTabletPortPath', 'GetTabletSerialNumber', 'GetTrackGemField', 'GreyGain', 'GreyOffset', 'Height', 'HexString', 'HighlightPoint', 'HighlightStroke', 'HostMode', 'IPAddress', 'ImageAnnotate', 'ImageAnnotatePosX', 'ImageAnnotatePosY', 'ImageAnnotateSize', 'ImageFileFormat', 'ImageFileName', 'ImagePenWidth', 'ImageTimeStamp', 'ImageTimeStampPosX', 'ImageTimeStampPosY', 'ImageTimeStampSize', 'ImageXSize', 'ImageYSize', 'ImportSigFile', 'Index', 'InitSigPlus', 'Inside', 'Italic', 'JustifyMode', 'JustifyX', 'JustifyY', 'KeyCode', 'KeyData', 'KeyPadAddHotSpot', 'KeyPadClearHotSpotList', 'KeyPadEnableTapOnly', 'KeyPadQueryHotSpot', 'KeyString', 'LCDCaptureMode', 'LCDCompEnable', 'LCDCompFast', 'LCDCompMode', 'LCDCompSlow', 'LCDCreateImage', 'LCDPlayVideo', 'LCDRefresh', 'LCDSendCmdString', 'LCDSendCommandData', 'LCDSendImage', 'LCDSetFont', 'LCDSetTabletMap', 'LCDSetWindow', 'LCDStopVideo', 'LCDTiffAdd', 'LCDTiffStart', 'LCDTiffWrite', 'LCDType', 'LCDWriteBitmap', 'LCDWriteFile', 'LCDWriteString', 'LCDWriteStringToImage', 'LCDWriteWindowedBitmap', 'LCDXSize', 'LCDXStart', 'LCDXStop', 'LCDYSize', 'LCDYStart', 'LCDYStop', 'LCDZCompMode', 'LineScale', 'LoadTrackGemSig', 'LogEnable', 'LogFilePath', 'MapPoints', 'Message', 'Mode', 'NewPath', 'NewPixelDepth', 'NewPortPath', 'NewValue', 'NumberOfTabletPoints', 'Offset', 'OpaqueMode', 'Param', 'PitchAndFamily', 'PointArray', 'PointIdx', 'PointNumber', 'PortNumber', 'ReplayMode', 'RetryCount', 'ReturnCount', 'SaveSigInfo', 'SerialByte', 'SetAntiAliasEnable', 'SetAntiAliasParameters', 'SetBackground', 'SetBackgroundHandle', 'SetDisplayAnnotateData', 'SetDisplayTimeStampData', 'SetDynamicPressure', 'SetEnableColor', 'SetEventEnableMask', 'SetGreyScaleParams', 'SetIPAddress', 'SetImageAnnotateData', 'SetImageScreenResolution', 'SetImageTimeStampData', 'SetKey', 'SetLCDCompression', 'SetLCDCompressionParameters', 'SetLCDPixelDepth', 'SetLCDRetryCount', 'SetLCDTransferDelay', 'SetLCDTransferSize', 'SetLCDType', 'SetLocalIniFilePath', 'SetLogEnable', 'SetLogFilePath', 'SetMultiUsbEnable', 'SetPressureMap', 'SetPressureMapPoints', 'SetSavePressureData', 'SetSaveTimeData', 'SetSerialNumberToUse', 'SetSigData', 'SetSigSocketPort', 'SetSigWindow', 'SetSpecialCloseDelay', 'SetTabletEncryptionModes', 'SetTabletPortPath', 'SetTranslateBitmapEnable', 'SetUseSHA2Hash', 'SetWMFTempPath', 'SigCompressionMode', 'SigData', 'SigMessage', 'SigSetFont', 'SigString', 'Size', 'SpotSize', 'State', 'Str', 'StrokeIdx', 'StrokeNumber', 'TabletBaudRate', 'TabletClippingMode', 'TabletComPort', 'TabletComTest', 'TabletConnectQuery', 'TabletFilterPoints', 'TabletGraphic', 'TabletGraphicFile', 'TabletIndex', 'TabletInvisible', 'TabletLCDMode', 'TabletLogicalXSize', 'TabletLogicalYSize', 'TabletMode', 'TabletModelNumber', 'TabletResolution', 'TabletRotation', 'TabletSerialNumber', 'TabletState', 'TabletText', 'TabletTextFile', 'TabletTimer', 'TabletTimingAdvance', 'TabletType', 'TabletXStart', 'TabletXStop', 'TabletYStart', 'TabletYStop', 'TestFunction', 'TimeOut', 'TimeStamp', 'TransferDelay', 'TransferSize', 'Underline', 'Value', 'Velocity0', 'VelocityRange', 'VideoNumber', 'Weight', 'Width', 'WriteImageFile', 'X', 'XPos', 'XSize', 'Y', 'YPos', 'YSize', 'ZoomPower', 'ZoomX', 'ZoomY']
2026-09-08 18:07:49 DEBUG   [Thread-13 (worker)] it_asset_app: Topaz: arming the pad (hwnd=2888732)
2026-09-08 18:07:49 DEBUG   [Thread-13 (worker)] it_asset_app: Topaz: tablet state set to 1 via TabletState property
2026-09-08 18:07:49 INFO    [Thread-13 (worker)] it_asset_app: Topaz: pad armed OK
2026-09-08 18:07:55 INFO    [Thread-13 (worker)] it_asset_app: Topaz: NumberOfTabletPoints=253 after Accept
2026-09-08 18:07:55 DEBUG   [Thread-13 (worker)] it_asset_app: Topaz: SigImageB64 not available (SigPlus.SigPlusCtrl.1.SigImageB64)
2026-09-08 18:07:55 DEBUG   [Thread-13 (worker)] it_asset_app: Topaz: image property ImageFileName not settable (Property 'SigPlus.SigPlusCtrl.1.ImageFileName' can not be set.)
2026-09-08 18:07:55 INFO    [Thread-13 (worker)] it_asset_app: Topaz: WriteImageFile(path, fmt, x, y, pen) failed (WriteImageFile() takes from 1 to 2 positional arguments but 6 were given)
2026-09-08 18:07:55 INFO    [Thread-13 (worker)] it_asset_app: Topaz: WriteImageFile(path, fmt) failed (WriteImageFile() takes from 1 to 2 positional arguments but 3 were given)
2026-09-08 18:07:55 INFO    [Thread-13 (worker)] it_asset_app: Topaz: wrote signature bitmap via WriteImageFile(path)
2026-09-08 18:07:55 DEBUG   [Thread-13 (worker)] it_asset_app: Topaz: tablet state set to 0 via TabletState property
2026-09-08 18:07:55 DEBUG   [Thread-13 (worker)] it_asset_app: Topaz: pad disarmed OK
2026-09-08 18:07:55 INFO    [MainThread] it_asset_app: Topaz: capture SUCCESS, saved to C:\Users\srajaamu\AppData\Local\Temp\sig_topaz_80dcebef3ed240788320bd895df98d30.png
2026-09-08 18:07:55 INFO    [MainThread] it_asset_app: SignatureService.capture: Topaz path returned 'C:\\Users\\srajaamu\\AppData\\Local\\Temp\\sig_topaz_80dcebef3ed240788320bd895df98d30.png'
2026-09-08 18:08:03 INFO    [MainThread] it_asset_app: Generate clicked: emp_id='900061775' bu='Embassy_II032' submission_type='LWD'
2026-09-08 18:08:05 INFO    [MainThread] it_asset_app: Generate: form validation failed, stopping
2026-09-08 18:08:07 INFO    [MainThread] it_asset_app: SignatureService.capture: use_topaz_pad=True, title='Employee: sign here'
2026-09-08 18:08:07 INFO    [MainThread] it_asset_app: Topaz: capture() starting
2026-09-08 18:08:07 DEBUG   [Thread-14 (worker)] it_asset_app: Topaz: ProgID 'TOPAZSIGPLUS.SigPlusCtrl.1' failed: (-2147221005, 'Invalid class string', None, None)
2026-09-08 18:08:07 INFO    [Thread-14 (worker)] it_asset_app: Topaz: connected via ProgID 'SigPlus.SigPlusCtrl.1'
2026-09-08 18:08:07 DEBUG   [Thread-14 (worker)] it_asset_app: Topaz: control exposes: ['AboutBox', 'AddSerialByte', 'Annotate', 'AsciiDataMode', 'AutoKeyAddData', 'AutoKeyData', 'AutoKeyFinish', 'AutoKeyStart', 'AutoTimeStamp', 'BackColor', 'BackgroundHandle', 'BitMapBufferByte', 'BitMapBufferClose', 'BitMapBufferSize', 'BitMapBufferWrite', 'BitmapHandle', 'Buffer', 'ByteIndex', 'ClearSigWindow', 'ClearTablet', 'CmdCount', 'CmdData', 'CmdString', 'CoordToUse', 'Coords', 'Data', 'Dest', 'DisableMessageBoxes', 'DisableTabletCapture', 'DisplayAnnotate', 'DisplayAnnotatePosX', 'DisplayAnnotatePosY', 'DisplayAnnotateSize', 'DisplayMode', 'DisplayPenWidth', 'DisplayRotate', 'DisplayRotateSave', 'DisplayTimeStamp', 'DisplayTimeStampPosX', 'DisplayTimeStampPosY', 'DisplayTimeStampSize', 'DisplayWindowRes', 'Enable', 'EnableTabletCapture', 'EnableTabletEncryption', 'EncryptionMode', 'EventMask', 'ExportSigFile', 'FaceName', 'Factor', 'FileName', 'FinalFactor', 'FitToWindow', 'ForeColor', 'Format', 'GetBadPointCounter', 'GetBitmapBufferBytes', 'GetEventEnableMask', 'GetImageScreenResolution', 'GetKey', 'GetKeyReceipt', 'GetKeyReceiptAscii', 'GetLCDSize', 'GetLCDStringSize', 'GetNumPointsForStroke', 'GetNumberOfAttachedTablets', 'GetNumberOfHotSpotPoints', 'GetNumberOfStrokes', 'GetOposPointArray', 'GetOposTotalPoints', 'GetPointPValue', 'GetPointTValue', 'GetPointXValue', 'GetPointYValue', 'GetSavePressureData', 'GetSaveTimeData', 'GetSerialNumberToUse', 'GetSigData', 'GetSigPlusVersionString', 'GetSigReceipt', 'GetSigReceiptAscii', 'GetTabletModelNumber', 'GetTabletPortPath', 'GetTabletSerialNumber', 'GetTrackGemField', 'GreyGain', 'GreyOffset', 'Height', 'HexString', 'HighlightPoint', 'HighlightStroke', 'HostMode', 'IPAddress', 'ImageAnnotate', 'ImageAnnotatePosX', 'ImageAnnotatePosY', 'ImageAnnotateSize', 'ImageFileFormat', 'ImageFileName', 'ImagePenWidth', 'ImageTimeStamp', 'ImageTimeStampPosX', 'ImageTimeStampPosY', 'ImageTimeStampSize', 'ImageXSize', 'ImageYSize', 'ImportSigFile', 'Index', 'InitSigPlus', 'Inside', 'Italic', 'JustifyMode', 'JustifyX', 'JustifyY', 'KeyCode', 'KeyData', 'KeyPadAddHotSpot', 'KeyPadClearHotSpotList', 'KeyPadEnableTapOnly', 'KeyPadQueryHotSpot', 'KeyString', 'LCDCaptureMode', 'LCDCompEnable', 'LCDCompFast', 'LCDCompMode', 'LCDCompSlow', 'LCDCreateImage', 'LCDPlayVideo', 'LCDRefresh', 'LCDSendCmdString', 'LCDSendCommandData', 'LCDSendImage', 'LCDSetFont', 'LCDSetTabletMap', 'LCDSetWindow', 'LCDStopVideo', 'LCDTiffAdd', 'LCDTiffStart', 'LCDTiffWrite', 'LCDType', 'LCDWriteBitmap', 'LCDWriteFile', 'LCDWriteString', 'LCDWriteStringToImage', 'LCDWriteWindowedBitmap', 'LCDXSize', 'LCDXStart', 'LCDXStop', 'LCDYSize', 'LCDYStart', 'LCDYStop', 'LCDZCompMode', 'LineScale', 'LoadTrackGemSig', 'LogEnable', 'LogFilePath', 'MapPoints', 'Message', 'Mode', 'NewPath', 'NewPixelDepth', 'NewPortPath', 'NewValue', 'NumberOfTabletPoints', 'Offset', 'OpaqueMode', 'Param', 'PitchAndFamily', 'PointArray', 'PointIdx', 'PointNumber', 'PortNumber', 'ReplayMode', 'RetryCount', 'ReturnCount', 'SaveSigInfo', 'SerialByte', 'SetAntiAliasEnable', 'SetAntiAliasParameters', 'SetBackground', 'SetBackgroundHandle', 'SetDisplayAnnotateData', 'SetDisplayTimeStampData', 'SetDynamicPressure', 'SetEnableColor', 'SetEventEnableMask', 'SetGreyScaleParams', 'SetIPAddress', 'SetImageAnnotateData', 'SetImageScreenResolution', 'SetImageTimeStampData', 'SetKey', 'SetLCDCompression', 'SetLCDCompressionParameters', 'SetLCDPixelDepth', 'SetLCDRetryCount', 'SetLCDTransferDelay', 'SetLCDTransferSize', 'SetLCDType', 'SetLocalIniFilePath', 'SetLogEnable', 'SetLogFilePath', 'SetMultiUsbEnable', 'SetPressureMap', 'SetPressureMapPoints', 'SetSavePressureData', 'SetSaveTimeData', 'SetSerialNumberToUse', 'SetSigData', 'SetSigSocketPort', 'SetSigWindow', 'SetSpecialCloseDelay', 'SetTabletEncryptionModes', 'SetTabletPortPath', 'SetTranslateBitmapEnable', 'SetUseSHA2Hash', 'SetWMFTempPath', 'SigCompressionMode', 'SigData', 'SigMessage', 'SigSetFont', 'SigString', 'Size', 'SpotSize', 'State', 'Str', 'StrokeIdx', 'StrokeNumber', 'TabletBaudRate', 'TabletClippingMode', 'TabletComPort', 'TabletComTest', 'TabletConnectQuery', 'TabletFilterPoints', 'TabletGraphic', 'TabletGraphicFile', 'TabletIndex', 'TabletInvisible', 'TabletLCDMode', 'TabletLogicalXSize', 'TabletLogicalYSize', 'TabletMode', 'TabletModelNumber', 'TabletResolution', 'TabletRotation', 'TabletSerialNumber', 'TabletState', 'TabletText', 'TabletTextFile', 'TabletTimer', 'TabletTimingAdvance', 'TabletType', 'TabletXStart', 'TabletXStop', 'TabletYStart', 'TabletYStop', 'TestFunction', 'TimeOut', 'TimeStamp', 'TransferDelay', 'TransferSize', 'Underline', 'Value', 'Velocity0', 'VelocityRange', 'VideoNumber', 'Weight', 'Width', 'WriteImageFile', 'X', 'XPos', 'XSize', 'Y', 'YPos', 'YSize', 'ZoomPower', 'ZoomX', 'ZoomY']
2026-09-08 18:08:07 DEBUG   [Thread-14 (worker)] it_asset_app: Topaz: arming the pad (hwnd=2888732)
2026-09-08 18:08:07 DEBUG   [Thread-14 (worker)] it_asset_app: Topaz: tablet state set to 1 via TabletState property
2026-09-08 18:08:07 INFO    [Thread-14 (worker)] it_asset_app: Topaz: pad armed OK
2026-09-08 18:08:12 INFO    [Thread-14 (worker)] it_asset_app: Topaz: NumberOfTabletPoints=241 after Accept
2026-09-08 18:08:12 DEBUG   [Thread-14 (worker)] it_asset_app: Topaz: SigImageB64 not available (SigPlus.SigPlusCtrl.1.SigImageB64)
2026-09-08 18:08:12 DEBUG   [Thread-14 (worker)] it_asset_app: Topaz: image property ImageFileName not settable (Property 'SigPlus.SigPlusCtrl.1.ImageFileName' can not be set.)
2026-09-08 18:08:12 INFO    [Thread-14 (worker)] it_asset_app: Topaz: WriteImageFile(path, fmt, x, y, pen) failed (WriteImageFile() takes from 1 to 2 positional arguments but 6 were given)
2026-09-08 18:08:12 INFO    [Thread-14 (worker)] it_asset_app: Topaz: WriteImageFile(path, fmt) failed (WriteImageFile() takes from 1 to 2 positional arguments but 3 were given)
2026-09-08 18:08:12 INFO    [Thread-14 (worker)] it_asset_app: Topaz: wrote signature bitmap via WriteImageFile(path)
2026-09-08 18:08:12 DEBUG   [Thread-14 (worker)] it_asset_app: Topaz: tablet state set to 0 via TabletState property
2026-09-08 18:08:12 DEBUG   [Thread-14 (worker)] it_asset_app: Topaz: pad disarmed OK
2026-09-08 18:08:12 INFO    [MainThread] it_asset_app: Topaz: capture SUCCESS, saved to C:\Users\srajaamu\AppData\Local\Temp\sig_topaz_1039e4f3867a482ea8b570fdb79268a2.png
2026-09-08 18:08:12 INFO    [MainThread] it_asset_app: SignatureService.capture: Topaz path returned 'C:\\Users\\srajaamu\\AppData\\Local\\Temp\\sig_topaz_1039e4f3867a482ea8b570fdb79268a2.png'
2026-09-08 18:08:14 INFO    [MainThread] it_asset_app: Generate clicked: emp_id='900061775' bu='Embassy_II032' submission_type='LWD'
2026-09-08 18:08:23 INFO    [MainThread] it_asset_app: Generate clicked: emp_id='900061775' bu='Embassy_II032' submission_type='LWD'
2026-09-08 18:09:09 INFO    [MainThread] it_asset_app: Generate clicked: emp_id='900061775' bu='My Location' submission_type='LWD'
2026-09-08 18:09:09 INFO    [MainThread] it_asset_app: fill_docx: starting for 'c:\\Users\\Sriram\\Desktop\\OFFIce Automat\\files\\bu_templates\\c3c38aad1e\\fillable.docx' -> 'C:\\Users\\srajaamu\\AppData\\Local\\Temp\\itasset_1fvkuty3\\filled.docx' (fields=10, checked_tags=['Charger', 'LWD', 'LaptopBag', 'Mouse', 'Multiport'], signatures={'EmployeeSignature': True, 'AssetReceiverSignature': True})
2026-09-08 18:09:09 ERROR   [MainThread] it_asset_app: Generate failed unexpectedly for emp_id='900061775'
Traceback (most recent call last):
  File "C:\Users\srajaamu\OneDrive - UHG\Topaz_automation\WorkFlow_Topaz\app.py", line 3824, in _on_generate
    fill_docx(bu_fillable_docx_path, filled_docx, field_values, checked_tags, signature_images)
    ~~~~~~~~~^^^^^^^^^^^^^^^^^^^^^^^^^^^^^^^^^^^^^^^^^^^^^^^^^^^^^^^^^^^^^^^^^^^^^^^^^^^^^^^^^^
  File "C:\Users\srajaamu\OneDrive - UHG\Topaz_automation\WorkFlow_Topaz\app.py", line 1949, in fill_docx
    with zipfile.ZipFile(fillable_docx_path) as z:
         ~~~~~~~~~~~~~~~^^^^^^^^^^^^^^^^^^^^
  File "C:\Program Files\Python314\Lib\zipfile\__init__.py", line 1462, in __init__
    self.fp = io.open(file, filemode)
              ~~~~~~~^^^^^^^^^^^^^^^^
FileNotFoundError: [Errno 2] No such file or directory: 'c:\\Users\\Sriram\\Desktop\\OFFIce Automat\\files\\bu_templates\\c3c38aad1e\\fillable.docx'
2026-09-08 18:09:28 INFO    [MainThread] it_asset_app: Generate clicked: emp_id='900061775' bu='Embassy_II032' submission_type='LWD'
2026-09-08 18:09:28 INFO    [MainThread] it_asset_app: fill_docx: starting for 'C:\\Users\\srajaamu\\OneDrive - UHG\\Topaz_automation\\WorkFlow_Topaz\\bu_templates\\81fdb4d2f1\\fillable.docx' -> 'C:\\Users\\srajaamu\\AppData\\Local\\Temp\\itasset_xbem657e\\filled.docx' (fields=10, checked_tags=['Charger', 'LWD', 'LaptopBag', 'Mouse', 'Multiport'], signatures={'EmployeeSignature': True, 'AssetReceiverSignature': True})
2026-09-08 18:09:28 INFO    [MainThread] it_asset_app: fill_docx: SUCCESS -> 'C:\\Users\\srajaamu\\AppData\\Local\\Temp\\itasset_xbem657e\\filled.docx'
2026-09-08 18:09:28 INFO    [MainThread] it_asset_app: Word export: starting for 'C:\\Users\\srajaamu\\AppData\\Local\\Temp\\itasset_xbem657e\\filled.docx' -> 'C:\\Users\\srajaamu\\AppData\\Local\\Temp\\itasset_xbem657e\\unsigned.pdf'
2026-09-08 18:09:28 DEBUG   [MainThread] it_asset_app: Word export: launching Word.Application (DispatchEx)
2026-09-08 18:09:30 DEBUG   [MainThread] it_asset_app: Word export: opening 'C:\\Users\\srajaamu\\AppData\\Local\\Temp\\itasset_xbem657e\\filled.docx'
2026-09-08 18:09:31 DEBUG   [MainThread] it_asset_app: Word export: saving as PDF -> 'C:\\Users\\srajaamu\\AppData\\Local\\Temp\\itasset_xbem657e\\unsigned.pdf'
2026-09-08 18:09:31 INFO    [MainThread] it_asset_app: Word export: SUCCESS -> 'C:\\Users\\srajaamu\\AppData\\Local\\Temp\\itasset_xbem657e\\unsigned.pdf' (3.4s)
2026-09-08 18:09:36 INFO    [MainThread] it_asset_app: Signing: starting for 'C:\\Users\\srajaamu\\AppData\\Local\\Temp\\itasset_xbem657e\\unsigned.pdf' -> 'C:/Users/srajaamu/Desktop/testsign/900061775_Subhiksha__V_08-Sep-2026.pdf' (2 signature field(s): ['EmployeeSignature', 'AssetReceiverSignature'])
2026-09-08 18:09:37 DEBUG   [MainThread] it_asset_app: Signing: detected 2 on-page signature box(es)
2026-09-08 18:09:37 DEBUG   [MainThread] it_asset_app: Signing: applied field 'EmployeeSignature' (box=(291.85, 286.58, 433.45000000000005, 333.78)) -> 'C:/Users/srajaamu/Desktop/testsign/900061775_Subhiksha__V_08-Sep-2026.pdf.step0.pdf'
2026-09-08 18:09:37 DEBUG   [MainThread] it_asset_app: Signing: applied field 'AssetReceiverSignature' (box=(291.85, 238.88, 433.45000000000005, 286.08)) -> 'C:/Users/srajaamu/Desktop/testsign/900061775_Subhiksha__V_08-Sep-2026.pdf'
2026-09-08 18:09:37 INFO    [MainThread] it_asset_app: Signing: SUCCESS -> 'C:/Users/srajaamu/Desktop/testsign/900061775_Subhiksha__V_08-Sep-2026.pdf' (0.3s)
2026-09-08 18:09:37 INFO    [MainThread] it_asset_app: Generate SUCCESS for emp_id='900061775' -> C:/Users/srajaamu/Desktop/testsign/900061775_Subhiksha__V_08-Sep-2026.pdf
2026-09-08 18:12:29 INFO    [Thread-1 (stdin_reader)] it_asset_app: AD helper: received lookup request_id='11e99008dd3e4683a3a31943cf88e9a1' emp_id='ts29'
2026-09-08 18:12:29 INFO    [Thread-1 (stdin_reader)] it_asset_app: AD lookup: starting search for emp_id='ts29' (header_keyword='EmployeeID', name_column='Employee Name')
2026-09-08 18:13:55 CRITICAL [MainThread] it_asset_app: UNCAUGHT EXCEPTION
Traceback (most recent call last):
  File "C:\Users\srajaamu\OneDrive - UHG\Topaz_automation\WorkFlow_Topaz\app.py", line 4694, in <module>
    app.mainloop()
    ~~~~~~~~~~~~^^
  File "C:\Program Files\Python314\Lib\tkinter\__init__.py", line 1625, in mainloop
    self.tk.mainloop(n)
    ~~~~~~~~~~~~~~~~^^^
KeyboardInterrupt
2026-09-08 18:13:55 DEBUG   [Thread-1 (stdin_reader)] it_asset_app: AD lookup: filled search textbox OK
2026-09-08 18:13:56 ERROR   [Thread-1 (stdin_reader)] it_asset_app: AD lookup: could not find button labeled 'View Report'
2026-09-08 18:13:56 ERROR   [Thread-1 (stdin_reader)] it_asset_app: AD helper: lookup failed for request_id='11e99008dd3e4683a3a31943cf88e9a1' emp_id='ts29'
Traceback (most recent call last):
  File "C:\Users\srajaamu\OneDrive - UHG\Topaz_automation\WorkFlow_Topaz\app.py", line 1356, in stdin_reader
    candidates = perform_search(emp_id)
  File "C:\Users\srajaamu\OneDrive - UHG\Topaz_automation\WorkFlow_Topaz\app.py", line 1212, in perform_search
    return _perform_ssrs_search(
        window, emp_id, button_text, header_keyword, name_column, ready_timeout
    )
  File "C:\Users\srajaamu\OneDrive - UHG\Topaz_automation\WorkFlow_Topaz\app.py", line 1027, in _perform_ssrs_search
    raise RuntimeError(
    ...<3 lines>...
    )
RuntimeError: Could not find a button/link labeled 'View Report' on the AD lookup report page. If your report uses different wording, update ad_lookup_ssrs.view_report_button_text in CONFIG.
2026-09-08 18:14:00 INFO    [MainThread] it_asset_app: ======================================================================
2026-09-08 18:14:00 INFO    [MainThread] it_asset_app: App starting - log file: C:\Users\srajaamu\OneDrive - UHG\Topaz_automation\WorkFlow_Topaz\logs\app.log
2026-09-08 18:14:00 INFO    [MainThread] it_asset_app: Python: 3.14.7 | frozen: False
2026-09-08 18:14:00 INFO    [MainThread] it_asset_app: WizardApp: starting up. ad_lookup_mode='ssrs_report' use_topaz_pad=True bu_templates_folder='bu_templates'
2026-09-08 18:14:00 INFO    [MainThread] it_asset_app: WizardApp: GUI ready
2026-09-08 18:14:00 INFO    [Thread-1 (start)] it_asset_app: AD helper: launched new subprocess (pid=40256): ['C:\\Program Files\\Python314\\python.exe', 'C:\\Users\\srajaamu\\OneDrive - UHG\\Topaz_automation\\WorkFlow_Topaz\\app.py', '--webview-helper']
2026-09-08 18:14:01 INFO    [MainThread] it_asset_app: ======================================================================
2026-09-08 18:14:01 INFO    [MainThread] it_asset_app: App starting - log file: C:\Users\srajaamu\OneDrive - UHG\Topaz_automation\WorkFlow_Topaz\logs\app.log
2026-09-08 18:14:01 INFO    [MainThread] it_asset_app: Python: 3.14.7 | frozen: False
2026-09-08 18:14:01 INFO    [MainThread] it_asset_app: AD helper: subprocess started (pid=40256)
2026-09-08 18:14:15 INFO    [Thread-3 (worker)] it_asset_app: AD helper: launched new subprocess (pid=46172): ['C:\\Program Files\\Python314\\python.exe', 'C:\\Users\\srajaamu\\OneDrive - UHG\\Topaz_automation\\WorkFlow_Topaz\\app.py', '--webview-helper']
2026-09-08 18:14:15 INFO    [MainThread] it_asset_app: ======================================================================
2026-09-08 18:14:15 INFO    [MainThread] it_asset_app: App starting - log file: C:\Users\srajaamu\OneDrive - UHG\Topaz_automation\WorkFlow_Topaz\logs\app.log
2026-09-08 18:14:15 INFO    [MainThread] it_asset_app: Python: 3.14.7 | frozen: False
2026-09-08 18:14:15 INFO    [MainThread] it_asset_app: AD helper: subprocess started (pid=46172)
2026-09-08 18:14:15 INFO    [Thread-1 (stdin_reader)] it_asset_app: AD helper: received lookup request_id='8d4e177fd6ba4d00915730855c61d47d' emp_id='900061775'
2026-09-08 18:14:20 INFO    [Thread-1 (stdin_reader)] it_asset_app: AD lookup: starting search for emp_id='900061775' (header_keyword='EmployeeID', name_column='Employee Name')
2026-09-08 18:14:20 DEBUG   [Thread-1 (stdin_reader)] it_asset_app: AD lookup: filled search textbox OK
2026-09-08 18:14:20 DEBUG   [Thread-1 (stdin_reader)] it_asset_app: AD lookup: clicked 'View Report' button OK
2026-09-08 18:14:22 DEBUG   [Thread-1 (stdin_reader)] it_asset_app: AD lookup: results table ready after 2.0s
2026-09-08 18:14:22 DEBUG   [Thread-1 (stdin_reader)] it_asset_app: AD lookup: extracted 1 row(s) via strategy='single-table'; tables seen on page: [{'headers': ['Loading...\nCancel\n\n\n\xa0\t\t\t\xa0\t\t\t\xa0\t\t\n\t\t\t\t\t\tSearch AD for MSID, EmployeeID, or Email Address (one entry per line)\t\n\t\n\t\n\t\t\n\n\n\n\n\t\t\n\t\t\t\tof\t\t0\t\t\n\t\t\n\t\n\t\nPage Width\nWhole Page\n500%\n200%\n150%\n100%\n75%\n50%\n25%\n10%\n\t\n\t\n\t\n\t\tFind\t\t\n\t\t|\t\tNext'], 'rowCount': 1, 'matched': False}, {'headers': ['', 'Loading...\nCancel'], 'rowCount': 1, 'matched': False}, {'headers': ['', '', ''], 'rowCount': 5, 'matched': False}, {'headers': ['Search AD for MSID, EmployeeID, or Email Address (one entry per line)', '', ''], 'rowCount': 1, 'matched': False}, {'headers': ['', '', '', '', '', '', '', '', ''], 'rowCount': 2, 'matched': False}, {'headers': ['', ''], 'rowCount': 1, 'matched': False}, {'headers': ['', '', '', '', '', '', 'of', '', '0', '', '', '', ''], 'rowCount': 1, 'matched': False}, {'headers': [''], 'rowCount': 1, 'matched': False}, {'headers': [''], 'rowCount': 1, 'matched': False}, {'headers': [''], 'rowCount': 1, 'matched': False}, {'headers': [''], 'rowCount': 1, 'matched': False}, {'headers': [''], 'rowCount': 1, 'matched': False}, {'headers': [''], 'rowCount': 1, 'matched': False}, {'headers': [''], 'rowCount': 1, 'matched': False}, {'headers': [''], 'rowCount': 1, 'matched': False}, {'headers': [''], 'rowCount': 1, 'matched': False}, {'headers': [''], 'rowCount': 1, 'matched': False}, {'headers': [''], 'rowCount': 1, 'matched': False}, {'headers': ['Page Width\nWhole Page\n500%\n200%\n150%\n100%\n75%\n50%\n25%\n10%'], 'rowCount': 1, 'matched': False}, {'headers': ['Word\n\t\t\t\t\t\t\t\t\t\n\t\t\t\t\t\t\t\t\t\tExcel\n\t\t\t\t\t\t\t\t\t\n\t\t\t\t\t\t\t\t\t\tPowerPoint\n\t\t\t\t\t\t\t\t\t\n\t\t\t\t\t\t\t\t\t\tPDF\n\t\t\t\t\t\t\t\t\t\n\t\t\t\t\t\t\t\t\t\tTIFF file\n\t\t\t\t\t\t\t\t\t\n\t\t\t\t\t\t\t\t\t\tMHTML (web archive)\n\t\t\t\t\t\t\t\t\t\n\t\t\t\t\t\t\t\t\t\tCSV (comma delimited)\n\t\t\t\t\t\t\t\t\t\n\t\t\t\t\t\t\t\t\t\tXML file with report data\n\t\t\t\t\t\t\t\t\t\n\t\t\t\t\t\t\t\t\t\tData Feed'], 'rowCount': 1, 'matched': False}, {'headers': [''], 'rowCount': 1, 'matched': False}, {'headers': [''], 'rowCount': 1, 'matched': False}, {'headers': [''], 'rowCount': 1, 'matched': False}, {'headers': [''], 'rowCount': 1, 'matched': False}, {'headers': ['', '', 'Find', '', '', '', '|', '', 'Next', '', ''], 'rowCount': 1, 'matched': False}, {'headers': ['Active Directory Search (MS domain)\xa0(data is refreshed once every 24 hours) - data current as of: 9/4/2026 2:01:01 AM Central TimeBookmark this URL (not the site it takes you to): https://goto.optum.com/ActiveDirectoryInfoFor additional options, bookmark this url (not the site it takes you to): https://goto.optum.com/ActiveDirectoryInfo2EnabledEmployeeIDMSIDEmployee NameCorporate Email Boxuht-IdentityManagment-MailUserPrincipalNameEmployee TypeAccountTypePostal CodeDepartmentManager EmployeeIDManager MSIDManager NameManager EmailBusiness UnitOperating UnitLocationDepartmentTRUE900061775vsubhiksSubhiksha, Vsubhiksha_v@optum.comsubhiksha_v@optum.comsubhiksha_v@optum.comEPII032OI Operations002226284dmohanr5Mohanrao, Divyabaidivyabai.mohanrao@optum.com4821006290INDIN032823058'], 'rowCount': 1, 'matched': False}, {'headers': ['Active Directory Search (MS domain)\xa0(data is refreshed once every 24 hours) - data current as of: 9/4/2026 2:01:01 AM Central TimeBookmark this URL (not the site it takes you to): https://goto.optum.com/ActiveDirectoryInfoFor additional options, bookmark this url (not the site it takes you to): https://goto.optum.com/ActiveDirectoryInfo2EnabledEmployeeIDMSIDEmployee NameCorporate Email Boxuht-IdentityManagment-MailUserPrincipalNameEmployee TypeAccountTypePostal CodeDepartmentManager EmployeeIDManager MSIDManager NameManager EmailBusiness UnitOperating UnitLocationDepartmentTRUE900061775vsubhiksSubhiksha, Vsubhiksha_v@optum.comsubhiksha_v@optum.comsubhiksha_v@optum.comEPII032OI Operations002226284dmohanr5Mohanrao, Divyabaidivyabai.mohanrao@optum.com4821006290INDIN032823058'], 'rowCount': 2, 'matched': False}, {'headers': ['Active Directory Search (MS domain)\xa0(data is refreshed once every 24 hours) - data current as of: 9/4/2026 2:01:01 AM Central TimeBookmark this URL (not the site it takes you to): https://goto.optum.com/ActiveDirectoryInfoFor additional options, bookmark this url (not the site it takes you to): https://goto.optum.com/ActiveDirectoryInfo2EnabledEmployeeIDMSIDEmployee NameCorporate Email Boxuht-IdentityManagment-MailUserPrincipalNameEmployee TypeAccountTypePostal CodeDepartmentManager EmployeeIDManager MSIDManager NameManager EmailBusiness UnitOperating UnitLocationDepartmentTRUE900061775vsubhiksSubhiksha, Vsubhiksha_v@optum.comsubhiksha_v@optum.comsubhiksha_v@optum.comEPII032OI Operations002226284dmohanr5Mohanrao, Divyabaidivyabai.mohanrao@optum.com4821006290INDIN032823058'], 'rowCount': 1, 'matched': False}, {'headers': ['', '', '', '', '', '', '', ''], 'rowCount': 7, 'matched': False}, {'headers': ['Enabled', 'EmployeeID', 'MSID', 'Employee Name', 'Corporate Email Box', 'uht-IdentityManagment-Mail', 'UserPrincipalName', 'Employee Type', 'AccountType', 'Postal Code', 'Department', 'Manager EmployeeID', 'Manager MSID', 'Manager Name', 'Manager Email', 'Business Unit', 'Operating Unit', 'Location', 'Department'], 'rowCount': 1, 'matched': True}]
2026-09-08 18:14:22 DEBUG   [Thread-1 (stdin_reader)] it_asset_app: AD lookup: raw extracted rows: [{'Enabled': 'TRUE', 'EmployeeID': '900061775', 'MSID': 'vsubhiks', 'Employee Name': 'Subhiksha, V', 'Corporate Email Box': 'subhiksha_v@optum.com', 'uht-IdentityManagment-Mail': 'subhiksha_v@optum.com', 'UserPrincipalName': 'subhiksha_v@optum.com', 'Employee Type': 'E', 'AccountType': 'P', 'Postal Code': 'II032', 'Department': 'OI Operations', 'Manager EmployeeID': '002226284', 'Manager MSID': 'dmohanr5', 'Manager Name': 'Mohanrao, Divyabai', 'Manager Email': 'divyabai.mohanrao@optum.com', 'Business Unit': '48210', 'Operating Unit': '06290', 'Location': 'INDIN032'}]
2026-09-08 18:14:22 DEBUG   [Thread-1 (stdin_reader)] it_asset_app: AD lookup: mapped fields from row: {'emp_name': 'Subhiksha, V', 'manager_name': 'Mohanrao, Divyabai', 'contact_number': '', 'department': 'OI Operations', 'email': 'subhiksha_v@optum.com', 'designation': 'E', 'msid': 'vsubhiks', 'employee_id_confirmed': '900061775', 'manager_email': 'divyabai.mohanrao@optum.com', 'manager_msid': 'dmohanr5', 'manager_employee_id': '002226284', 'account_enabled': 'TRUE'}
2026-09-08 18:14:22 INFO    [Thread-1 (stdin_reader)] it_asset_app: AD lookup: SUCCESS for emp_id='900061775' - 1 candidate(s), emp_name='Subhiksha, V' manager_name='Mohanrao, Divyabai'
2026-09-08 18:14:22 INFO    [Thread-1 (stdin_reader)] it_asset_app: AD helper: sending 1 candidate(s) back for request_id='8d4e177fd6ba4d00915730855c61d47d'
2026-09-08 18:14:22 INFO    [Thread-1 (stdin_reader)] it_asset_app: AD helper: auto-hid lookup window after successful result (request_id='8d4e177fd6ba4d00915730855c61d47d')
2026-09-08 18:21:33 CRITICAL [MainThread] it_asset_app: UNCAUGHT EXCEPTION
Traceback (most recent call last):
  File "C:\Users\srajaamu\OneDrive - UHG\Topaz_automation\WorkFlow_Topaz\app.py", line 4694, in <module>
    app.mainloop()
    ~~~~~~~~~~~~^^
  File "C:\Program Files\Python314\Lib\tkinter\__init__.py", line 1625, in mainloop
    self.tk.mainloop(n)
    ~~~~~~~~~~~~~~~~^^^
KeyboardInterrupt
2026-09-09 16:37:51 INFO    [MainThread] it_asset_app: ======================================================================
2026-09-09 16:37:51 INFO    [MainThread] it_asset_app: App starting - log file: C:\Users\srajaamu\OneDrive - UHG\Topaz_automation\WorkFlow_Topaz\logs\app.log
2026-09-09 16:37:51 INFO    [MainThread] it_asset_app: Python: 3.14.7 | frozen: False
2026-09-09 16:37:51 INFO    [MainThread] it_asset_app: WizardApp: starting up. ad_lookup_mode='ssrs_report' use_topaz_pad=True bu_templates_folder='bu_templates'
2026-09-09 16:37:51 INFO    [MainThread] it_asset_app: WizardApp: GUI ready
2026-09-09 16:37:51 INFO    [Thread-1 (start)] it_asset_app: AD helper: launched new subprocess (pid=2568): ['C:\\Program Files\\Python314\\python.exe', 'C:\\Users\\srajaamu\\OneDrive - UHG\\Topaz_automation\\WorkFlow_Topaz\\app.py', '--webview-helper']
2026-09-09 16:37:52 INFO    [MainThread] it_asset_app: ======================================================================
2026-09-09 16:37:52 INFO    [MainThread] it_asset_app: App starting - log file: C:\Users\srajaamu\OneDrive - UHG\Topaz_automation\WorkFlow_Topaz\logs\app.log
2026-09-09 16:37:52 INFO    [MainThread] it_asset_app: Python: 3.14.7 | frozen: False
2026-09-09 16:37:52 INFO    [MainThread] it_asset_app: AD helper: subprocess started (pid=2568)
2026-09-09 16:38:52 INFO    [Thread-3 (worker)] it_asset_app: AD helper: launched new subprocess (pid=41704): ['C:\\Program Files\\Python314\\python.exe', 'C:\\Users\\srajaamu\\OneDrive - UHG\\Topaz_automation\\WorkFlow_Topaz\\app.py', '--webview-helper']
2026-09-09 16:38:53 INFO    [MainThread] it_asset_app: ======================================================================
2026-09-09 16:38:53 INFO    [MainThread] it_asset_app: App starting - log file: C:\Users\srajaamu\OneDrive - UHG\Topaz_automation\WorkFlow_Topaz\logs\app.log
2026-09-09 16:38:53 INFO    [MainThread] it_asset_app: Python: 3.14.7 | frozen: False
2026-09-09 16:38:53 INFO    [MainThread] it_asset_app: AD helper: subprocess started (pid=41704)
2026-09-09 16:38:53 INFO    [Thread-1 (stdin_reader)] it_asset_app: AD helper: received lookup request_id='5397365c67c74b71b75e6c105369e0b5' emp_id='002227819'
2026-09-09 16:38:59 INFO    [Thread-1 (stdin_reader)] it_asset_app: AD lookup: starting search for emp_id='002227819' (header_keyword='EmployeeID', name_column='Employee Name')
2026-09-09 16:38:59 DEBUG   [Thread-1 (stdin_reader)] it_asset_app: AD lookup: filled search textbox OK
2026-09-09 16:38:59 DEBUG   [Thread-1 (stdin_reader)] it_asset_app: AD lookup: clicked 'View Report' button OK
2026-09-09 16:39:04 DEBUG   [Thread-1 (stdin_reader)] it_asset_app: AD lookup: results table ready after 4.8s
2026-09-09 16:39:04 DEBUG   [Thread-1 (stdin_reader)] it_asset_app: AD lookup: extracted 1 row(s) via strategy='single-table'; tables seen on page: [{'headers': ['Search AD for MSID, EmployeeID, or Email Address (one entry per line)\t\n\t\n\t\n\t\t\n\n\n\n\n\t\t\n\t\t\t\tof\t\t1\t\t\n\t\t\n\t\n\t\nPage Width\nWhole Page\n500%\n200%\n150%\n100%\n75%\n50%\n25%\n10%\n\t\n\t\n\t\n\t\tFind\t\t\n\t\t|\t\tNext\t\t\n\n\n\t\t\t\t\t\t\t\n\t\t\n\t\n\t\t\t\nActive Directory Search (MS domain)\n\xa0\n(data is refreshed once every 24 hours) - data current as of: 9/9/2026 2:01:02 AM Central Time\n\t\n\t\n\t\nBookmark this URL (not the site it takes you to): https://goto.optum.com/ActiveDirectoryInfo\nFor additional options, bookmark this url (not the site it takes you to): https://goto.optum.com/ActiveDirectoryInfo2\n\t\n\t\n\t\t\n\t\t\t\t\t\t\t\t\t\t\t\t\t\t\t\t\t\t\n\nEnabled\n\t\nEmployeeID\n\t\nMSID\n\t\nEmployee Name\n\t\nCorporate Email Box\n\t\nuht-IdentityManagment-Mail\n\t\nUserPrincipalName\n\t\nEmployee Type\n\t\nAccountType\n\t\nPostal Code\n\t\nDepartment\n\t\nManager EmployeeID\n\t\nManager MSID\n\t\nManager Name\n\t\nManager Email\n\t\nBusiness Unit\n\t\nOperating Unit\n\t\nLocation\n\t\nDepartment\n\n\nTRUE\n\t\n002227819\n\t\nppaulose\n\t\nPaulose, Princy\n\t\nprincy.paulose@optum.com\n\t\nprincy.paulose@optum.com\n\t\nprincy.paulose@optum.com\n\t\nE\n\t\nP\n\t\nII032\n\t\nOI Operations\n\t\n002225091\n\t\nevaralak\n\t\nVaralakshmi, E\n\t\nvaralakshmie@optum.com\n\t\n48210\n\t\n06290\n\t\nINDIN032\n\t\n804951'], 'rowCount': 1, 'matched': False}, {'headers': ['', 'Loading...\n\t\t\t\t\tCancel'], 'rowCount': 1, 'matched': False}, {'headers': ['', '', ''], 'rowCount': 5, 'matched': False}, {'headers': ['Search AD for MSID, EmployeeID, or Email Address (one entry per line)', '', ''], 'rowCount': 1, 'matched': False}, {'headers': ['', '', '', '', '', '', '', '', ''], 'rowCount': 2, 'matched': False}, {'headers': ['', ''], 'rowCount': 1, 'matched': False}, {'headers': ['', '', '', '', '', '', 'of', '', '1', '', '', '', ''], 'rowCount': 1, 'matched': False}, {'headers': [''], 'rowCount': 1, 'matched': False}, {'headers': [''], 'rowCount': 1, 'matched': False}, {'headers': [''], 'rowCount': 1, 'matched': False}, {'headers': [''], 'rowCount': 1, 'matched': False}, {'headers': [''], 'rowCount': 1, 'matched': False}, {'headers': [''], 'rowCount': 1, 'matched': False}, {'headers': [''], 'rowCount': 1, 'matched': False}, {'headers': [''], 'rowCount': 1, 'matched': False}, {'headers': [''], 'rowCount': 1, 'matched': False}, {'headers': [''], 'rowCount': 1, 'matched': False}, {'headers': [''], 'rowCount': 1, 'matched': False}, {'headers': ['Page Width\nWhole Page\n500%\n200%\n150%\n100%\n75%\n50%\n25%\n10%'], 'rowCount': 1, 'matched': False}, {'headers': ['Word\n\t\t\t\t\t\t\t\t\t\n\t\t\t\t\t\t\t\t\t\tExcel\n\t\t\t\t\t\t\t\t\t\n\t\t\t\t\t\t\t\t\t\tPowerPoint\n\t\t\t\t\t\t\t\t\t\n\t\t\t\t\t\t\t\t\t\tPDF\n\t\t\t\t\t\t\t\t\t\n\t\t\t\t\t\t\t\t\t\tTIFF file\n\t\t\t\t\t\t\t\t\t\n\t\t\t\t\t\t\t\t\t\tMHTML (web archive)\n\t\t\t\t\t\t\t\t\t\n\t\t\t\t\t\t\t\t\t\tCSV (comma delimited)\n\t\t\t\t\t\t\t\t\t\n\t\t\t\t\t\t\t\t\t\tXML file with report data\n\t\t\t\t\t\t\t\t\t\n\t\t\t\t\t\t\t\t\t\tData Feed'], 'rowCount': 1, 'matched': False}, {'headers': [''], 'rowCount': 1, 'matched': False}, {'headers': [''], 'rowCount': 1, 'matched': False}, {'headers': [''], 'rowCount': 1, 'matched': False}, {'headers': [''], 'rowCount': 1, 'matched': False}, {'headers': ['', '', 'Find', '', '', '', '|', '', 'Next', '', ''], 'rowCount': 1, 'matched': False}, {'headers': ['Active Directory Search (MS domain)\n\xa0\n(data is refreshed once every 24 hours) - data current as of: 9/9/2026 2:01:02 AM Central Time\n\t\n\t\n\t\nBookmark this URL (not the site it takes you to): https://goto.optum.com/ActiveDirectoryInfo\nFor additional options, bookmark this url (not the site it takes you to): https://goto.optum.com/ActiveDirectoryInfo2\n\t\n\t\n\t\t\n\t\t\t\t\t\t\t\t\t\t\t\t\t\t\t\t\t\t\n\nEnabled\n\t\nEmployeeID\n\t\nMSID\n\t\nEmployee Name\n\t\nCorporate Email Box\n\t\nuht-IdentityManagment-Mail\n\t\nUserPrincipalName\n\t\nEmployee Type\n\t\nAccountType\n\t\nPostal Code\n\t\nDepartment\n\t\nManager EmployeeID\n\t\nManager MSID\n\t\nManager Name\n\t\nManager Email\n\t\nBusiness Unit\n\t\nOperating Unit\n\t\nLocation\n\t\nDepartment\n\n\nTRUE\n\t\n002227819\n\t\nppaulose\n\t\nPaulose, Princy\n\t\nprincy.paulose@optum.com\n\t\nprincy.paulose@optum.com\n\t\nprincy.paulose@optum.com\n\t\nE\n\t\nP\n\t\nII032\n\t\nOI Operations\n\t\n002225091\n\t\nevaralak\n\t\nVaralakshmi, E\n\t\nvaralakshmie@optum.com\n\t\n48210\n\t\n06290\n\t\nINDIN032\n\t\n804951'], 'rowCount': 1, 'matched': False}, {'headers': ['Active Directory Search (MS domain)\n\xa0\n(data is refreshed once every 24 hours) - data current as of: 9/9/2026 2:01:02 AM Central Time\n\t\n\t\n\t\nBookmark this URL (not the site it takes you to): https://goto.optum.com/ActiveDirectoryInfo\nFor additional options, bookmark this url (not the site it takes you to): https://goto.optum.com/ActiveDirectoryInfo2\n\t\n\t\n\t\t\n\t\t\t\t\t\t\t\t\t\t\t\t\t\t\t\t\t\t\n\nEnabled\n\t\nEmployeeID\n\t\nMSID\n\t\nEmployee Name\n\t\nCorporate Email Box\n\t\nuht-IdentityManagment-Mail\n\t\nUserPrincipalName\n\t\nEmployee Type\n\t\nAccountType\n\t\nPostal Code\n\t\nDepartment\n\t\nManager EmployeeID\n\t\nManager MSID\n\t\nManager Name\n\t\nManager Email\n\t\nBusiness Unit\n\t\nOperating Unit\n\t\nLocation\n\t\nDepartment\n\n\nTRUE\n\t\n002227819\n\t\nppaulose\n\t\nPaulose, Princy\n\t\nprincy.paulose@optum.com\n\t\nprincy.paulose@optum.com\n\t\nprincy.paulose@optum.com\n\t\nE\n\t\nP\n\t\nII032\n\t\nOI Operations\n\t\n002225091\n\t\nevaralak\n\t\nVaralakshmi, E\n\t\nvaralakshmie@optum.com\n\t\n48210\n\t\n06290\n\t\nINDIN032\n\t\n804951'], 'rowCount': 2, 'matched': False}, {'headers': ['Active Directory Search (MS domain)\n\xa0\n(data is refreshed once every 24 hours) - data current as of: 9/9/2026 2:01:02 AM Central Time\n\t\n\t\n\t\nBookmark this URL (not the site it takes you to): https://goto.optum.com/ActiveDirectoryInfo\nFor additional options, bookmark this url (not the site it takes you to): https://goto.optum.com/ActiveDirectoryInfo2\n\t\n\t\n\t\t\n\t\t\t\t\t\t\t\t\t\t\t\t\t\t\t\t\t\t\n\nEnabled\n\t\nEmployeeID\n\t\nMSID\n\t\nEmployee Name\n\t\nCorporate Email Box\n\t\nuht-IdentityManagment-Mail\n\t\nUserPrincipalName\n\t\nEmployee Type\n\t\nAccountType\n\t\nPostal Code\n\t\nDepartment\n\t\nManager EmployeeID\n\t\nManager MSID\n\t\nManager Name\n\t\nManager Email\n\t\nBusiness Unit\n\t\nOperating Unit\n\t\nLocation\n\t\nDepartment\n\n\nTRUE\n\t\n002227819\n\t\nppaulose\n\t\nPaulose, Princy\n\t\nprincy.paulose@optum.com\n\t\nprincy.paulose@optum.com\n\t\nprincy.paulose@optum.com\n\t\nE\n\t\nP\n\t\nII032\n\t\nOI Operations\n\t\n002225091\n\t\nevaralak\n\t\nVaralakshmi, E\n\t\nvaralakshmie@optum.com\n\t\n48210\n\t\n06290\n\t\nINDIN032\n\t\n804951'], 'rowCount': 1, 'matched': False}, {'headers': ['', '', '', '', '', '', '', ''], 'rowCount': 7, 'matched': False}, {'headers': ['Enabled', 'EmployeeID', 'MSID', 'Employee Name', 'Corporate Email Box', 'uht-IdentityManagment-Mail', 'UserPrincipalName', 'Employee Type', 'AccountType', 'Postal Code', 'Department', 'Manager EmployeeID', 'Manager MSID', 'Manager Name', 'Manager Email', 'Business Unit', 'Operating Unit', 'Location', 'Department'], 'rowCount': 1, 'matched': True}]
2026-09-09 16:39:04 DEBUG   [Thread-1 (stdin_reader)] it_asset_app: AD lookup: raw extracted rows: [{'Enabled': 'TRUE', 'EmployeeID': '002227819', 'MSID': 'ppaulose', 'Employee Name': 'Paulose, Princy', 'Corporate Email Box': 'princy.paulose@optum.com', 'uht-IdentityManagment-Mail': 'princy.paulose@optum.com', 'UserPrincipalName': 'princy.paulose@optum.com', 'Employee Type': 'E', 'AccountType': 'P', 'Postal Code': 'II032', 'Department': 'OI Operations', 'Manager EmployeeID': '002225091', 'Manager MSID': 'evaralak', 'Manager Name': 'Varalakshmi, E', 'Manager Email': 'varalakshmie@optum.com', 'Business Unit': '48210', 'Operating Unit': '06290', 'Location': 'INDIN032'}]
2026-09-09 16:39:04 DEBUG   [Thread-1 (stdin_reader)] it_asset_app: AD lookup: mapped fields from row: {'emp_name': 'Paulose, Princy', 'manager_name': 'Varalakshmi, E', 'contact_number': '', 'department': 'OI Operations', 'email': 'princy.paulose@optum.com', 'designation': 'E', 'msid': 'ppaulose', 'employee_id_confirmed': '002227819', 'manager_email': 'varalakshmie@optum.com', 'manager_msid': 'evaralak', 'manager_employee_id': '002225091', 'account_enabled': 'TRUE'}
2026-09-09 16:39:04 INFO    [Thread-1 (stdin_reader)] it_asset_app: AD lookup: SUCCESS for emp_id='002227819' - 1 candidate(s), emp_name='Paulose, Princy' manager_name='Varalakshmi, E'
2026-09-09 16:39:04 INFO    [Thread-1 (stdin_reader)] it_asset_app: AD helper: sending 1 candidate(s) back for request_id='5397365c67c74b71b75e6c105369e0b5'
2026-09-09 16:39:04 INFO    [Thread-1 (stdin_reader)] it_asset_app: AD helper: auto-hid lookup window after successful result (request_id='5397365c67c74b71b75e6c105369e0b5')
2026-09-09 16:40:34 INFO    [MainThread] it_asset_app: SignatureService.capture: use_topaz_pad=True, title='Employee: sign here'
2026-09-09 16:40:34 INFO    [MainThread] it_asset_app: Topaz: capture() starting
2026-09-09 16:40:34 DEBUG   [Thread-5 (worker)] it_asset_app: Topaz: ProgID 'TOPAZSIGPLUS.SigPlusCtrl.1' failed: (-2147221005, 'Invalid class string', None, None)
2026-09-09 16:40:35 INFO    [Thread-5 (worker)] it_asset_app: Topaz: connected via ProgID 'SigPlus.SigPlusCtrl.1'
2026-09-09 16:40:35 DEBUG   [Thread-5 (worker)] it_asset_app: Topaz: control exposes: ['AboutBox', 'AddSerialByte', 'Annotate', 'AsciiDataMode', 'AutoKeyAddData', 'AutoKeyData', 'AutoKeyFinish', 'AutoKeyStart', 'AutoTimeStamp', 'BackColor', 'BackgroundHandle', 'BitMapBufferByte', 'BitMapBufferClose', 'BitMapBufferSize', 'BitMapBufferWrite', 'BitmapHandle', 'Buffer', 'ByteIndex', 'ClearSigWindow', 'ClearTablet', 'CmdCount', 'CmdData', 'CmdString', 'CoordToUse', 'Coords', 'Data', 'Dest', 'DisableMessageBoxes', 'DisableTabletCapture', 'DisplayAnnotate', 'DisplayAnnotatePosX', 'DisplayAnnotatePosY', 'DisplayAnnotateSize', 'DisplayMode', 'DisplayPenWidth', 'DisplayRotate', 'DisplayRotateSave', 'DisplayTimeStamp', 'DisplayTimeStampPosX', 'DisplayTimeStampPosY', 'DisplayTimeStampSize', 'DisplayWindowRes', 'Enable', 'EnableTabletCapture', 'EnableTabletEncryption', 'EncryptionMode', 'EventMask', 'ExportSigFile', 'FaceName', 'Factor', 'FileName', 'FinalFactor', 'FitToWindow', 'ForeColor', 'Format', 'GetBadPointCounter', 'GetBitmapBufferBytes', 'GetEventEnableMask', 'GetImageScreenResolution', 'GetKey', 'GetKeyReceipt', 'GetKeyReceiptAscii', 'GetLCDSize', 'GetLCDStringSize', 'GetNumPointsForStroke', 'GetNumberOfAttachedTablets', 'GetNumberOfHotSpotPoints', 'GetNumberOfStrokes', 'GetOposPointArray', 'GetOposTotalPoints', 'GetPointPValue', 'GetPointTValue', 'GetPointXValue', 'GetPointYValue', 'GetSavePressureData', 'GetSaveTimeData', 'GetSerialNumberToUse', 'GetSigData', 'GetSigPlusVersionString', 'GetSigReceipt', 'GetSigReceiptAscii', 'GetTabletModelNumber', 'GetTabletPortPath', 'GetTabletSerialNumber', 'GetTrackGemField', 'GreyGain', 'GreyOffset', 'Height', 'HexString', 'HighlightPoint', 'HighlightStroke', 'HostMode', 'IPAddress', 'ImageAnnotate', 'ImageAnnotatePosX', 'ImageAnnotatePosY', 'ImageAnnotateSize', 'ImageFileFormat', 'ImageFileName', 'ImagePenWidth', 'ImageTimeStamp', 'ImageTimeStampPosX', 'ImageTimeStampPosY', 'ImageTimeStampSize', 'ImageXSize', 'ImageYSize', 'ImportSigFile', 'Index', 'InitSigPlus', 'Inside', 'Italic', 'JustifyMode', 'JustifyX', 'JustifyY', 'KeyCode', 'KeyData', 'KeyPadAddHotSpot', 'KeyPadClearHotSpotList', 'KeyPadEnableTapOnly', 'KeyPadQueryHotSpot', 'KeyString', 'LCDCaptureMode', 'LCDCompEnable', 'LCDCompFast', 'LCDCompMode', 'LCDCompSlow', 'LCDCreateImage', 'LCDPlayVideo', 'LCDRefresh', 'LCDSendCmdString', 'LCDSendCommandData', 'LCDSendImage', 'LCDSetFont', 'LCDSetTabletMap', 'LCDSetWindow', 'LCDStopVideo', 'LCDTiffAdd', 'LCDTiffStart', 'LCDTiffWrite', 'LCDType', 'LCDWriteBitmap', 'LCDWriteFile', 'LCDWriteString', 'LCDWriteStringToImage', 'LCDWriteWindowedBitmap', 'LCDXSize', 'LCDXStart', 'LCDXStop', 'LCDYSize', 'LCDYStart', 'LCDYStop', 'LCDZCompMode', 'LineScale', 'LoadTrackGemSig', 'LogEnable', 'LogFilePath', 'MapPoints', 'Message', 'Mode', 'NewPath', 'NewPixelDepth', 'NewPortPath', 'NewValue', 'NumberOfTabletPoints', 'Offset', 'OpaqueMode', 'Param', 'PitchAndFamily', 'PointArray', 'PointIdx', 'PointNumber', 'PortNumber', 'ReplayMode', 'RetryCount', 'ReturnCount', 'SaveSigInfo', 'SerialByte', 'SetAntiAliasEnable', 'SetAntiAliasParameters', 'SetBackground', 'SetBackgroundHandle', 'SetDisplayAnnotateData', 'SetDisplayTimeStampData', 'SetDynamicPressure', 'SetEnableColor', 'SetEventEnableMask', 'SetGreyScaleParams', 'SetIPAddress', 'SetImageAnnotateData', 'SetImageScreenResolution', 'SetImageTimeStampData', 'SetKey', 'SetLCDCompression', 'SetLCDCompressionParameters', 'SetLCDPixelDepth', 'SetLCDRetryCount', 'SetLCDTransferDelay', 'SetLCDTransferSize', 'SetLCDType', 'SetLocalIniFilePath', 'SetLogEnable', 'SetLogFilePath', 'SetMultiUsbEnable', 'SetPressureMap', 'SetPressureMapPoints', 'SetSavePressureData', 'SetSaveTimeData', 'SetSerialNumberToUse', 'SetSigData', 'SetSigSocketPort', 'SetSigWindow', 'SetSpecialCloseDelay', 'SetTabletEncryptionModes', 'SetTabletPortPath', 'SetTranslateBitmapEnable', 'SetUseSHA2Hash', 'SetWMFTempPath', 'SigCompressionMode', 'SigData', 'SigMessage', 'SigSetFont', 'SigString', 'Size', 'SpotSize', 'State', 'Str', 'StrokeIdx', 'StrokeNumber', 'TabletBaudRate', 'TabletClippingMode', 'TabletComPort', 'TabletComTest', 'TabletConnectQuery', 'TabletFilterPoints', 'TabletGraphic', 'TabletGraphicFile', 'TabletIndex', 'TabletInvisible', 'TabletLCDMode', 'TabletLogicalXSize', 'TabletLogicalYSize', 'TabletMode', 'TabletModelNumber', 'TabletResolution', 'TabletRotation', 'TabletSerialNumber', 'TabletState', 'TabletText', 'TabletTextFile', 'TabletTimer', 'TabletTimingAdvance', 'TabletType', 'TabletXStart', 'TabletXStop', 'TabletYStart', 'TabletYStop', 'TestFunction', 'TimeOut', 'TimeStamp', 'TransferDelay', 'TransferSize', 'Underline', 'Value', 'Velocity0', 'VelocityRange', 'VideoNumber', 'Weight', 'Width', 'WriteImageFile', 'X', 'XPos', 'XSize', 'Y', 'YPos', 'YSize', 'ZoomPower', 'ZoomX', 'ZoomY']
2026-09-09 16:40:35 DEBUG   [Thread-5 (worker)] it_asset_app: Topaz: arming the pad (hwnd=921294)
2026-09-09 16:40:35 DEBUG   [Thread-5 (worker)] it_asset_app: Topaz: tablet state set to 1 via TabletState property
2026-09-09 16:40:35 INFO    [Thread-5 (worker)] it_asset_app: Topaz: pad armed OK
2026-09-09 16:40:42 INFO    [Thread-5 (worker)] it_asset_app: Topaz: NumberOfTabletPoints=183 after Accept
2026-09-09 16:40:42 DEBUG   [Thread-5 (worker)] it_asset_app: Topaz: SigImageB64 not available (SigPlus.SigPlusCtrl.1.SigImageB64)
2026-09-09 16:40:42 DEBUG   [Thread-5 (worker)] it_asset_app: Topaz: image property ImageFileName not settable (Property 'SigPlus.SigPlusCtrl.1.ImageFileName' can not be set.)
2026-09-09 16:40:42 INFO    [Thread-5 (worker)] it_asset_app: Topaz: WriteImageFile(path, fmt, x, y, pen) failed (WriteImageFile() takes from 1 to 2 positional arguments but 6 were given)
2026-09-09 16:40:42 INFO    [Thread-5 (worker)] it_asset_app: Topaz: WriteImageFile(path, fmt) failed (WriteImageFile() takes from 1 to 2 positional arguments but 3 were given)
2026-09-09 16:40:42 INFO    [Thread-5 (worker)] it_asset_app: Topaz: wrote signature bitmap via WriteImageFile(path)
2026-09-09 16:40:42 DEBUG   [Thread-5 (worker)] it_asset_app: Topaz: tablet state set to 0 via TabletState property
2026-09-09 16:40:42 DEBUG   [Thread-5 (worker)] it_asset_app: Topaz: pad disarmed OK
2026-09-09 16:40:42 INFO    [MainThread] it_asset_app: Topaz: capture SUCCESS, saved to C:\Users\srajaamu\AppData\Local\Temp\sig_topaz_19ee6e29dfd442598da69d7ff742dc27.png
2026-09-09 16:40:42 INFO    [MainThread] it_asset_app: SignatureService.capture: Topaz path returned 'C:\\Users\\srajaamu\\AppData\\Local\\Temp\\sig_topaz_19ee6e29dfd442598da69d7ff742dc27.png'
2026-09-09 16:40:50 INFO    [MainThread] it_asset_app: Generate clicked: emp_id='002227819' bu='Embassy_II032' submission_type='New Hire'
2026-09-09 16:40:51 INFO    [MainThread] it_asset_app: Generate: form validation failed, stopping
2026-09-09 16:40:53 INFO    [MainThread] it_asset_app: SignatureService.capture: use_topaz_pad=True, title='Asset Receiver: sign here'
2026-09-09 16:40:53 INFO    [MainThread] it_asset_app: Topaz: capture() starting
2026-09-09 16:40:53 DEBUG   [Thread-6 (worker)] it_asset_app: Topaz: ProgID 'TOPAZSIGPLUS.SigPlusCtrl.1' failed: (-2147221005, 'Invalid class string', None, None)
2026-09-09 16:40:53 INFO    [Thread-6 (worker)] it_asset_app: Topaz: connected via ProgID 'SigPlus.SigPlusCtrl.1'
2026-09-09 16:40:53 DEBUG   [Thread-6 (worker)] it_asset_app: Topaz: control exposes: ['AboutBox', 'AddSerialByte', 'Annotate', 'AsciiDataMode', 'AutoKeyAddData', 'AutoKeyData', 'AutoKeyFinish', 'AutoKeyStart', 'AutoTimeStamp', 'BackColor', 'BackgroundHandle', 'BitMapBufferByte', 'BitMapBufferClose', 'BitMapBufferSize', 'BitMapBufferWrite', 'BitmapHandle', 'Buffer', 'ByteIndex', 'ClearSigWindow', 'ClearTablet', 'CmdCount', 'CmdData', 'CmdString', 'CoordToUse', 'Coords', 'Data', 'Dest', 'DisableMessageBoxes', 'DisableTabletCapture', 'DisplayAnnotate', 'DisplayAnnotatePosX', 'DisplayAnnotatePosY', 'DisplayAnnotateSize', 'DisplayMode', 'DisplayPenWidth', 'DisplayRotate', 'DisplayRotateSave', 'DisplayTimeStamp', 'DisplayTimeStampPosX', 'DisplayTimeStampPosY', 'DisplayTimeStampSize', 'DisplayWindowRes', 'Enable', 'EnableTabletCapture', 'EnableTabletEncryption', 'EncryptionMode', 'EventMask', 'ExportSigFile', 'FaceName', 'Factor', 'FileName', 'FinalFactor', 'FitToWindow', 'ForeColor', 'Format', 'GetBadPointCounter', 'GetBitmapBufferBytes', 'GetEventEnableMask', 'GetImageScreenResolution', 'GetKey', 'GetKeyReceipt', 'GetKeyReceiptAscii', 'GetLCDSize', 'GetLCDStringSize', 'GetNumPointsForStroke', 'GetNumberOfAttachedTablets', 'GetNumberOfHotSpotPoints', 'GetNumberOfStrokes', 'GetOposPointArray', 'GetOposTotalPoints', 'GetPointPValue', 'GetPointTValue', 'GetPointXValue', 'GetPointYValue', 'GetSavePressureData', 'GetSaveTimeData', 'GetSerialNumberToUse', 'GetSigData', 'GetSigPlusVersionString', 'GetSigReceipt', 'GetSigReceiptAscii', 'GetTabletModelNumber', 'GetTabletPortPath', 'GetTabletSerialNumber', 'GetTrackGemField', 'GreyGain', 'GreyOffset', 'Height', 'HexString', 'HighlightPoint', 'HighlightStroke', 'HostMode', 'IPAddress', 'ImageAnnotate', 'ImageAnnotatePosX', 'ImageAnnotatePosY', 'ImageAnnotateSize', 'ImageFileFormat', 'ImageFileName', 'ImagePenWidth', 'ImageTimeStamp', 'ImageTimeStampPosX', 'ImageTimeStampPosY', 'ImageTimeStampSize', 'ImageXSize', 'ImageYSize', 'ImportSigFile', 'Index', 'InitSigPlus', 'Inside', 'Italic', 'JustifyMode', 'JustifyX', 'JustifyY', 'KeyCode', 'KeyData', 'KeyPadAddHotSpot', 'KeyPadClearHotSpotList', 'KeyPadEnableTapOnly', 'KeyPadQueryHotSpot', 'KeyString', 'LCDCaptureMode', 'LCDCompEnable', 'LCDCompFast', 'LCDCompMode', 'LCDCompSlow', 'LCDCreateImage', 'LCDPlayVideo', 'LCDRefresh', 'LCDSendCmdString', 'LCDSendCommandData', 'LCDSendImage', 'LCDSetFont', 'LCDSetTabletMap', 'LCDSetWindow', 'LCDStopVideo', 'LCDTiffAdd', 'LCDTiffStart', 'LCDTiffWrite', 'LCDType', 'LCDWriteBitmap', 'LCDWriteFile', 'LCDWriteString', 'LCDWriteStringToImage', 'LCDWriteWindowedBitmap', 'LCDXSize', 'LCDXStart', 'LCDXStop', 'LCDYSize', 'LCDYStart', 'LCDYStop', 'LCDZCompMode', 'LineScale', 'LoadTrackGemSig', 'LogEnable', 'LogFilePath', 'MapPoints', 'Message', 'Mode', 'NewPath', 'NewPixelDepth', 'NewPortPath', 'NewValue', 'NumberOfTabletPoints', 'Offset', 'OpaqueMode', 'Param', 'PitchAndFamily', 'PointArray', 'PointIdx', 'PointNumber', 'PortNumber', 'ReplayMode', 'RetryCount', 'ReturnCount', 'SaveSigInfo', 'SerialByte', 'SetAntiAliasEnable', 'SetAntiAliasParameters', 'SetBackground', 'SetBackgroundHandle', 'SetDisplayAnnotateData', 'SetDisplayTimeStampData', 'SetDynamicPressure', 'SetEnableColor', 'SetEventEnableMask', 'SetGreyScaleParams', 'SetIPAddress', 'SetImageAnnotateData', 'SetImageScreenResolution', 'SetImageTimeStampData', 'SetKey', 'SetLCDCompression', 'SetLCDCompressionParameters', 'SetLCDPixelDepth', 'SetLCDRetryCount', 'SetLCDTransferDelay', 'SetLCDTransferSize', 'SetLCDType', 'SetLocalIniFilePath', 'SetLogEnable', 'SetLogFilePath', 'SetMultiUsbEnable', 'SetPressureMap', 'SetPressureMapPoints', 'SetSavePressureData', 'SetSaveTimeData', 'SetSerialNumberToUse', 'SetSigData', 'SetSigSocketPort', 'SetSigWindow', 'SetSpecialCloseDelay', 'SetTabletEncryptionModes', 'SetTabletPortPath', 'SetTranslateBitmapEnable', 'SetUseSHA2Hash', 'SetWMFTempPath', 'SigCompressionMode', 'SigData', 'SigMessage', 'SigSetFont', 'SigString', 'Size', 'SpotSize', 'State', 'Str', 'StrokeIdx', 'StrokeNumber', 'TabletBaudRate', 'TabletClippingMode', 'TabletComPort', 'TabletComTest', 'TabletConnectQuery', 'TabletFilterPoints', 'TabletGraphic', 'TabletGraphicFile', 'TabletIndex', 'TabletInvisible', 'TabletLCDMode', 'TabletLogicalXSize', 'TabletLogicalYSize', 'TabletMode', 'TabletModelNumber', 'TabletResolution', 'TabletRotation', 'TabletSerialNumber', 'TabletState', 'TabletText', 'TabletTextFile', 'TabletTimer', 'TabletTimingAdvance', 'TabletType', 'TabletXStart', 'TabletXStop', 'TabletYStart', 'TabletYStop', 'TestFunction', 'TimeOut', 'TimeStamp', 'TransferDelay', 'TransferSize', 'Underline', 'Value', 'Velocity0', 'VelocityRange', 'VideoNumber', 'Weight', 'Width', 'WriteImageFile', 'X', 'XPos', 'XSize', 'Y', 'YPos', 'YSize', 'ZoomPower', 'ZoomX', 'ZoomY']
2026-09-09 16:40:53 DEBUG   [Thread-6 (worker)] it_asset_app: Topaz: arming the pad (hwnd=921294)
2026-09-09 16:40:53 DEBUG   [Thread-6 (worker)] it_asset_app: Topaz: tablet state set to 1 via TabletState property
2026-09-09 16:40:53 INFO    [Thread-6 (worker)] it_asset_app: Topaz: pad armed OK
2026-09-09 16:41:00 INFO    [Thread-6 (worker)] it_asset_app: Topaz: NumberOfTabletPoints=182 after Accept
2026-09-09 16:41:00 DEBUG   [Thread-6 (worker)] it_asset_app: Topaz: SigImageB64 not available (SigPlus.SigPlusCtrl.1.SigImageB64)
2026-09-09 16:41:00 DEBUG   [Thread-6 (worker)] it_asset_app: Topaz: image property ImageFileName not settable (Property 'SigPlus.SigPlusCtrl.1.ImageFileName' can not be set.)
2026-09-09 16:41:00 INFO    [Thread-6 (worker)] it_asset_app: Topaz: WriteImageFile(path, fmt, x, y, pen) failed (WriteImageFile() takes from 1 to 2 positional arguments but 6 were given)
2026-09-09 16:41:00 INFO    [Thread-6 (worker)] it_asset_app: Topaz: WriteImageFile(path, fmt) failed (WriteImageFile() takes from 1 to 2 positional arguments but 3 were given)
2026-09-09 16:41:00 INFO    [Thread-6 (worker)] it_asset_app: Topaz: wrote signature bitmap via WriteImageFile(path)
2026-09-09 16:41:00 DEBUG   [Thread-6 (worker)] it_asset_app: Topaz: tablet state set to 0 via TabletState property
2026-09-09 16:41:00 DEBUG   [Thread-6 (worker)] it_asset_app: Topaz: pad disarmed OK
2026-09-09 16:41:00 INFO    [MainThread] it_asset_app: Topaz: capture SUCCESS, saved to C:\Users\srajaamu\AppData\Local\Temp\sig_topaz_5f35442dcc494eb6bb8cd288baa18fe1.png
2026-09-09 16:41:00 INFO    [MainThread] it_asset_app: SignatureService.capture: Topaz path returned 'C:\\Users\\srajaamu\\AppData\\Local\\Temp\\sig_topaz_5f35442dcc494eb6bb8cd288baa18fe1.png'
2026-09-09 16:41:04 INFO    [MainThread] it_asset_app: Generate clicked: emp_id='002227819' bu='Embassy_II032' submission_type='New Hire'
2026-09-09 18:09:09 INFO    [Thread-1 (stdin_reader)] it_asset_app: AD helper: received lookup request_id='f00c825d995b49a8a119d78fb9fcc5d5' emp_id='900012345'
2026-09-09 18:09:09 INFO    [Thread-1 (stdin_reader)] it_asset_app: AD lookup: starting search for emp_id='900012345' (header_keyword='EmployeeID', name_column='Employee Name')
2026-09-09 18:09:09 DEBUG   [Thread-1 (stdin_reader)] it_asset_app: AD lookup: filled search textbox OK
2026-09-09 18:09:09 DEBUG   [Thread-1 (stdin_reader)] it_asset_app: AD lookup: clicked 'View Report' button OK
2026-09-09 18:09:09 DEBUG   [Thread-1 (stdin_reader)] it_asset_app: AD lookup: results table ready after 0.0s
2026-09-09 18:09:09 DEBUG   [Thread-1 (stdin_reader)] it_asset_app: AD lookup: extracted 1 row(s) via strategy='single-table'; tables seen on page: [{'headers': ['Search AD for MSID, EmployeeID, or Email Address (one entry per line)\t\n\t\n\t\n\t\t\n\n\n\n\n\t\t\n\t\t\t\tof\t\t1\t\t\n\t\t\n\t\n\t\nPage Width\nWhole Page\n500%\n200%\n150%\n100%\n75%\n50%\n25%\n10%\n\t\n\t\n\t\n\t\tFind\t\t\n\t\t|\t\tNext\t\t\n\n\n\t\t\t\t\t\t\t\n\t\t\n\t\n\t\t\t\nActive Directory Search (MS domain)\n\xa0\n(data is refreshed once every 24 hours) - data current as of: 9/9/2026 2:01:02 AM Central Time\n\t\n\t\n\t\nBookmark this URL (not the site it takes you to): https://goto.optum.com/ActiveDirectoryInfo\nFor additional options, bookmark this url (not the site it takes you to): https://goto.optum.com/ActiveDirectoryInfo2\n\t\n\t\n\t\t\n\t\t\t\t\t\t\t\t\t\t\t\t\t\t\t\t\t\t\n\nEnabled\n\t\nEmployeeID\n\t\nMSID\n\t\nEmployee Name\n\t\nCorporate Email Box\n\t\nuht-IdentityManagment-Mail\n\t\nUserPrincipalName\n\t\nEmployee Type\n\t\nAccountType\n\t\nPostal Code\n\t\nDepartment\n\t\nManager EmployeeID\n\t\nManager MSID\n\t\nManager Name\n\t\nManager Email\n\t\nBusiness Unit\n\t\nOperating Unit\n\t\nLocation\n\t\nDepartment\n\n\nTRUE\n\t\n002227819\n\t\nppaulose\n\t\nPaulose, Princy\n\t\nprincy.paulose@optum.com\n\t\nprincy.paulose@optum.com\n\t\nprincy.paulose@optum.com\n\t\nE\n\t\nP\n\t\nII032\n\t\nOI Operations\n\t\n002225091\n\t\nevaralak\n\t\nVaralakshmi, E\n\t\nvaralakshmie@optum.com\n\t\n48210\n\t\n06290\n\t\nINDIN032\n\t\n804951'], 'rowCount': 1, 'matched': False}, {'headers': ['', 'Loading...\n\t\t\t\t\tCancel'], 'rowCount': 1, 'matched': False}, {'headers': ['', '', ''], 'rowCount': 5, 'matched': False}, {'headers': ['Search AD for MSID, EmployeeID, or Email Address (one entry per line)', '', ''], 'rowCount': 1, 'matched': False}, {'headers': ['', '', '', '', '', '', '', '', ''], 'rowCount': 2, 'matched': False}, {'headers': ['', ''], 'rowCount': 1, 'matched': False}, {'headers': ['', '', '', '', '', '', 'of', '', '1', '', '', '', ''], 'rowCount': 1, 'matched': False}, {'headers': [''], 'rowCount': 1, 'matched': False}, {'headers': [''], 'rowCount': 1, 'matched': False}, {'headers': [''], 'rowCount': 1, 'matched': False}, {'headers': [''], 'rowCount': 1, 'matched': False}, {'headers': [''], 'rowCount': 1, 'matched': False}, {'headers': [''], 'rowCount': 1, 'matched': False}, {'headers': [''], 'rowCount': 1, 'matched': False}, {'headers': [''], 'rowCount': 1, 'matched': False}, {'headers': [''], 'rowCount': 1, 'matched': False}, {'headers': [''], 'rowCount': 1, 'matched': False}, {'headers': [''], 'rowCount': 1, 'matched': False}, {'headers': ['Page Width\nWhole Page\n500%\n200%\n150%\n100%\n75%\n50%\n25%\n10%'], 'rowCount': 1, 'matched': False}, {'headers': ['Word\n\t\t\t\t\t\t\t\t\t\n\t\t\t\t\t\t\t\t\t\tExcel\n\t\t\t\t\t\t\t\t\t\n\t\t\t\t\t\t\t\t\t\tPowerPoint\n\t\t\t\t\t\t\t\t\t\n\t\t\t\t\t\t\t\t\t\tPDF\n\t\t\t\t\t\t\t\t\t\n\t\t\t\t\t\t\t\t\t\tTIFF file\n\t\t\t\t\t\t\t\t\t\n\t\t\t\t\t\t\t\t\t\tMHTML (web archive)\n\t\t\t\t\t\t\t\t\t\n\t\t\t\t\t\t\t\t\t\tCSV (comma delimited)\n\t\t\t\t\t\t\t\t\t\n\t\t\t\t\t\t\t\t\t\tXML file with report data\n\t\t\t\t\t\t\t\t\t\n\t\t\t\t\t\t\t\t\t\tData Feed'], 'rowCount': 1, 'matched': False}, {'headers': [''], 'rowCount': 1, 'matched': False}, {'headers': [''], 'rowCount': 1, 'matched': False}, {'headers': [''], 'rowCount': 1, 'matched': False}, {'headers': [''], 'rowCount': 1, 'matched': False}, {'headers': ['', '', 'Find', '', '', '', '|', '', 'Next', '', ''], 'rowCount': 1, 'matched': False}, {'headers': ['Active Directory Search (MS domain)\n\xa0\n(data is refreshed once every 24 hours) - data current as of: 9/9/2026 2:01:02 AM Central Time\n\t\n\t\n\t\nBookmark this URL (not the site it takes you to): https://goto.optum.com/ActiveDirectoryInfo\nFor additional options, bookmark this url (not the site it takes you to): https://goto.optum.com/ActiveDirectoryInfo2\n\t\n\t\n\t\t\n\t\t\t\t\t\t\t\t\t\t\t\t\t\t\t\t\t\t\n\nEnabled\n\t\nEmployeeID\n\t\nMSID\n\t\nEmployee Name\n\t\nCorporate Email Box\n\t\nuht-IdentityManagment-Mail\n\t\nUserPrincipalName\n\t\nEmployee Type\n\t\nAccountType\n\t\nPostal Code\n\t\nDepartment\n\t\nManager EmployeeID\n\t\nManager MSID\n\t\nManager Name\n\t\nManager Email\n\t\nBusiness Unit\n\t\nOperating Unit\n\t\nLocation\n\t\nDepartment\n\n\nTRUE\n\t\n002227819\n\t\nppaulose\n\t\nPaulose, Princy\n\t\nprincy.paulose@optum.com\n\t\nprincy.paulose@optum.com\n\t\nprincy.paulose@optum.com\n\t\nE\n\t\nP\n\t\nII032\n\t\nOI Operations\n\t\n002225091\n\t\nevaralak\n\t\nVaralakshmi, E\n\t\nvaralakshmie@optum.com\n\t\n48210\n\t\n06290\n\t\nINDIN032\n\t\n804951'], 'rowCount': 1, 'matched': False}, {'headers': ['Active Directory Search (MS domain)\n\xa0\n(data is refreshed once every 24 hours) - data current as of: 9/9/2026 2:01:02 AM Central Time\n\t\n\t\n\t\nBookmark this URL (not the site it takes you to): https://goto.optum.com/ActiveDirectoryInfo\nFor additional options, bookmark this url (not the site it takes you to): https://goto.optum.com/ActiveDirectoryInfo2\n\t\n\t\n\t\t\n\t\t\t\t\t\t\t\t\t\t\t\t\t\t\t\t\t\t\n\nEnabled\n\t\nEmployeeID\n\t\nMSID\n\t\nEmployee Name\n\t\nCorporate Email Box\n\t\nuht-IdentityManagment-Mail\n\t\nUserPrincipalName\n\t\nEmployee Type\n\t\nAccountType\n\t\nPostal Code\n\t\nDepartment\n\t\nManager EmployeeID\n\t\nManager MSID\n\t\nManager Name\n\t\nManager Email\n\t\nBusiness Unit\n\t\nOperating Unit\n\t\nLocation\n\t\nDepartment\n\n\nTRUE\n\t\n002227819\n\t\nppaulose\n\t\nPaulose, Princy\n\t\nprincy.paulose@optum.com\n\t\nprincy.paulose@optum.com\n\t\nprincy.paulose@optum.com\n\t\nE\n\t\nP\n\t\nII032\n\t\nOI Operations\n\t\n002225091\n\t\nevaralak\n\t\nVaralakshmi, E\n\t\nvaralakshmie@optum.com\n\t\n48210\n\t\n06290\n\t\nINDIN032\n\t\n804951'], 'rowCount': 2, 'matched': False}, {'headers': ['Active Directory Search (MS domain)\n\xa0\n(data is refreshed once every 24 hours) - data current as of: 9/9/2026 2:01:02 AM Central Time\n\t\n\t\n\t\nBookmark this URL (not the site it takes you to): https://goto.optum.com/ActiveDirectoryInfo\nFor additional options, bookmark this url (not the site it takes you to): https://goto.optum.com/ActiveDirectoryInfo2\n\t\n\t\n\t\t\n\t\t\t\t\t\t\t\t\t\t\t\t\t\t\t\t\t\t\n\nEnabled\n\t\nEmployeeID\n\t\nMSID\n\t\nEmployee Name\n\t\nCorporate Email Box\n\t\nuht-IdentityManagment-Mail\n\t\nUserPrincipalName\n\t\nEmployee Type\n\t\nAccountType\n\t\nPostal Code\n\t\nDepartment\n\t\nManager EmployeeID\n\t\nManager MSID\n\t\nManager Name\n\t\nManager Email\n\t\nBusiness Unit\n\t\nOperating Unit\n\t\nLocation\n\t\nDepartment\n\n\nTRUE\n\t\n002227819\n\t\nppaulose\n\t\nPaulose, Princy\n\t\nprincy.paulose@optum.com\n\t\nprincy.paulose@optum.com\n\t\nprincy.paulose@optum.com\n\t\nE\n\t\nP\n\t\nII032\n\t\nOI Operations\n\t\n002225091\n\t\nevaralak\n\t\nVaralakshmi, E\n\t\nvaralakshmie@optum.com\n\t\n48210\n\t\n06290\n\t\nINDIN032\n\t\n804951'], 'rowCount': 1, 'matched': False}, {'headers': ['', '', '', '', '', '', '', ''], 'rowCount': 7, 'matched': False}, {'headers': ['Enabled', 'EmployeeID', 'MSID', 'Employee Name', 'Corporate Email Box', 'uht-IdentityManagment-Mail', 'UserPrincipalName', 'Employee Type', 'AccountType', 'Postal Code', 'Department', 'Manager EmployeeID', 'Manager MSID', 'Manager Name', 'Manager Email', 'Business Unit', 'Operating Unit', 'Location', 'Department'], 'rowCount': 1, 'matched': True}]
2026-09-09 18:09:09 DEBUG   [Thread-1 (stdin_reader)] it_asset_app: AD lookup: raw extracted rows: [{'Enabled': 'TRUE', 'EmployeeID': '002227819', 'MSID': 'ppaulose', 'Employee Name': 'Paulose, Princy', 'Corporate Email Box': 'princy.paulose@optum.com', 'uht-IdentityManagment-Mail': 'princy.paulose@optum.com', 'UserPrincipalName': 'princy.paulose@optum.com', 'Employee Type': 'E', 'AccountType': 'P', 'Postal Code': 'II032', 'Department': 'OI Operations', 'Manager EmployeeID': '002225091', 'Manager MSID': 'evaralak', 'Manager Name': 'Varalakshmi, E', 'Manager Email': 'varalakshmie@optum.com', 'Business Unit': '48210', 'Operating Unit': '06290', 'Location': 'INDIN032'}]
2026-09-09 18:09:09 DEBUG   [Thread-1 (stdin_reader)] it_asset_app: AD lookup: mapped fields from row: {'emp_name': 'Paulose, Princy', 'manager_name': 'Varalakshmi, E', 'contact_number': '', 'department': 'OI Operations', 'email': 'princy.paulose@optum.com', 'designation': 'E', 'msid': 'ppaulose', 'employee_id_confirmed': '002227819', 'manager_email': 'varalakshmie@optum.com', 'manager_msid': 'evaralak', 'manager_employee_id': '002225091', 'account_enabled': 'TRUE'}
2026-09-09 18:09:09 INFO    [Thread-1 (stdin_reader)] it_asset_app: AD lookup: SUCCESS for emp_id='900012345' - 1 candidate(s), emp_name='Paulose, Princy' manager_name='Varalakshmi, E'
2026-09-09 18:09:09 INFO    [Thread-1 (stdin_reader)] it_asset_app: AD helper: sending 1 candidate(s) back for request_id='f00c825d995b49a8a119d78fb9fcc5d5'
2026-09-09 18:09:09 INFO    [Thread-1 (stdin_reader)] it_asset_app: AD helper: auto-hid lookup window after successful result (request_id='f00c825d995b49a8a119d78fb9fcc5d5')
2026-09-09 18:10:20 INFO    [MainThread] it_asset_app: insert_controls: starting for 'C:\\Users\\srajaamu\\OneDrive - UHG\\Topaz_automation\\WorkFlow_Topaz\\bu_templates\\3a1864d284\\original.docx' -> 'C:\\Users\\srajaamu\\OneDrive - UHG\\Topaz_automation\\WorkFlow_Topaz\\bu_templates\\3a1864d284\\fillable.docx'
2026-09-09 18:10:20 INFO    [MainThread] it_asset_app: insert_controls: SUCCESS -> 'C:\\Users\\srajaamu\\OneDrive - UHG\\Topaz_automation\\WorkFlow_Topaz\\bu_templates\\3a1864d284\\fillable.docx'
2026-09-09 18:10:21 INFO    [MainThread] it_asset_app: BU templates: loaded 5 template(s): ['Test BU', 'op', 'My Location', 'Embassy_II032', 'Embassy_ii033']
2026-09-09 18:20:40 INFO    [MainThread] it_asset_app: WizardApp: closing (user closed the window)
2026-09-09 18:20:41 INFO    [MainThread] it_asset_app: WizardApp: closed
2026-09-10 16:40:50 INFO    [MainThread] it_asset_app: ======================================================================
2026-09-10 16:40:50 INFO    [MainThread] it_asset_app: App starting - log file: C:\Users\srajaamu\OneDrive - UHG\Topaz_automation\WorkFlow_Topaz\logs\app.log
2026-09-10 16:40:50 INFO    [MainThread] it_asset_app: Python: 3.14.7 | frozen: False
2026-09-10 16:40:50 INFO    [MainThread] it_asset_app: WizardApp: starting up. ad_lookup_mode='ssrs_report' use_topaz_pad=True bu_templates_folder='bu_templates'
2026-09-10 16:40:50 INFO    [MainThread] it_asset_app: WizardApp: GUI ready
2026-09-10 16:40:50 INFO    [Thread-1 (start)] it_asset_app: AD helper: launched new subprocess (pid=28836): ['C:\\Program Files\\Python314\\python.exe', 'C:\\Users\\srajaamu\\OneDrive - UHG\\Topaz_automation\\WorkFlow_Topaz\\app.py', '--webview-helper']
2026-09-10 16:40:50 INFO    [MainThread] it_asset_app: ======================================================================
2026-09-10 16:40:50 INFO    [MainThread] it_asset_app: App starting - log file: C:\Users\srajaamu\OneDrive - UHG\Topaz_automation\WorkFlow_Topaz\logs\app.log
2026-09-10 16:40:50 INFO    [MainThread] it_asset_app: Python: 3.14.7 | frozen: False
2026-09-10 16:40:50 INFO    [MainThread] it_asset_app: AD helper: subprocess started (pid=28836)
2026-09-10 16:41:26 INFO    [Thread-3 (worker)] it_asset_app: AD helper: launched new subprocess (pid=4760): ['C:\\Program Files\\Python314\\python.exe', 'C:\\Users\\srajaamu\\OneDrive - UHG\\Topaz_automation\\WorkFlow_Topaz\\app.py', '--webview-helper']
2026-09-10 16:41:27 INFO    [MainThread] it_asset_app: ======================================================================
2026-09-10 16:41:27 INFO    [MainThread] it_asset_app: App starting - log file: C:\Users\srajaamu\OneDrive - UHG\Topaz_automation\WorkFlow_Topaz\logs\app.log
2026-09-10 16:41:27 INFO    [MainThread] it_asset_app: Python: 3.14.7 | frozen: False
2026-09-10 16:41:27 INFO    [MainThread] it_asset_app: AD helper: subprocess started (pid=4760)
2026-09-10 16:41:27 INFO    [Thread-1 (stdin_reader)] it_asset_app: AD helper: received lookup request_id='98eafa4e063c4c58be4662f5cc70a63a' emp_id='002204725'
2026-09-10 16:41:32 INFO    [Thread-1 (stdin_reader)] it_asset_app: AD lookup: starting search for emp_id='002204725' (header_keyword='EmployeeID', name_column='Employee Name')
2026-09-10 16:41:32 DEBUG   [Thread-1 (stdin_reader)] it_asset_app: AD lookup: filled search textbox OK
2026-09-10 16:41:33 DEBUG   [Thread-1 (stdin_reader)] it_asset_app: AD lookup: clicked 'View Report' button OK
2026-09-10 16:41:58 ERROR   [Thread-1 (stdin_reader)] it_asset_app: AD lookup: TIMED OUT after 25.4s waiting for results table (header_keyword='EmployeeID') for emp_id='002204725'. Tables seen on the page at timeout: [{'headers': ['Search AD for MSID, EmployeeID, or Email Address (one entry per line)\t\n\t\n\t\n\t\t\n\n\n\n\n\t\t\n\t\t\t\tof\t\t1\t\t\n\t\t\n\t\n\t\nPage Width\nWhole Page\n500%\n200%\n150%\n100%\n75%\n50%\n25%\n10%\n\t\n\t\n\t\n\t\tFind\t\t\n\t\t|\t\tNext\t\t\n\n\n\t\t\t\t\t\t\t\n\t\t\n\t\n\t\t\t\nActive Directory Search (MS domain)\n\xa0\n(data is refreshed once every 24 hours) - data current as of: 9/10/2026 2:01:02 AM Central Time\n\t\n\t\n\t\nBookmark this URL (not the site it takes you to): https://goto.optum.com/ActiveDirectoryInfo\nFor additional options, bookmark this url (not the site it takes you to): https://goto.optum.com/ActiveDirectoryInfo2\n\t\n\t\n\t\t\n\t\t\t\t\t\t\t\t\t\t\t\t\t\t\t\t\t\t\n\nEnabled\n\t\nEmployeeID\n\t\nMSID\n\t\nEmployee Name\n\t\nCorporate Email Box\n\t\nuht-IdentityManagment-Mail\n\t\nUserPrincipalName\n\t\nEmployee Type\n\t\nAccountType\n\t\nPostal Code\n\t\nDepartment\n\t\nManager EmployeeID\n\t\nManager MSID\n\t\nManager Name\n\t\nManager Email\n\t\nBusiness Unit\n\t\nOperating Unit\n\t\nLocation\n\t\nDepartment\n\n\nTRUE\n\t\n002204703\n\t\nntutela\n\t\nTutela, Nadine\n\t\nnadine_tutela@optum.com\n\t\nnadine_tutela@optum.com\n\t\nnadine_tutela@optum.com\n\t\nE\n\t\nP\n\t\nNJ006\n\t\nHome and Community Dept\n\t\n001138119\n\t\njbilley\n\t\nJacklyn Oladeji\n\t\njacklyn.oladeji@optum.com\n\t\n44310\n\t\n07601\n\t\nUSANJ800\n\t\n630030'], 'rowCount': 1, 'matched': False}, {'headers': ['', 'Loading...\n\t\t\t\t\tCancel'], 'rowCount': 1, 'matched': False}, {'headers': ['', '', ''], 'rowCount': 5, 'matched': False}, {'headers': ['Search AD for MSID, EmployeeID, or Email Address (one entry per line)', '', ''], 'rowCount': 1, 'matched': False}, {'headers': ['', '', '', '', '', '', '', '', ''], 'rowCount': 2, 'matched': False}, {'headers': ['', ''], 'rowCount': 1, 'matched': False}, {'headers': ['', '', '', '', '', '', 'of', '', '1', '', '', '', ''], 'rowCount': 1, 'matched': False}, {'headers': [''], 'rowCount': 1, 'matched': False}, {'headers': [''], 'rowCount': 1, 'matched': False}, {'headers': [''], 'rowCount': 1, 'matched': False}, {'headers': [''], 'rowCount': 1, 'matched': False}, {'headers': [''], 'rowCount': 1, 'matched': False}, {'headers': [''], 'rowCount': 1, 'matched': False}, {'headers': [''], 'rowCount': 1, 'matched': False}, {'headers': [''], 'rowCount': 1, 'matched': False}, {'headers': [''], 'rowCount': 1, 'matched': False}, {'headers': [''], 'rowCount': 1, 'matched': False}, {'headers': [''], 'rowCount': 1, 'matched': False}, {'headers': ['Page Width\nWhole Page\n500%\n200%\n150%\n100%\n75%\n50%\n25%\n10%'], 'rowCount': 1, 'matched': False}, {'headers': ['Word\n\t\t\t\t\t\t\t\t\t\n\t\t\t\t\t\t\t\t\t\tExcel\n\t\t\t\t\t\t\t\t\t\n\t\t\t\t\t\t\t\t\t\tPowerPoint\n\t\t\t\t\t\t\t\t\t\n\t\t\t\t\t\t\t\t\t\tPDF\n\t\t\t\t\t\t\t\t\t\n\t\t\t\t\t\t\t\t\t\tTIFF file\n\t\t\t\t\t\t\t\t\t\n\t\t\t\t\t\t\t\t\t\tMHTML (web archive)\n\t\t\t\t\t\t\t\t\t\n\t\t\t\t\t\t\t\t\t\tCSV (comma delimited)\n\t\t\t\t\t\t\t\t\t\n\t\t\t\t\t\t\t\t\t\tXML file with report data\n\t\t\t\t\t\t\t\t\t\n\t\t\t\t\t\t\t\t\t\tData Feed'], 'rowCount': 1, 'matched': False}, {'headers': [''], 'rowCount': 1, 'matched': False}, {'headers': [''], 'rowCount': 1, 'matched': False}, {'headers': [''], 'rowCount': 1, 'matched': False}, {'headers': [''], 'rowCount': 1, 'matched': False}, {'headers': ['', '', 'Find', '', '', '', '|', '', 'Next', '', ''], 'rowCount': 1, 'matched': False}, {'headers': ['Active Directory Search (MS domain)\n\xa0\n(data is refreshed once every 24 hours) - data current as of: 9/10/2026 2:01:02 AM Central Time\n\t\n\t\n\t\nBookmark this URL (not the site it takes you to): https://goto.optum.com/ActiveDirectoryInfo\nFor additional options, bookmark this url (not the site it takes you to): https://goto.optum.com/ActiveDirectoryInfo2\n\t\n\t\n\t\t\n\t\t\t\t\t\t\t\t\t\t\t\t\t\t\t\t\t\t\n\nEnabled\n\t\nEmployeeID\n\t\nMSID\n\t\nEmployee Name\n\t\nCorporate Email Box\n\t\nuht-IdentityManagment-Mail\n\t\nUserPrincipalName\n\t\nEmployee Type\n\t\nAccountType\n\t\nPostal Code\n\t\nDepartment\n\t\nManager EmployeeID\n\t\nManager MSID\n\t\nManager Name\n\t\nManager Email\n\t\nBusiness Unit\n\t\nOperating Unit\n\t\nLocation\n\t\nDepartment\n\n\nTRUE\n\t\n002204703\n\t\nntutela\n\t\nTutela, Nadine\n\t\nnadine_tutela@optum.com\n\t\nnadine_tutela@optum.com\n\t\nnadine_tutela@optum.com\n\t\nE\n\t\nP\n\t\nNJ006\n\t\nHome and Community Dept\n\t\n001138119\n\t\njbilley\n\t\nJacklyn Oladeji\n\t\njacklyn.oladeji@optum.com\n\t\n44310\n\t\n07601\n\t\nUSANJ800\n\t\n630030'], 'rowCount': 1, 'matched': False}, {'headers': ['Active Directory Search (MS domain)\n\xa0\n(data is refreshed once every 24 hours) - data current as of: 9/10/2026 2:01:02 AM Central Time\n\t\n\t\n\t\nBookmark this URL (not the site it takes you to): https://goto.optum.com/ActiveDirectoryInfo\nFor additional options, bookmark this url (not the site it takes you to): https://goto.optum.com/ActiveDirectoryInfo2\n\t\n\t\n\t\t\n\t\t\t\t\t\t\t\t\t\t\t\t\t\t\t\t\t\t\n\nEnabled\n\t\nEmployeeID\n\t\nMSID\n\t\nEmployee Name\n\t\nCorporate Email Box\n\t\nuht-IdentityManagment-Mail\n\t\nUserPrincipalName\n\t\nEmployee Type\n\t\nAccountType\n\t\nPostal Code\n\t\nDepartment\n\t\nManager EmployeeID\n\t\nManager MSID\n\t\nManager Name\n\t\nManager Email\n\t\nBusiness Unit\n\t\nOperating Unit\n\t\nLocation\n\t\nDepartment\n\n\nTRUE\n\t\n002204703\n\t\nntutela\n\t\nTutela, Nadine\n\t\nnadine_tutela@optum.com\n\t\nnadine_tutela@optum.com\n\t\nnadine_tutela@optum.com\n\t\nE\n\t\nP\n\t\nNJ006\n\t\nHome and Community Dept\n\t\n001138119\n\t\njbilley\n\t\nJacklyn Oladeji\n\t\njacklyn.oladeji@optum.com\n\t\n44310\n\t\n07601\n\t\nUSANJ800\n\t\n630030'], 'rowCount': 2, 'matched': False}, {'headers': ['Active Directory Search (MS domain)\n\xa0\n(data is refreshed once every 24 hours) - data current as of: 9/10/2026 2:01:02 AM Central Time\n\t\n\t\n\t\nBookmark this URL (not the site it takes you to): https://goto.optum.com/ActiveDirectoryInfo\nFor additional options, bookmark this url (not the site it takes you to): https://goto.optum.com/ActiveDirectoryInfo2\n\t\n\t\n\t\t\n\t\t\t\t\t\t\t\t\t\t\t\t\t\t\t\t\t\t\n\nEnabled\n\t\nEmployeeID\n\t\nMSID\n\t\nEmployee Name\n\t\nCorporate Email Box\n\t\nuht-IdentityManagment-Mail\n\t\nUserPrincipalName\n\t\nEmployee Type\n\t\nAccountType\n\t\nPostal Code\n\t\nDepartment\n\t\nManager EmployeeID\n\t\nManager MSID\n\t\nManager Name\n\t\nManager Email\n\t\nBusiness Unit\n\t\nOperating Unit\n\t\nLocation\n\t\nDepartment\n\n\nTRUE\n\t\n002204703\n\t\nntutela\n\t\nTutela, Nadine\n\t\nnadine_tutela@optum.com\n\t\nnadine_tutela@optum.com\n\t\nnadine_tutela@optum.com\n\t\nE\n\t\nP\n\t\nNJ006\n\t\nHome and Community Dept\n\t\n001138119\n\t\njbilley\n\t\nJacklyn Oladeji\n\t\njacklyn.oladeji@optum.com\n\t\n44310\n\t\n07601\n\t\nUSANJ800\n\t\n630030'], 'rowCount': 1, 'matched': False}, {'headers': ['', '', '', '', '', '', '', ''], 'rowCount': 7, 'matched': False}, {'headers': ['Enabled', 'EmployeeID', 'MSID', 'Employee Name', 'Corporate Email Box', 'uht-IdentityManagment-Mail', 'UserPrincipalName', 'Employee Type', 'AccountType', 'Postal Code', 'Department', 'Manager EmployeeID', 'Manager MSID', 'Manager Name', 'Manager Email', 'Business Unit', 'Operating Unit', 'Location', 'Department'], 'rowCount': 1, 'matched': True}]
2026-09-10 16:46:14 INFO    [MainThread] it_asset_app: WizardApp: closing (user closed the window)
2026-09-10 16:46:19 INFO    [MainThread] it_asset_app: WizardApp: closed
2026-09-10 16:46:34 INFO    [MainThread] it_asset_app: ======================================================================
2026-09-10 16:46:34 INFO    [MainThread] it_asset_app: App starting - log file: C:\Users\srajaamu\OneDrive - UHG\Topaz_automation\WorkFlow_Topaz\logs\app.log
2026-09-10 16:46:34 INFO    [MainThread] it_asset_app: Python: 3.14.7 | frozen: False
2026-09-10 16:46:34 INFO    [MainThread] it_asset_app: WizardApp: starting up. ad_lookup_mode='ssrs_report' use_topaz_pad=True bu_templates_folder='bu_templates'
2026-09-10 16:46:34 INFO    [MainThread] it_asset_app: WizardApp: GUI ready
2026-09-10 16:46:34 INFO    [Thread-1 (start)] it_asset_app: AD helper: launched new subprocess (pid=55176): ['C:\\Program Files\\Python314\\python.exe', 'C:\\Users\\srajaamu\\OneDrive - UHG\\Topaz_automation\\WorkFlow_Topaz\\app.py', '--webview-helper']
2026-09-10 16:46:35 INFO    [MainThread] it_asset_app: ======================================================================
2026-09-10 16:46:35 INFO    [MainThread] it_asset_app: App starting - log file: C:\Users\srajaamu\OneDrive - UHG\Topaz_automation\WorkFlow_Topaz\logs\app.log
2026-09-10 16:46:35 INFO    [MainThread] it_asset_app: Python: 3.14.7 | frozen: False
2026-09-10 16:46:35 INFO    [MainThread] it_asset_app: AD helper: subprocess started (pid=55176)
2026-09-10 16:46:43 INFO    [Thread-1 (stdin_reader)] it_asset_app: AD helper: received lookup request_id='71d2b8ff2465410dbe8ce9bf8c6bcd69' emp_id='000403325'
2026-09-10 16:46:43 INFO    [Thread-1 (stdin_reader)] it_asset_app: AD lookup: starting search for emp_id='000403325' (header_keyword='EmployeeID', name_column='Employee Name')
2026-09-10 16:46:43 DEBUG   [Thread-1 (stdin_reader)] it_asset_app: AD lookup: filled search textbox OK
2026-09-10 16:46:44 DEBUG   [Thread-1 (stdin_reader)] it_asset_app: AD lookup: clicked 'View Report' button OK
2026-09-10 16:46:54 DEBUG   [Thread-1 (stdin_reader)] it_asset_app: AD lookup: results table ready after 10.5s
2026-09-10 16:46:54 DEBUG   [Thread-1 (stdin_reader)] it_asset_app: AD lookup: extracted 1 row(s) via strategy='single-table'; tables seen on page: [{'headers': ['Loading...\nCancel\n\n\n\xa0\t\t\t\xa0\t\t\t\xa0\t\t\n\t\t\t\t\t\tSearch AD for MSID, EmployeeID, or Email Address (one entry per line)\t\n\t\n\t\n\t\t\n\n\n\n\n\t\t\n\t\t\t\tof\t\t0\t\t\n\t\t\n\t\n\t\nPage Width\nWhole Page\n500%\n200%\n150%\n100%\n75%\n50%\n25%\n10%\n\t\n\t\n\t\n\t\tFind\t\t\n\t\t|\t\tNext'], 'rowCount': 1, 'matched': False}, {'headers': ['', 'Loading...\nCancel'], 'rowCount': 1, 'matched': False}, {'headers': ['', '', ''], 'rowCount': 5, 'matched': False}, {'headers': ['Search AD for MSID, EmployeeID, or Email Address (one entry per line)', '', ''], 'rowCount': 1, 'matched': False}, {'headers': ['', '', '', '', '', '', '', '', ''], 'rowCount': 2, 'matched': False}, {'headers': ['', ''], 'rowCount': 1, 'matched': False}, {'headers': ['', '', '', '', '', '', 'of', '', '0', '', '', '', ''], 'rowCount': 1, 'matched': False}, {'headers': [''], 'rowCount': 1, 'matched': False}, {'headers': [''], 'rowCount': 1, 'matched': False}, {'headers': [''], 'rowCount': 1, 'matched': False}, {'headers': [''], 'rowCount': 1, 'matched': False}, {'headers': [''], 'rowCount': 1, 'matched': False}, {'headers': [''], 'rowCount': 1, 'matched': False}, {'headers': [''], 'rowCount': 1, 'matched': False}, {'headers': [''], 'rowCount': 1, 'matched': False}, {'headers': [''], 'rowCount': 1, 'matched': False}, {'headers': [''], 'rowCount': 1, 'matched': False}, {'headers': [''], 'rowCount': 1, 'matched': False}, {'headers': ['Page Width\nWhole Page\n500%\n200%\n150%\n100%\n75%\n50%\n25%\n10%'], 'rowCount': 1, 'matched': False}, {'headers': ['Word\n\t\t\t\t\t\t\t\t\t\n\t\t\t\t\t\t\t\t\t\tExcel\n\t\t\t\t\t\t\t\t\t\n\t\t\t\t\t\t\t\t\t\tPowerPoint\n\t\t\t\t\t\t\t\t\t\n\t\t\t\t\t\t\t\t\t\tPDF\n\t\t\t\t\t\t\t\t\t\n\t\t\t\t\t\t\t\t\t\tTIFF file\n\t\t\t\t\t\t\t\t\t\n\t\t\t\t\t\t\t\t\t\tMHTML (web archive)\n\t\t\t\t\t\t\t\t\t\n\t\t\t\t\t\t\t\t\t\tCSV (comma delimited)\n\t\t\t\t\t\t\t\t\t\n\t\t\t\t\t\t\t\t\t\tXML file with report data\n\t\t\t\t\t\t\t\t\t\n\t\t\t\t\t\t\t\t\t\tData Feed'], 'rowCount': 1, 'matched': False}, {'headers': [''], 'rowCount': 1, 'matched': False}, {'headers': [''], 'rowCount': 1, 'matched': False}, {'headers': [''], 'rowCount': 1, 'matched': False}, {'headers': [''], 'rowCount': 1, 'matched': False}, {'headers': ['', '', 'Find', '', '', '', '|', '', 'Next', '', ''], 'rowCount': 1, 'matched': False}, {'headers': ['Active Directory Search (MS domain)\xa0(data is refreshed once every 24 hours) - data current as of: 9/10/2026 2:01:02 AM Central TimeBookmark this URL (not the site it takes you to): https://goto.optum.com/ActiveDirectoryInfoFor additional options, bookmark this url (not the site it takes you to): https://goto.optum.com/ActiveDirectoryInfo2EnabledEmployeeIDMSIDEmployee NameCorporate Email Boxuht-IdentityManagment-MailUserPrincipalNameEmployee TypeAccountTypePostal CodeDepartmentManager EmployeeIDManager MSIDManager NameManager EmailBusiness UnitOperating UnitLocationDepartmentFALSE000403325dschmecSchmecker, Daniel L\xa0dschmeck@optum.comdschmec@ms.ds.uhc.comEPCT950Ent Tech Infra Pltfrms Svcs000012580\xa0\xa0\xa04477001510USACT805151530'], 'rowCount': 1, 'matched': False}, {'headers': ['Active Directory Search (MS domain)\xa0(data is refreshed once every 24 hours) - data current as of: 9/10/2026 2:01:02 AM Central TimeBookmark this URL (not the site it takes you to): https://goto.optum.com/ActiveDirectoryInfoFor additional options, bookmark this url (not the site it takes you to): https://goto.optum.com/ActiveDirectoryInfo2EnabledEmployeeIDMSIDEmployee NameCorporate Email Boxuht-IdentityManagment-MailUserPrincipalNameEmployee TypeAccountTypePostal CodeDepartmentManager EmployeeIDManager MSIDManager NameManager EmailBusiness UnitOperating UnitLocationDepartmentFALSE000403325dschmecSchmecker, Daniel L\xa0dschmeck@optum.comdschmec@ms.ds.uhc.comEPCT950Ent Tech Infra Pltfrms Svcs000012580\xa0\xa0\xa04477001510USACT805151530'], 'rowCount': 2, 'matched': False}, {'headers': ['Active Directory Search (MS domain)\xa0(data is refreshed once every 24 hours) - data current as of: 9/10/2026 2:01:02 AM Central TimeBookmark this URL (not the site it takes you to): https://goto.optum.com/ActiveDirectoryInfoFor additional options, bookmark this url (not the site it takes you to): https://goto.optum.com/ActiveDirectoryInfo2EnabledEmployeeIDMSIDEmployee NameCorporate Email Boxuht-IdentityManagment-MailUserPrincipalNameEmployee TypeAccountTypePostal CodeDepartmentManager EmployeeIDManager MSIDManager NameManager EmailBusiness UnitOperating UnitLocationDepartmentFALSE000403325dschmecSchmecker, Daniel L\xa0dschmeck@optum.comdschmec@ms.ds.uhc.comEPCT950Ent Tech Infra Pltfrms Svcs000012580\xa0\xa0\xa04477001510USACT805151530'], 'rowCount': 1, 'matched': False}, {'headers': ['', '', '', '', '', '', '', ''], 'rowCount': 7, 'matched': False}, {'headers': ['Enabled', 'EmployeeID', 'MSID', 'Employee Name', 'Corporate Email Box', 'uht-IdentityManagment-Mail', 'UserPrincipalName', 'Employee Type', 'AccountType', 'Postal Code', 'Department', 'Manager EmployeeID', 'Manager MSID', 'Manager Name', 'Manager Email', 'Business Unit', 'Operating Unit', 'Location', 'Department'], 'rowCount': 1, 'matched': True}]
2026-09-10 16:46:54 DEBUG   [Thread-1 (stdin_reader)] it_asset_app: AD lookup: raw extracted rows: [{'Enabled': 'FALSE', 'EmployeeID': '000403325', 'MSID': 'dschmec', 'Employee Name': 'Schmecker, Daniel L', 'Corporate Email Box': '', 'uht-IdentityManagment-Mail': 'dschmeck@optum.com', 'UserPrincipalName': 'dschmec@ms.ds.uhc.com', 'Employee Type': 'E', 'AccountType': 'P', 'Postal Code': 'CT950', 'Department': 'Ent Tech Infra Pltfrms Svcs', 'Manager EmployeeID': '000012580', 'Manager MSID': '', 'Manager Name': '', 'Manager Email': '', 'Business Unit': '44770', 'Operating Unit': '01510', 'Location': 'USACT805'}]
2026-09-10 16:46:54 DEBUG   [Thread-1 (stdin_reader)] it_asset_app: AD lookup: mapped fields from row: {'emp_name': 'Schmecker, Daniel L', 'manager_name': '', 'contact_number': '', 'department': 'Ent Tech Infra Pltfrms Svcs', 'email': 'dschmec@ms.ds.uhc.com', 'designation': 'E', 'msid': 'dschmec', 'employee_id_confirmed': '000403325', 'manager_email': '', 'manager_msid': '', 'manager_employee_id': '000012580', 'account_enabled': 'FALSE'}
2026-09-10 16:46:54 INFO    [Thread-1 (stdin_reader)] it_asset_app: AD lookup: SUCCESS for emp_id='000403325' - 1 candidate(s), emp_name='Schmecker, Daniel L' manager_name=''
2026-09-10 16:46:54 INFO    [Thread-1 (stdin_reader)] it_asset_app: AD helper: sending 1 candidate(s) back for request_id='71d2b8ff2465410dbe8ce9bf8c6bcd69'
2026-09-10 16:46:54 INFO    [Thread-1 (stdin_reader)] it_asset_app: AD helper: auto-hid lookup window after successful result (request_id='71d2b8ff2465410dbe8ce9bf8c6bcd69')
2026-09-10 16:47:51 INFO    [MainThread] it_asset_app: SignatureService.capture: use_topaz_pad=True, title='Employee: sign here'
2026-09-10 16:47:51 INFO    [MainThread] it_asset_app: Topaz: capture() starting
2026-09-10 16:47:51 DEBUG   [Thread-4 (worker)] it_asset_app: Topaz: ProgID 'TOPAZSIGPLUS.SigPlusCtrl.1' failed: (-2147221005, 'Invalid class string', None, None)
2026-09-10 16:47:51 INFO    [Thread-4 (worker)] it_asset_app: Topaz: connected via ProgID 'SigPlus.SigPlusCtrl.1'
2026-09-10 16:47:51 DEBUG   [Thread-4 (worker)] it_asset_app: Topaz: control exposes: ['AboutBox', 'AddSerialByte', 'Annotate', 'AsciiDataMode', 'AutoKeyAddData', 'AutoKeyData', 'AutoKeyFinish', 'AutoKeyStart', 'AutoTimeStamp', 'BackColor', 'BackgroundHandle', 'BitMapBufferByte', 'BitMapBufferClose', 'BitMapBufferSize', 'BitMapBufferWrite', 'BitmapHandle', 'Buffer', 'ByteIndex', 'ClearSigWindow', 'ClearTablet', 'CmdCount', 'CmdData', 'CmdString', 'CoordToUse', 'Coords', 'Data', 'Dest', 'DisableMessageBoxes', 'DisableTabletCapture', 'DisplayAnnotate', 'DisplayAnnotatePosX', 'DisplayAnnotatePosY', 'DisplayAnnotateSize', 'DisplayMode', 'DisplayPenWidth', 'DisplayRotate', 'DisplayRotateSave', 'DisplayTimeStamp', 'DisplayTimeStampPosX', 'DisplayTimeStampPosY', 'DisplayTimeStampSize', 'DisplayWindowRes', 'Enable', 'EnableTabletCapture', 'EnableTabletEncryption', 'EncryptionMode', 'EventMask', 'ExportSigFile', 'FaceName', 'Factor', 'FileName', 'FinalFactor', 'FitToWindow', 'ForeColor', 'Format', 'GetBadPointCounter', 'GetBitmapBufferBytes', 'GetEventEnableMask', 'GetImageScreenResolution', 'GetKey', 'GetKeyReceipt', 'GetKeyReceiptAscii', 'GetLCDSize', 'GetLCDStringSize', 'GetNumPointsForStroke', 'GetNumberOfAttachedTablets', 'GetNumberOfHotSpotPoints', 'GetNumberOfStrokes', 'GetOposPointArray', 'GetOposTotalPoints', 'GetPointPValue', 'GetPointTValue', 'GetPointXValue', 'GetPointYValue', 'GetSavePressureData', 'GetSaveTimeData', 'GetSerialNumberToUse', 'GetSigData', 'GetSigPlusVersionString', 'GetSigReceipt', 'GetSigReceiptAscii', 'GetTabletModelNumber', 'GetTabletPortPath', 'GetTabletSerialNumber', 'GetTrackGemField', 'GreyGain', 'GreyOffset', 'Height', 'HexString', 'HighlightPoint', 'HighlightStroke', 'HostMode', 'IPAddress', 'ImageAnnotate', 'ImageAnnotatePosX', 'ImageAnnotatePosY', 'ImageAnnotateSize', 'ImageFileFormat', 'ImageFileName', 'ImagePenWidth', 'ImageTimeStamp', 'ImageTimeStampPosX', 'ImageTimeStampPosY', 'ImageTimeStampSize', 'ImageXSize', 'ImageYSize', 'ImportSigFile', 'Index', 'InitSigPlus', 'Inside', 'Italic', 'JustifyMode', 'JustifyX', 'JustifyY', 'KeyCode', 'KeyData', 'KeyPadAddHotSpot', 'KeyPadClearHotSpotList', 'KeyPadEnableTapOnly', 'KeyPadQueryHotSpot', 'KeyString', 'LCDCaptureMode', 'LCDCompEnable', 'LCDCompFast', 'LCDCompMode', 'LCDCompSlow', 'LCDCreateImage', 'LCDPlayVideo', 'LCDRefresh', 'LCDSendCmdString', 'LCDSendCommandData', 'LCDSendImage', 'LCDSetFont', 'LCDSetTabletMap', 'LCDSetWindow', 'LCDStopVideo', 'LCDTiffAdd', 'LCDTiffStart', 'LCDTiffWrite', 'LCDType', 'LCDWriteBitmap', 'LCDWriteFile', 'LCDWriteString', 'LCDWriteStringToImage', 'LCDWriteWindowedBitmap', 'LCDXSize', 'LCDXStart', 'LCDXStop', 'LCDYSize', 'LCDYStart', 'LCDYStop', 'LCDZCompMode', 'LineScale', 'LoadTrackGemSig', 'LogEnable', 'LogFilePath', 'MapPoints', 'Message', 'Mode', 'NewPath', 'NewPixelDepth', 'NewPortPath', 'NewValue', 'NumberOfTabletPoints', 'Offset', 'OpaqueMode', 'Param', 'PitchAndFamily', 'PointArray', 'PointIdx', 'PointNumber', 'PortNumber', 'ReplayMode', 'RetryCount', 'ReturnCount', 'SaveSigInfo', 'SerialByte', 'SetAntiAliasEnable', 'SetAntiAliasParameters', 'SetBackground', 'SetBackgroundHandle', 'SetDisplayAnnotateData', 'SetDisplayTimeStampData', 'SetDynamicPressure', 'SetEnableColor', 'SetEventEnableMask', 'SetGreyScaleParams', 'SetIPAddress', 'SetImageAnnotateData', 'SetImageScreenResolution', 'SetImageTimeStampData', 'SetKey', 'SetLCDCompression', 'SetLCDCompressionParameters', 'SetLCDPixelDepth', 'SetLCDRetryCount', 'SetLCDTransferDelay', 'SetLCDTransferSize', 'SetLCDType', 'SetLocalIniFilePath', 'SetLogEnable', 'SetLogFilePath', 'SetMultiUsbEnable', 'SetPressureMap', 'SetPressureMapPoints', 'SetSavePressureData', 'SetSaveTimeData', 'SetSerialNumberToUse', 'SetSigData', 'SetSigSocketPort', 'SetSigWindow', 'SetSpecialCloseDelay', 'SetTabletEncryptionModes', 'SetTabletPortPath', 'SetTranslateBitmapEnable', 'SetUseSHA2Hash', 'SetWMFTempPath', 'SigCompressionMode', 'SigData', 'SigMessage', 'SigSetFont', 'SigString', 'Size', 'SpotSize', 'State', 'Str', 'StrokeIdx', 'StrokeNumber', 'TabletBaudRate', 'TabletClippingMode', 'TabletComPort', 'TabletComTest', 'TabletConnectQuery', 'TabletFilterPoints', 'TabletGraphic', 'TabletGraphicFile', 'TabletIndex', 'TabletInvisible', 'TabletLCDMode', 'TabletLogicalXSize', 'TabletLogicalYSize', 'TabletMode', 'TabletModelNumber', 'TabletResolution', 'TabletRotation', 'TabletSerialNumber', 'TabletState', 'TabletText', 'TabletTextFile', 'TabletTimer', 'TabletTimingAdvance', 'TabletType', 'TabletXStart', 'TabletXStop', 'TabletYStart', 'TabletYStop', 'TestFunction', 'TimeOut', 'TimeStamp', 'TransferDelay', 'TransferSize', 'Underline', 'Value', 'Velocity0', 'VelocityRange', 'VideoNumber', 'Weight', 'Width', 'WriteImageFile', 'X', 'XPos', 'XSize', 'Y', 'YPos', 'YSize', 'ZoomPower', 'ZoomX', 'ZoomY']
2026-09-10 16:47:51 DEBUG   [Thread-4 (worker)] it_asset_app: Topaz: arming the pad (hwnd=2169200)
2026-09-10 16:47:52 ERROR   [Thread-4 (worker)] it_asset_app: Topaz: failed to connect/arm the pad
Traceback (most recent call last):
  File "C:\Users\srajaamu\OneDrive - UHG\Topaz_automation\WorkFlow_Topaz\app.py", line 2599, in worker
    self._set_tablet_state(sig, 1, hwnd)
    ~~~~~~~~~~~~~~~~~~~~~~^^^^^^^^^^^^^^
  File "C:\Users\srajaamu\OneDrive - UHG\Topaz_automation\WorkFlow_Topaz\app.py", line 2384, in _set_tablet_state
    raise TopazNotAvailable(
    ...<2 lines>...
    )
TopazNotAvailable: This SigPlus build did not accept any known way of turning the pad on/off. Tried - SetTabletState(state, hwnd): SigPlus.SigPlusCtrl.1.SetTabletState | SetTabletState(state): SigPlus.SigPlusCtrl.1.SetTabletState | TabletState property: TabletState did not stick (wrote 1, read back 0)
2026-09-10 16:47:52 WARNING [MainThread] it_asset_app: Topaz pad not available, falling back to on-screen signing: Topaz pad did not respond (This SigPlus build did not accept any known way of turning the pad on/off. Tried - SetTabletState(state, hwnd): SigPlus.SigPlusCtrl.1.SetTabletState | SetTabletState(state): SigPlus.SigPlusCtrl.1.SetTabletState | TabletState property: TabletState did not stick (wrote 1, read back 0)).
2026-09-10 16:47:56 INFO    [MainThread] it_asset_app: SignatureService.capture: on-screen canvas path returned 'C:\\Users\\srajaamu\\AppData\\Local\\Temp\\sig_70a16103ae3a4aa69d098807f9899ce7.png'
2026-09-10 16:47:57 INFO    [MainThread] it_asset_app: SignatureService.capture: use_topaz_pad=True, title='Asset Receiver: sign here'
2026-09-10 16:47:57 INFO    [MainThread] it_asset_app: Topaz: capture() starting
2026-09-10 16:47:57 DEBUG   [Thread-5 (worker)] it_asset_app: Topaz: ProgID 'TOPAZSIGPLUS.SigPlusCtrl.1' failed: (-2147221005, 'Invalid class string', None, None)
2026-09-10 16:47:57 INFO    [Thread-5 (worker)] it_asset_app: Topaz: connected via ProgID 'SigPlus.SigPlusCtrl.1'
2026-09-10 16:47:57 DEBUG   [Thread-5 (worker)] it_asset_app: Topaz: control exposes: ['AboutBox', 'AddSerialByte', 'Annotate', 'AsciiDataMode', 'AutoKeyAddData', 'AutoKeyData', 'AutoKeyFinish', 'AutoKeyStart', 'AutoTimeStamp', 'BackColor', 'BackgroundHandle', 'BitMapBufferByte', 'BitMapBufferClose', 'BitMapBufferSize', 'BitMapBufferWrite', 'BitmapHandle', 'Buffer', 'ByteIndex', 'ClearSigWindow', 'ClearTablet', 'CmdCount', 'CmdData', 'CmdString', 'CoordToUse', 'Coords', 'Data', 'Dest', 'DisableMessageBoxes', 'DisableTabletCapture', 'DisplayAnnotate', 'DisplayAnnotatePosX', 'DisplayAnnotatePosY', 'DisplayAnnotateSize', 'DisplayMode', 'DisplayPenWidth', 'DisplayRotate', 'DisplayRotateSave', 'DisplayTimeStamp', 'DisplayTimeStampPosX', 'DisplayTimeStampPosY', 'DisplayTimeStampSize', 'DisplayWindowRes', 'Enable', 'EnableTabletCapture', 'EnableTabletEncryption', 'EncryptionMode', 'EventMask', 'ExportSigFile', 'FaceName', 'Factor', 'FileName', 'FinalFactor', 'FitToWindow', 'ForeColor', 'Format', 'GetBadPointCounter', 'GetBitmapBufferBytes', 'GetEventEnableMask', 'GetImageScreenResolution', 'GetKey', 'GetKeyReceipt', 'GetKeyReceiptAscii', 'GetLCDSize', 'GetLCDStringSize', 'GetNumPointsForStroke', 'GetNumberOfAttachedTablets', 'GetNumberOfHotSpotPoints', 'GetNumberOfStrokes', 'GetOposPointArray', 'GetOposTotalPoints', 'GetPointPValue', 'GetPointTValue', 'GetPointXValue', 'GetPointYValue', 'GetSavePressureData', 'GetSaveTimeData', 'GetSerialNumberToUse', 'GetSigData', 'GetSigPlusVersionString', 'GetSigReceipt', 'GetSigReceiptAscii', 'GetTabletModelNumber', 'GetTabletPortPath', 'GetTabletSerialNumber', 'GetTrackGemField', 'GreyGain', 'GreyOffset', 'Height', 'HexString', 'HighlightPoint', 'HighlightStroke', 'HostMode', 'IPAddress', 'ImageAnnotate', 'ImageAnnotatePosX', 'ImageAnnotatePosY', 'ImageAnnotateSize', 'ImageFileFormat', 'ImageFileName', 'ImagePenWidth', 'ImageTimeStamp', 'ImageTimeStampPosX', 'ImageTimeStampPosY', 'ImageTimeStampSize', 'ImageXSize', 'ImageYSize', 'ImportSigFile', 'Index', 'InitSigPlus', 'Inside', 'Italic', 'JustifyMode', 'JustifyX', 'JustifyY', 'KeyCode', 'KeyData', 'KeyPadAddHotSpot', 'KeyPadClearHotSpotList', 'KeyPadEnableTapOnly', 'KeyPadQueryHotSpot', 'KeyString', 'LCDCaptureMode', 'LCDCompEnable', 'LCDCompFast', 'LCDCompMode', 'LCDCompSlow', 'LCDCreateImage', 'LCDPlayVideo', 'LCDRefresh', 'LCDSendCmdString', 'LCDSendCommandData', 'LCDSendImage', 'LCDSetFont', 'LCDSetTabletMap', 'LCDSetWindow', 'LCDStopVideo', 'LCDTiffAdd', 'LCDTiffStart', 'LCDTiffWrite', 'LCDType', 'LCDWriteBitmap', 'LCDWriteFile', 'LCDWriteString', 'LCDWriteStringToImage', 'LCDWriteWindowedBitmap', 'LCDXSize', 'LCDXStart', 'LCDXStop', 'LCDYSize', 'LCDYStart', 'LCDYStop', 'LCDZCompMode', 'LineScale', 'LoadTrackGemSig', 'LogEnable', 'LogFilePath', 'MapPoints', 'Message', 'Mode', 'NewPath', 'NewPixelDepth', 'NewPortPath', 'NewValue', 'NumberOfTabletPoints', 'Offset', 'OpaqueMode', 'Param', 'PitchAndFamily', 'PointArray', 'PointIdx', 'PointNumber', 'PortNumber', 'ReplayMode', 'RetryCount', 'ReturnCount', 'SaveSigInfo', 'SerialByte', 'SetAntiAliasEnable', 'SetAntiAliasParameters', 'SetBackground', 'SetBackgroundHandle', 'SetDisplayAnnotateData', 'SetDisplayTimeStampData', 'SetDynamicPressure', 'SetEnableColor', 'SetEventEnableMask', 'SetGreyScaleParams', 'SetIPAddress', 'SetImageAnnotateData', 'SetImageScreenResolution', 'SetImageTimeStampData', 'SetKey', 'SetLCDCompression', 'SetLCDCompressionParameters', 'SetLCDPixelDepth', 'SetLCDRetryCount', 'SetLCDTransferDelay', 'SetLCDTransferSize', 'SetLCDType', 'SetLocalIniFilePath', 'SetLogEnable', 'SetLogFilePath', 'SetMultiUsbEnable', 'SetPressureMap', 'SetPressureMapPoints', 'SetSavePressureData', 'SetSaveTimeData', 'SetSerialNumberToUse', 'SetSigData', 'SetSigSocketPort', 'SetSigWindow', 'SetSpecialCloseDelay', 'SetTabletEncryptionModes', 'SetTabletPortPath', 'SetTranslateBitmapEnable', 'SetUseSHA2Hash', 'SetWMFTempPath', 'SigCompressionMode', 'SigData', 'SigMessage', 'SigSetFont', 'SigString', 'Size', 'SpotSize', 'State', 'Str', 'StrokeIdx', 'StrokeNumber', 'TabletBaudRate', 'TabletClippingMode', 'TabletComPort', 'TabletComTest', 'TabletConnectQuery', 'TabletFilterPoints', 'TabletGraphic', 'TabletGraphicFile', 'TabletIndex', 'TabletInvisible', 'TabletLCDMode', 'TabletLogicalXSize', 'TabletLogicalYSize', 'TabletMode', 'TabletModelNumber', 'TabletResolution', 'TabletRotation', 'TabletSerialNumber', 'TabletState', 'TabletText', 'TabletTextFile', 'TabletTimer', 'TabletTimingAdvance', 'TabletType', 'TabletXStart', 'TabletXStop', 'TabletYStart', 'TabletYStop', 'TestFunction', 'TimeOut', 'TimeStamp', 'TransferDelay', 'TransferSize', 'Underline', 'Value', 'Velocity0', 'VelocityRange', 'VideoNumber', 'Weight', 'Width', 'WriteImageFile', 'X', 'XPos', 'XSize', 'Y', 'YPos', 'YSize', 'ZoomPower', 'ZoomX', 'ZoomY']
2026-09-10 16:47:57 DEBUG   [Thread-5 (worker)] it_asset_app: Topaz: arming the pad (hwnd=2169200)
2026-09-10 16:47:59 ERROR   [Thread-5 (worker)] it_asset_app: Topaz: failed to connect/arm the pad
Traceback (most recent call last):
  File "C:\Users\srajaamu\OneDrive - UHG\Topaz_automation\WorkFlow_Topaz\app.py", line 2599, in worker
    self._set_tablet_state(sig, 1, hwnd)
    ~~~~~~~~~~~~~~~~~~~~~~^^^^^^^^^^^^^^
  File "C:\Users\srajaamu\OneDrive - UHG\Topaz_automation\WorkFlow_Topaz\app.py", line 2384, in _set_tablet_state
    raise TopazNotAvailable(
    ...<2 lines>...
    )
TopazNotAvailable: This SigPlus build did not accept any known way of turning the pad on/off. Tried - SetTabletState(state, hwnd): SigPlus.SigPlusCtrl.1.SetTabletState | SetTabletState(state): SigPlus.SigPlusCtrl.1.SetTabletState | TabletState property: TabletState did not stick (wrote 1, read back 0)
2026-09-10 16:47:59 WARNING [MainThread] it_asset_app: Topaz pad not available, falling back to on-screen signing: Topaz pad did not respond (This SigPlus build did not accept any known way of turning the pad on/off. Tried - SetTabletState(state, hwnd): SigPlus.SigPlusCtrl.1.SetTabletState | SetTabletState(state): SigPlus.SigPlusCtrl.1.SetTabletState | TabletState property: TabletState did not stick (wrote 1, read back 0)).
2026-09-10 16:48:03 INFO    [MainThread] it_asset_app: SignatureService.capture: on-screen canvas path returned 'C:\\Users\\srajaamu\\AppData\\Local\\Temp\\sig_0edc0c7c3c99406a9334d12eb1b1e181.png'
2026-09-10 16:49:34 INFO    [MainThread] it_asset_app: Generate clicked: emp_id='000403325' bu='Embassy_ii033' submission_type='New Hire'
2026-09-10 16:49:36 INFO    [MainThread] it_asset_app: Generate: form validation failed, stopping
2026-09-10 16:49:47 INFO    [MainThread] it_asset_app: Generate clicked: emp_id='000403325' bu='Embassy_ii033' submission_type='New Hire'
2026-09-10 16:50:35 INFO    [MainThread] it_asset_app: Generate clicked: emp_id='000403325' bu='Embassy_ii033' submission_type='New Hire'
2026-09-10 16:50:35 INFO    [MainThread] it_asset_app: fill_docx: starting for 'C:\\Users\\srajaamu\\OneDrive - UHG\\Topaz_automation\\WorkFlow_Topaz\\bu_templates\\3a1864d284\\fillable.docx' -> 'C:\\Users\\srajaamu\\AppData\\Local\\Temp\\itasset_zj2p7rv7\\filled.docx' (fields=10, checked_tags=['Charger', 'LaptopBag', 'Mouse', 'NewHire'], signatures={'EmployeeSignature': True, 'AssetReceiverSignature': True})
2026-09-10 16:50:35 INFO    [MainThread] it_asset_app: fill_docx: SUCCESS -> 'C:\\Users\\srajaamu\\AppData\\Local\\Temp\\itasset_zj2p7rv7\\filled.docx'
2026-09-10 16:50:35 INFO    [MainThread] it_asset_app: Word export: starting for 'C:\\Users\\srajaamu\\AppData\\Local\\Temp\\itasset_zj2p7rv7\\filled.docx' -> 'C:\\Users\\srajaamu\\AppData\\Local\\Temp\\itasset_zj2p7rv7\\unsigned.pdf'
2026-09-10 16:50:35 DEBUG   [MainThread] it_asset_app: Word export: launching Word.Application (DispatchEx)
2026-09-10 16:50:39 DEBUG   [MainThread] it_asset_app: Word export: opening 'C:\\Users\\srajaamu\\AppData\\Local\\Temp\\itasset_zj2p7rv7\\filled.docx'
2026-09-10 16:50:40 DEBUG   [MainThread] it_asset_app: Word export: saving as PDF -> 'C:\\Users\\srajaamu\\AppData\\Local\\Temp\\itasset_zj2p7rv7\\unsigned.pdf'
2026-09-10 16:50:41 INFO    [MainThread] it_asset_app: Word export: SUCCESS -> 'C:\\Users\\srajaamu\\AppData\\Local\\Temp\\itasset_zj2p7rv7\\unsigned.pdf' (5.8s)
2026-09-10 16:50:45 INFO    [MainThread] it_asset_app: Signing: starting for 'C:\\Users\\srajaamu\\AppData\\Local\\Temp\\itasset_zj2p7rv7\\unsigned.pdf' -> 'C:/Users/srajaamu/Desktop/topaz/000403325_Schmecker__Daniel_L_10-Sep-2026.pdf' (2 signature field(s): ['EmployeeSignature', 'AssetReceiverSignature'])
2026-09-10 16:50:46 DEBUG   [MainThread] it_asset_app: Signing: detected 2 on-page signature box(es)
2026-09-10 16:50:46 DEBUG   [MainThread] it_asset_app: Signing: applied field 'EmployeeSignature' (box=(291.85, 286.58, 433.45000000000005, 333.78)) -> 'C:/Users/srajaamu/Desktop/topaz/000403325_Schmecker__Daniel_L_10-Sep-2026.pdf.step0.pdf'
2026-09-10 16:50:46 DEBUG   [MainThread] it_asset_app: Signing: applied field 'AssetReceiverSignature' (box=(291.85, 238.88, 433.45000000000005, 286.08)) -> 'C:/Users/srajaamu/Desktop/topaz/000403325_Schmecker__Daniel_L_10-Sep-2026.pdf'
2026-09-10 16:50:46 INFO    [MainThread] it_asset_app: Signing: SUCCESS -> 'C:/Users/srajaamu/Desktop/topaz/000403325_Schmecker__Daniel_L_10-Sep-2026.pdf' (1.0s)
2026-09-10 16:50:46 INFO    [MainThread] it_asset_app: Generate SUCCESS for emp_id='000403325' -> C:/Users/srajaamu/Desktop/topaz/000403325_Schmecker__Daniel_L_10-Sep-2026.pdf
2026-09-12 07:22:59 INFO    [MainThread] it_asset_app: ======================================================================
2026-09-12 07:22:59 INFO    [MainThread] it_asset_app: App starting - log file: C:\Users\srajaamu\OneDrive - UHG\Topaz_automation\WorkFlow_Topaz\logs\app.log
2026-09-12 07:22:59 INFO    [MainThread] it_asset_app: Python: 3.14.7 | frozen: False
2026-09-12 07:22:59 INFO    [MainThread] it_asset_app: WizardApp: starting up. ad_lookup_mode='ssrs_report' use_topaz_pad=True bu_templates_folder='bu_templates' root_save_folder='' operator_name=''
2026-09-12 07:22:59 INFO    [MainThread] it_asset_app: WizardApp: GUI ready
2026-09-12 07:22:59 INFO    [Thread-2 (worker)] it_asset_app: SSRS asset report: downloading (force=False) -> 'C:\\Users\\srajaamu\\OneDrive - UHG\\Topaz_automation\\WorkFlow_Topaz\\cache\\ssrs_asset_report.xlsx'
2026-09-12 07:22:59 INFO    [Thread-1 (start)] it_asset_app: AD helper: launched new subprocess (pid=54696): ['C:\\Program Files\\Python314\\python.exe', 'C:\\Users\\srajaamu\\OneDrive - UHG\\Topaz_automation\\WorkFlow_Topaz\\app.py', '--webview-helper']
2026-09-12 07:22:59 INFO    [MainThread] it_asset_app: Startup health check: [('Microsoft Word', True, ''), ('Signing Certificate', True, ''), ('SSRS Asset Report', False, 'Not Available'), ('Save Folder', False, "[WinError 5] Access is denied: 'C:\\\\AssetForms'"), ('BU Templates', True, '5 loaded')]
2026-09-12 07:23:00 INFO    [MainThread] it_asset_app: ======================================================================
2026-09-12 07:23:00 INFO    [MainThread] it_asset_app: App starting - log file: C:\Users\srajaamu\OneDrive - UHG\Topaz_automation\WorkFlow_Topaz\logs\app.log
2026-09-12 07:23:00 INFO    [MainThread] it_asset_app: Python: 3.14.7 | frozen: False
2026-09-12 07:23:00 INFO    [MainThread] it_asset_app: AD helper: subprocess started (pid=54696)
2026-09-12 07:23:00 ERROR   [Thread-2 (worker)] it_asset_app: SSRS asset report: download failed (will try existing cache, if any)
Traceback (most recent call last):
  File "C:\Users\srajaamu\AppData\Roaming\Python\Python314\site-packages\urllib3\connectionpool.py", line 464, in _make_request
    self._validate_conn(conn)
    ~~~~~~~~~~~~~~~~~~~^^^^^^
  File "C:\Users\srajaamu\AppData\Roaming\Python\Python314\site-packages\urllib3\connectionpool.py", line 1106, in _validate_conn
    conn.connect()
    ~~~~~~~~~~~~^^
  File "C:\Users\srajaamu\AppData\Roaming\Python\Python314\site-packages\urllib3\connection.py", line 796, in connect
    sock_and_verified = _ssl_wrap_socket_and_match_hostname(
        sock=sock,
    ...<14 lines>...
        assert_fingerprint=self.assert_fingerprint,
    )
  File "C:\Users\srajaamu\AppData\Roaming\Python\Python314\site-packages\urllib3\connection.py", line 975, in _ssl_wrap_socket_and_match_hostname
    ssl_sock = ssl_wrap_socket(
        sock=sock,
    ...<8 lines>...
        tls_in_tls=tls_in_tls,
    )
  File "C:\Users\srajaamu\AppData\Roaming\Python\Python314\site-packages\urllib3\util\ssl_.py", line 433, in ssl_wrap_socket
    ssl_sock = _ssl_wrap_socket_impl(sock, context, tls_in_tls, server_hostname)
  File "C:\Users\srajaamu\AppData\Roaming\Python\Python314\site-packages\urllib3\util\ssl_.py", line 477, in _ssl_wrap_socket_impl
    return ssl_context.wrap_socket(sock, server_hostname=server_hostname)
           ~~~~~~~~~~~~~~~~~~~~~~~^^^^^^^^^^^^^^^^^^^^^^^^^^^^^^^^^^^^^^^
  File "C:\Program Files\Python314\Lib\ssl.py", line 455, in wrap_socket
    return self.sslsocket_class._create(
           ~~~~~~~~~~~~~~~~~~~~~~~~~~~~^
        sock=sock,
        ^^^^^^^^^^
    ...<5 lines>...
        session=session
        ^^^^^^^^^^^^^^^
    )
    ^
  File "C:\Program Files\Python314\Lib\ssl.py", line 1076, in _create
    self.do_handshake()
    ~~~~~~~~~~~~~~~~~^^
  File "C:\Program Files\Python314\Lib\ssl.py", line 1372, in do_handshake
    self._sslobj.do_handshake()
    ~~~~~~~~~~~~~~~~~~~~~~~~~^^
ssl.SSLCertVerificationError: [SSL: CERTIFICATE_VERIFY_FAILED] certificate verify failed: self-signed certificate in certificate chain (_ssl.c:1082)

During handling of the above exception, another exception occurred:

Traceback (most recent call last):
  File "C:\Users\srajaamu\AppData\Roaming\Python\Python314\site-packages\urllib3\connectionpool.py", line 788, in urlopen
    response = self._make_request(
        conn,
    ...<10 lines>...
        **response_kw,
    )
  File "C:\Users\srajaamu\AppData\Roaming\Python\Python314\site-packages\urllib3\connectionpool.py", line 488, in _make_request
    raise new_e
urllib3.exceptions.SSLError: [SSL: CERTIFICATE_VERIFY_FAILED] certificate verify failed: self-signed certificate in certificate chain (_ssl.c:1082)

The above exception was the direct cause of the following exception:

Traceback (most recent call last):
  File "C:\Users\srajaamu\AppData\Roaming\Python\Python314\site-packages\requests\adapters.py", line 696, in send
    resp = conn.urlopen(
        method=request.method,
    ...<9 lines>...
        chunked=chunked,
    )
  File "C:\Users\srajaamu\AppData\Roaming\Python\Python314\site-packages\urllib3\connectionpool.py", line 842, in urlopen
    retries = retries.increment(
        method, url, error=new_e, _pool=self, _stacktrace=sys.exc_info()[2]
    )
  File "C:\Users\srajaamu\AppData\Roaming\Python\Python314\site-packages\urllib3\util\retry.py", line 543, in increment
    raise MaxRetryError(_pool, url, reason) from reason  # type: ignore[arg-type]
    ^^^^^^^^^^^^^^^^^^^^^^^^^^^^^^^^^^^^^^^^^^^^^^^^^^^
urllib3.exceptions.MaxRetryError: HTTPSConnectionPool(host='orbit-ssrs-prod-int.optum.com', port=443): Max retries exceeded with url: /ReportServer?/Optum%20ET/EUTS%20Dev%20Ops/EUTSDReporting/TransferredFromPowerBIReportServer/CheckInTool-ShippingCenterReports/DDT%20Open%20Requests%20by%20Status%20Raw%20Data&rs:Format=EXCELOPENXML (Caused by SSLError(SSLCertVerificationError(1, '[SSL: CERTIFICATE_VERIFY_FAILED] certificate verify failed: self-signed certificate in certificate chain (_ssl.c:1082)')))

During handling of the above exception, another exception occurred:

Traceback (most recent call last):
  File "C:\Users\srajaamu\OneDrive - UHG\Topaz_automation\WorkFlow_Topaz\app.py", line 3466, in download_ssrs_asset_report
    resp = requests.get(url, auth=auth, timeout=timeout)
  File "C:\Users\srajaamu\AppData\Roaming\Python\Python314\site-packages\requests\api.py", line 87, in get
    return request("get", url, params=params, **kwargs)
  File "C:\Users\srajaamu\AppData\Roaming\Python\Python314\site-packages\requests\api.py", line 71, in request
    return session.request(method=method, url=url, **kwargs)
           ~~~~~~~~~~~~~~~^^^^^^^^^^^^^^^^^^^^^^^^^^^^^^^^^^
  File "C:\Users\srajaamu\AppData\Roaming\Python\Python314\site-packages\requests\sessions.py", line 651, in request
    resp = self.send(prep, **send_kwargs)
  File "C:\Users\srajaamu\AppData\Roaming\Python\Python314\site-packages\requests\sessions.py", line 784, in send
    r = adapter.send(request, **kwargs)
  File "C:\Users\srajaamu\AppData\Roaming\Python\Python314\site-packages\requests\adapters.py", line 727, in send
    raise SSLError(e, request=request)
requests.exceptions.SSLError: HTTPSConnectionPool(host='orbit-ssrs-prod-int.optum.com', port=443): Max retries exceeded with url: /ReportServer?/Optum%20ET/EUTS%20Dev%20Ops/EUTSDReporting/TransferredFromPowerBIReportServer/CheckInTool-ShippingCenterReports/DDT%20Open%20Requests%20by%20Status%20Raw%20Data&rs:Format=EXCELOPENXML (Caused by SSLError(SSLCertVerificationError(1, '[SSL: CERTIFICATE_VERIFY_FAILED] certificate verify failed: self-signed certificate in certificate chain (_ssl.c:1082)')))

The above exception was the direct cause of the following exception:

Traceback (most recent call last):
  File "C:\Users\srajaamu\OneDrive - UHG\Topaz_automation\WorkFlow_Topaz\app.py", line 3834, in worker
    download_ssrs_asset_report(url, cache_path)
    ~~~~~~~~~~~~~~~~~~~~~~~~~~^^^^^^^^^^^^^^^^^
  File "C:\Users\srajaamu\OneDrive - UHG\Topaz_automation\WorkFlow_Topaz\app.py", line 3469, in download_ssrs_asset_report
    raise RuntimeError(
    ...<2 lines>...
    ) from exc
RuntimeError: Could not reach the SSRS report server:
https://orbit-ssrs-prod-int.optum.com/ReportServer?/Optum%20ET/EUTS%20Dev%20Ops/EUTSDReporting/TransferredFromPowerBIReportServer/CheckInTool-ShippingCenterReports/DDT%20Open%20Requests%20by%20Status%20Raw%20Data&rs:Format=EXCELOPENXML

Check that you're connected to the corporate network/VPN.
2026-09-12 07:23:01 INFO    [MainThread] it_asset_app: SSRS asset report: status='Download Failed' records=0 error="Could not reach the SSRS report server:\nhttps://orbit-ssrs-prod-int.optum.com/ReportServer?/Optum%20ET/EUTS%20Dev%20Ops/EUTSDReporting/TransferredFromPowerBIReportServer/CheckInTool-ShippingCenterReports/DDT%20Open%20Requests%20by%20Status%20Raw%20Data&rs:Format=EXCELOPENXML\n\nCheck that you're connected to the corporate network/VPN."
2026-09-12 07:25:00 INFO    [MainThread] it_asset_app: User settings: saved to 'C:\\Users\\srajaamu\\AppData\\Roaming\\ITAssetSubmissionForm\\user_settings.json' (root_save_folder='Z:/Topaz_auto', operator_name='Sriram', business_unit='Embassy_ii033')
2026-09-12 07:25:20 INFO    [Thread-4 (worker)] it_asset_app: SSRS asset report: downloading (force=True) -> 'C:\\Users\\srajaamu\\OneDrive - UHG\\Topaz_automation\\WorkFlow_Topaz\\cache\\ssrs_asset_report.xlsx'
2026-09-12 07:25:22 ERROR   [Thread-4 (worker)] it_asset_app: SSRS asset report: download failed (will try existing cache, if any)
Traceback (most recent call last):
  File "C:\Users\srajaamu\AppData\Roaming\Python\Python314\site-packages\urllib3\connectionpool.py", line 464, in _make_request
    self._validate_conn(conn)
    ~~~~~~~~~~~~~~~~~~~^^^^^^
  File "C:\Users\srajaamu\AppData\Roaming\Python\Python314\site-packages\urllib3\connectionpool.py", line 1106, in _validate_conn
    conn.connect()
    ~~~~~~~~~~~~^^
  File "C:\Users\srajaamu\AppData\Roaming\Python\Python314\site-packages\urllib3\connection.py", line 796, in connect
    sock_and_verified = _ssl_wrap_socket_and_match_hostname(
        sock=sock,
    ...<14 lines>...
        assert_fingerprint=self.assert_fingerprint,
    )
  File "C:\Users\srajaamu\AppData\Roaming\Python\Python314\site-packages\urllib3\connection.py", line 975, in _ssl_wrap_socket_and_match_hostname
    ssl_sock = ssl_wrap_socket(
        sock=sock,
    ...<8 lines>...
        tls_in_tls=tls_in_tls,
    )
  File "C:\Users\srajaamu\AppData\Roaming\Python\Python314\site-packages\urllib3\util\ssl_.py", line 433, in ssl_wrap_socket
    ssl_sock = _ssl_wrap_socket_impl(sock, context, tls_in_tls, server_hostname)
  File "C:\Users\srajaamu\AppData\Roaming\Python\Python314\site-packages\urllib3\util\ssl_.py", line 477, in _ssl_wrap_socket_impl
    return ssl_context.wrap_socket(sock, server_hostname=server_hostname)
           ~~~~~~~~~~~~~~~~~~~~~~~^^^^^^^^^^^^^^^^^^^^^^^^^^^^^^^^^^^^^^^
  File "C:\Program Files\Python314\Lib\ssl.py", line 455, in wrap_socket
    return self.sslsocket_class._create(
           ~~~~~~~~~~~~~~~~~~~~~~~~~~~~^
        sock=sock,
        ^^^^^^^^^^
    ...<5 lines>...
        session=session
        ^^^^^^^^^^^^^^^
    )
    ^
  File "C:\Program Files\Python314\Lib\ssl.py", line 1076, in _create
    self.do_handshake()
    ~~~~~~~~~~~~~~~~~^^
  File "C:\Program Files\Python314\Lib\ssl.py", line 1372, in do_handshake
    self._sslobj.do_handshake()
    ~~~~~~~~~~~~~~~~~~~~~~~~~^^
ssl.SSLCertVerificationError: [SSL: CERTIFICATE_VERIFY_FAILED] certificate verify failed: self-signed certificate in certificate chain (_ssl.c:1082)

During handling of the above exception, another exception occurred:

Traceback (most recent call last):
  File "C:\Users\srajaamu\AppData\Roaming\Python\Python314\site-packages\urllib3\connectionpool.py", line 788, in urlopen
    response = self._make_request(
        conn,
    ...<10 lines>...
        **response_kw,
    )
  File "C:\Users\srajaamu\AppData\Roaming\Python\Python314\site-packages\urllib3\connectionpool.py", line 488, in _make_request
    raise new_e
urllib3.exceptions.SSLError: [SSL: CERTIFICATE_VERIFY_FAILED] certificate verify failed: self-signed certificate in certificate chain (_ssl.c:1082)

The above exception was the direct cause of the following exception:

Traceback (most recent call last):
  File "C:\Users\srajaamu\AppData\Roaming\Python\Python314\site-packages\requests\adapters.py", line 696, in send
    resp = conn.urlopen(
        method=request.method,
    ...<9 lines>...
        chunked=chunked,
    )
  File "C:\Users\srajaamu\AppData\Roaming\Python\Python314\site-packages\urllib3\connectionpool.py", line 842, in urlopen
    retries = retries.increment(
        method, url, error=new_e, _pool=self, _stacktrace=sys.exc_info()[2]
    )
  File "C:\Users\srajaamu\AppData\Roaming\Python\Python314\site-packages\urllib3\util\retry.py", line 543, in increment
    raise MaxRetryError(_pool, url, reason) from reason  # type: ignore[arg-type]
    ^^^^^^^^^^^^^^^^^^^^^^^^^^^^^^^^^^^^^^^^^^^^^^^^^^^
urllib3.exceptions.MaxRetryError: HTTPSConnectionPool(host='orbit-ssrs-prod-int.optum.com', port=443): Max retries exceeded with url: /ReportServer?/Optum%20ET/EUTS%20Dev%20Ops/EUTSDReporting/TransferredFromPowerBIReportServer/CheckInTool-ShippingCenterReports/DDT%20Open%20Requests%20by%20Status%20Raw%20Data&rs:Format=EXCELOPENXML (Caused by SSLError(SSLCertVerificationError(1, '[SSL: CERTIFICATE_VERIFY_FAILED] certificate verify failed: self-signed certificate in certificate chain (_ssl.c:1082)')))

During handling of the above exception, another exception occurred:

Traceback (most recent call last):
  File "C:\Users\srajaamu\OneDrive - UHG\Topaz_automation\WorkFlow_Topaz\app.py", line 3466, in download_ssrs_asset_report
    resp = requests.get(url, auth=auth, timeout=timeout)
  File "C:\Users\srajaamu\AppData\Roaming\Python\Python314\site-packages\requests\api.py", line 87, in get
    return request("get", url, params=params, **kwargs)
  File "C:\Users\srajaamu\AppData\Roaming\Python\Python314\site-packages\requests\api.py", line 71, in request
    return session.request(method=method, url=url, **kwargs)
           ~~~~~~~~~~~~~~~^^^^^^^^^^^^^^^^^^^^^^^^^^^^^^^^^^
  File "C:\Users\srajaamu\AppData\Roaming\Python\Python314\site-packages\requests\sessions.py", line 651, in request
    resp = self.send(prep, **send_kwargs)
  File "C:\Users\srajaamu\AppData\Roaming\Python\Python314\site-packages\requests\sessions.py", line 784, in send
    r = adapter.send(request, **kwargs)
  File "C:\Users\srajaamu\AppData\Roaming\Python\Python314\site-packages\requests\adapters.py", line 727, in send
    raise SSLError(e, request=request)
requests.exceptions.SSLError: HTTPSConnectionPool(host='orbit-ssrs-prod-int.optum.com', port=443): Max retries exceeded with url: /ReportServer?/Optum%20ET/EUTS%20Dev%20Ops/EUTSDReporting/TransferredFromPowerBIReportServer/CheckInTool-ShippingCenterReports/DDT%20Open%20Requests%20by%20Status%20Raw%20Data&rs:Format=EXCELOPENXML (Caused by SSLError(SSLCertVerificationError(1, '[SSL: CERTIFICATE_VERIFY_FAILED] certificate verify failed: self-signed certificate in certificate chain (_ssl.c:1082)')))

The above exception was the direct cause of the following exception:

Traceback (most recent call last):
  File "C:\Users\srajaamu\OneDrive - UHG\Topaz_automation\WorkFlow_Topaz\app.py", line 3834, in worker
    download_ssrs_asset_report(url, cache_path)
    ~~~~~~~~~~~~~~~~~~~~~~~~~~^^^^^^^^^^^^^^^^^
  File "C:\Users\srajaamu\OneDrive - UHG\Topaz_automation\WorkFlow_Topaz\app.py", line 3469, in download_ssrs_asset_report
    raise RuntimeError(
    ...<2 lines>...
    ) from exc
RuntimeError: Could not reach the SSRS report server:
https://orbit-ssrs-prod-int.optum.com/ReportServer?/Optum%20ET/EUTS%20Dev%20Ops/EUTSDReporting/TransferredFromPowerBIReportServer/CheckInTool-ShippingCenterReports/DDT%20Open%20Requests%20by%20Status%20Raw%20Data&rs:Format=EXCELOPENXML

Check that you're connected to the corporate network/VPN.
2026-09-12 07:25:22 INFO    [MainThread] it_asset_app: SSRS asset report: status='Download Failed' records=0 error="Could not reach the SSRS report server:\nhttps://orbit-ssrs-prod-int.optum.com/ReportServer?/Optum%20ET/EUTS%20Dev%20Ops/EUTSDReporting/TransferredFromPowerBIReportServer/CheckInTool-ShippingCenterReports/DDT%20Open%20Requests%20by%20Status%20Raw%20Data&rs:Format=EXCELOPENXML\n\nCheck that you're connected to the corporate network/VPN."
2026-09-12 07:25:27 INFO    [MainThread] it_asset_app: User settings: saved to 'C:\\Users\\srajaamu\\AppData\\Roaming\\ITAssetSubmissionForm\\user_settings.json' (root_save_folder='Z:/Topaz_auto', operator_name='Sriram', business_unit='Embassy_ii033')
2026-09-12 07:26:07 INFO    [Thread-5 (worker)] it_asset_app: SSRS asset report: downloading (force=True) -> 'C:\\Users\\srajaamu\\OneDrive - UHG\\Topaz_automation\\WorkFlow_Topaz\\cache\\ssrs_asset_report.xlsx'
2026-09-12 07:26:08 INFO    [Thread-6 (worker)] it_asset_app: SSRS asset report: downloading (force=True) -> 'C:\\Users\\srajaamu\\OneDrive - UHG\\Topaz_automation\\WorkFlow_Topaz\\cache\\ssrs_asset_report.xlsx'
2026-09-12 07:26:08 ERROR   [Thread-5 (worker)] it_asset_app: SSRS asset report: download failed (will try existing cache, if any)
Traceback (most recent call last):
  File "C:\Users\srajaamu\AppData\Roaming\Python\Python314\site-packages\urllib3\connectionpool.py", line 464, in _make_request
    self._validate_conn(conn)
    ~~~~~~~~~~~~~~~~~~~^^^^^^
  File "C:\Users\srajaamu\AppData\Roaming\Python\Python314\site-packages\urllib3\connectionpool.py", line 1106, in _validate_conn
    conn.connect()
    ~~~~~~~~~~~~^^
  File "C:\Users\srajaamu\AppData\Roaming\Python\Python314\site-packages\urllib3\connection.py", line 796, in connect
    sock_and_verified = _ssl_wrap_socket_and_match_hostname(
        sock=sock,
    ...<14 lines>...
        assert_fingerprint=self.assert_fingerprint,
    )
  File "C:\Users\srajaamu\AppData\Roaming\Python\Python314\site-packages\urllib3\connection.py", line 975, in _ssl_wrap_socket_and_match_hostname
    ssl_sock = ssl_wrap_socket(
        sock=sock,
    ...<8 lines>...
        tls_in_tls=tls_in_tls,
    )
  File "C:\Users\srajaamu\AppData\Roaming\Python\Python314\site-packages\urllib3\util\ssl_.py", line 433, in ssl_wrap_socket
    ssl_sock = _ssl_wrap_socket_impl(sock, context, tls_in_tls, server_hostname)
  File "C:\Users\srajaamu\AppData\Roaming\Python\Python314\site-packages\urllib3\util\ssl_.py", line 477, in _ssl_wrap_socket_impl
    return ssl_context.wrap_socket(sock, server_hostname=server_hostname)
           ~~~~~~~~~~~~~~~~~~~~~~~^^^^^^^^^^^^^^^^^^^^^^^^^^^^^^^^^^^^^^^
  File "C:\Program Files\Python314\Lib\ssl.py", line 455, in wrap_socket
    return self.sslsocket_class._create(
           ~~~~~~~~~~~~~~~~~~~~~~~~~~~~^
        sock=sock,
        ^^^^^^^^^^
    ...<5 lines>...
        session=session
        ^^^^^^^^^^^^^^^
    )
    ^
  File "C:\Program Files\Python314\Lib\ssl.py", line 1076, in _create
    self.do_handshake()
    ~~~~~~~~~~~~~~~~~^^
  File "C:\Program Files\Python314\Lib\ssl.py", line 1372, in do_handshake
    self._sslobj.do_handshake()
    ~~~~~~~~~~~~~~~~~~~~~~~~~^^
ssl.SSLCertVerificationError: [SSL: CERTIFICATE_VERIFY_FAILED] certificate verify failed: self-signed certificate in certificate chain (_ssl.c:1082)

During handling of the above exception, another exception occurred:

Traceback (most recent call last):
  File "C:\Users\srajaamu\AppData\Roaming\Python\Python314\site-packages\urllib3\connectionpool.py", line 788, in urlopen
    response = self._make_request(
        conn,
    ...<10 lines>...
        **response_kw,
    )
  File "C:\Users\srajaamu\AppData\Roaming\Python\Python314\site-packages\urllib3\connectionpool.py", line 488, in _make_request
    raise new_e
urllib3.exceptions.SSLError: [SSL: CERTIFICATE_VERIFY_FAILED] certificate verify failed: self-signed certificate in certificate chain (_ssl.c:1082)

The above exception was the direct cause of the following exception:

Traceback (most recent call last):
  File "C:\Users\srajaamu\AppData\Roaming\Python\Python314\site-packages\requests\adapters.py", line 696, in send
    resp = conn.urlopen(
        method=request.method,
    ...<9 lines>...
        chunked=chunked,
    )
  File "C:\Users\srajaamu\AppData\Roaming\Python\Python314\site-packages\urllib3\connectionpool.py", line 842, in urlopen
    retries = retries.increment(
        method, url, error=new_e, _pool=self, _stacktrace=sys.exc_info()[2]
    )
  File "C:\Users\srajaamu\AppData\Roaming\Python\Python314\site-packages\urllib3\util\retry.py", line 543, in increment
    raise MaxRetryError(_pool, url, reason) from reason  # type: ignore[arg-type]
    ^^^^^^^^^^^^^^^^^^^^^^^^^^^^^^^^^^^^^^^^^^^^^^^^^^^
urllib3.exceptions.MaxRetryError: HTTPSConnectionPool(host='orbit-ssrs-prod-int.optum.com', port=443): Max retries exceeded with url: /ReportServer?/Optum%20ET/EUTS%20Dev%20Ops/EUTSDReporting/TransferredFromPowerBIReportServer/CheckInTool-ShippingCenterReports/DDT%20Open%20Requests%20by%20Status%20Raw%20Data&rs:Format=EXCELOPENXML (Caused by SSLError(SSLCertVerificationError(1, '[SSL: CERTIFICATE_VERIFY_FAILED] certificate verify failed: self-signed certificate in certificate chain (_ssl.c:1082)')))

During handling of the above exception, another exception occurred:

Traceback (most recent call last):
  File "C:\Users\srajaamu\OneDrive - UHG\Topaz_automation\WorkFlow_Topaz\app.py", line 3466, in download_ssrs_asset_report
    resp = requests.get(url, auth=auth, timeout=timeout)
  File "C:\Users\srajaamu\AppData\Roaming\Python\Python314\site-packages\requests\api.py", line 87, in get
    return request("get", url, params=params, **kwargs)
  File "C:\Users\srajaamu\AppData\Roaming\Python\Python314\site-packages\requests\api.py", line 71, in request
    return session.request(method=method, url=url, **kwargs)
           ~~~~~~~~~~~~~~~^^^^^^^^^^^^^^^^^^^^^^^^^^^^^^^^^^
  File "C:\Users\srajaamu\AppData\Roaming\Python\Python314\site-packages\requests\sessions.py", line 651, in request
    resp = self.send(prep, **send_kwargs)
  File "C:\Users\srajaamu\AppData\Roaming\Python\Python314\site-packages\requests\sessions.py", line 784, in send
    r = adapter.send(request, **kwargs)
  File "C:\Users\srajaamu\AppData\Roaming\Python\Python314\site-packages\requests\adapters.py", line 727, in send
    raise SSLError(e, request=request)
requests.exceptions.SSLError: HTTPSConnectionPool(host='orbit-ssrs-prod-int.optum.com', port=443): Max retries exceeded with url: /ReportServer?/Optum%20ET/EUTS%20Dev%20Ops/EUTSDReporting/TransferredFromPowerBIReportServer/CheckInTool-ShippingCenterReports/DDT%20Open%20Requests%20by%20Status%20Raw%20Data&rs:Format=EXCELOPENXML (Caused by SSLError(SSLCertVerificationError(1, '[SSL: CERTIFICATE_VERIFY_FAILED] certificate verify failed: self-signed certificate in certificate chain (_ssl.c:1082)')))

The above exception was the direct cause of the following exception:

Traceback (most recent call last):
  File "C:\Users\srajaamu\OneDrive - UHG\Topaz_automation\WorkFlow_Topaz\app.py", line 3834, in worker
    download_ssrs_asset_report(url, cache_path)
    ~~~~~~~~~~~~~~~~~~~~~~~~~~^^^^^^^^^^^^^^^^^
  File "C:\Users\srajaamu\OneDrive - UHG\Topaz_automation\WorkFlow_Topaz\app.py", line 3469, in download_ssrs_asset_report
    raise RuntimeError(
    ...<2 lines>...
    ) from exc
RuntimeError: Could not reach the SSRS report server:
https://orbit-ssrs-prod-int.optum.com/ReportServer?/Optum%20ET/EUTS%20Dev%20Ops/EUTSDReporting/TransferredFromPowerBIReportServer/CheckInTool-ShippingCenterReports/DDT%20Open%20Requests%20by%20Status%20Raw%20Data&rs:Format=EXCELOPENXML

Check that you're connected to the corporate network/VPN.
2026-09-12 07:26:08 INFO    [MainThread] it_asset_app: SSRS asset report: status='Download Failed' records=0 error="Could not reach the SSRS report server:\nhttps://orbit-ssrs-prod-int.optum.com/ReportServer?/Optum%20ET/EUTS%20Dev%20Ops/EUTSDReporting/TransferredFromPowerBIReportServer/CheckInTool-ShippingCenterReports/DDT%20Open%20Requests%20by%20Status%20Raw%20Data&rs:Format=EXCELOPENXML\n\nCheck that you're connected to the corporate network/VPN."
2026-09-12 07:26:09 INFO    [Thread-7 (worker)] it_asset_app: SSRS asset report: downloading (force=True) -> 'C:\\Users\\srajaamu\\OneDrive - UHG\\Topaz_automation\\WorkFlow_Topaz\\cache\\ssrs_asset_report.xlsx'
2026-09-12 07:26:09 INFO    [Thread-8 (worker)] it_asset_app: SSRS asset report: downloading (force=True) -> 'C:\\Users\\srajaamu\\OneDrive - UHG\\Topaz_automation\\WorkFlow_Topaz\\cache\\ssrs_asset_report.xlsx'
2026-09-12 07:26:09 INFO    [Thread-9 (worker)] it_asset_app: SSRS asset report: downloading (force=True) -> 'C:\\Users\\srajaamu\\OneDrive - UHG\\Topaz_automation\\WorkFlow_Topaz\\cache\\ssrs_asset_report.xlsx'
2026-09-12 07:26:09 INFO    [Thread-10 (worker)] it_asset_app: SSRS asset report: downloading (force=True) -> 'C:\\Users\\srajaamu\\OneDrive - UHG\\Topaz_automation\\WorkFlow_Topaz\\cache\\ssrs_asset_report.xlsx'
2026-09-12 07:26:09 ERROR   [Thread-6 (worker)] it_asset_app: SSRS asset report: download failed (will try existing cache, if any)
Traceback (most recent call last):
  File "C:\Users\srajaamu\AppData\Roaming\Python\Python314\site-packages\urllib3\connectionpool.py", line 464, in _make_request
    self._validate_conn(conn)
    ~~~~~~~~~~~~~~~~~~~^^^^^^
  File "C:\Users\srajaamu\AppData\Roaming\Python\Python314\site-packages\urllib3\connectionpool.py", line 1106, in _validate_conn
    conn.connect()
    ~~~~~~~~~~~~^^
  File "C:\Users\srajaamu\AppData\Roaming\Python\Python314\site-packages\urllib3\connection.py", line 796, in connect
    sock_and_verified = _ssl_wrap_socket_and_match_hostname(
        sock=sock,
    ...<14 lines>...
        assert_fingerprint=self.assert_fingerprint,
    )
  File "C:\Users\srajaamu\AppData\Roaming\Python\Python314\site-packages\urllib3\connection.py", line 975, in _ssl_wrap_socket_and_match_hostname
    ssl_sock = ssl_wrap_socket(
        sock=sock,
    ...<8 lines>...
        tls_in_tls=tls_in_tls,
    )
  File "C:\Users\srajaamu\AppData\Roaming\Python\Python314\site-packages\urllib3\util\ssl_.py", line 433, in ssl_wrap_socket
    ssl_sock = _ssl_wrap_socket_impl(sock, context, tls_in_tls, server_hostname)
  File "C:\Users\srajaamu\AppData\Roaming\Python\Python314\site-packages\urllib3\util\ssl_.py", line 477, in _ssl_wrap_socket_impl
    return ssl_context.wrap_socket(sock, server_hostname=server_hostname)
           ~~~~~~~~~~~~~~~~~~~~~~~^^^^^^^^^^^^^^^^^^^^^^^^^^^^^^^^^^^^^^^
  File "C:\Program Files\Python314\Lib\ssl.py", line 455, in wrap_socket
    return self.sslsocket_class._create(
           ~~~~~~~~~~~~~~~~~~~~~~~~~~~~^
        sock=sock,
        ^^^^^^^^^^
    ...<5 lines>...
        session=session
        ^^^^^^^^^^^^^^^
    )
    ^
  File "C:\Program Files\Python314\Lib\ssl.py", line 1076, in _create
    self.do_handshake()
    ~~~~~~~~~~~~~~~~~^^
  File "C:\Program Files\Python314\Lib\ssl.py", line 1372, in do_handshake
    self._sslobj.do_handshake()
    ~~~~~~~~~~~~~~~~~~~~~~~~~^^
ssl.SSLCertVerificationError: [SSL: CERTIFICATE_VERIFY_FAILED] certificate verify failed: self-signed certificate in certificate chain (_ssl.c:1082)

During handling of the above exception, another exception occurred:

Traceback (most recent call last):
  File "C:\Users\srajaamu\AppData\Roaming\Python\Python314\site-packages\urllib3\connectionpool.py", line 788, in urlopen
    response = self._make_request(
        conn,
    ...<10 lines>...
        **response_kw,
    )
  File "C:\Users\srajaamu\AppData\Roaming\Python\Python314\site-packages\urllib3\connectionpool.py", line 488, in _make_request
    raise new_e
urllib3.exceptions.SSLError: [SSL: CERTIFICATE_VERIFY_FAILED] certificate verify failed: self-signed certificate in certificate chain (_ssl.c:1082)

The above exception was the direct cause of the following exception:

Traceback (most recent call last):
  File "C:\Users\srajaamu\AppData\Roaming\Python\Python314\site-packages\requests\adapters.py", line 696, in send
    resp = conn.urlopen(
        method=request.method,
    ...<9 lines>...
        chunked=chunked,
    )
  File "C:\Users\srajaamu\AppData\Roaming\Python\Python314\site-packages\urllib3\connectionpool.py", line 842, in urlopen
    retries = retries.increment(
        method, url, error=new_e, _pool=self, _stacktrace=sys.exc_info()[2]
    )
  File "C:\Users\srajaamu\AppData\Roaming\Python\Python314\site-packages\urllib3\util\retry.py", line 543, in increment
    raise MaxRetryError(_pool, url, reason) from reason  # type: ignore[arg-type]
    ^^^^^^^^^^^^^^^^^^^^^^^^^^^^^^^^^^^^^^^^^^^^^^^^^^^
urllib3.exceptions.MaxRetryError: HTTPSConnectionPool(host='orbit-ssrs-prod-int.optum.com', port=443): Max retries exceeded with url: /ReportServer?/Optum%20ET/EUTS%20Dev%20Ops/EUTSDReporting/TransferredFromPowerBIReportServer/CheckInTool-ShippingCenterReports/DDT%20Open%20Requests%20by%20Status%20Raw%20Data&rs:Format=EXCELOPENXML (Caused by SSLError(SSLCertVerificationError(1, '[SSL: CERTIFICATE_VERIFY_FAILED] certificate verify failed: self-signed certificate in certificate chain (_ssl.c:1082)')))

During handling of the above exception, another exception occurred:

Traceback (most recent call last):
  File "C:\Users\srajaamu\OneDrive - UHG\Topaz_automation\WorkFlow_Topaz\app.py", line 3466, in download_ssrs_asset_report
    resp = requests.get(url, auth=auth, timeout=timeout)
  File "C:\Users\srajaamu\AppData\Roaming\Python\Python314\site-packages\requests\api.py", line 87, in get
    return request("get", url, params=params, **kwargs)
  File "C:\Users\srajaamu\AppData\Roaming\Python\Python314\site-packages\requests\api.py", line 71, in request
    return session.request(method=method, url=url, **kwargs)
           ~~~~~~~~~~~~~~~^^^^^^^^^^^^^^^^^^^^^^^^^^^^^^^^^^
  File "C:\Users\srajaamu\AppData\Roaming\Python\Python314\site-packages\requests\sessions.py", line 651, in request
    resp = self.send(prep, **send_kwargs)
  File "C:\Users\srajaamu\AppData\Roaming\Python\Python314\site-packages\requests\sessions.py", line 784, in send
    r = adapter.send(request, **kwargs)
  File "C:\Users\srajaamu\AppData\Roaming\Python\Python314\site-packages\requests\adapters.py", line 727, in send
    raise SSLError(e, request=request)
requests.exceptions.SSLError: HTTPSConnectionPool(host='orbit-ssrs-prod-int.optum.com', port=443): Max retries exceeded with url: /ReportServer?/Optum%20ET/EUTS%20Dev%20Ops/EUTSDReporting/TransferredFromPowerBIReportServer/CheckInTool-ShippingCenterReports/DDT%20Open%20Requests%20by%20Status%20Raw%20Data&rs:Format=EXCELOPENXML (Caused by SSLError(SSLCertVerificationError(1, '[SSL: CERTIFICATE_VERIFY_FAILED] certificate verify failed: self-signed certificate in certificate chain (_ssl.c:1082)')))

The above exception was the direct cause of the following exception:

Traceback (most recent call last):
  File "C:\Users\srajaamu\OneDrive - UHG\Topaz_automation\WorkFlow_Topaz\app.py", line 3834, in worker
    download_ssrs_asset_report(url, cache_path)
    ~~~~~~~~~~~~~~~~~~~~~~~~~~^^^^^^^^^^^^^^^^^
  File "C:\Users\srajaamu\OneDrive - UHG\Topaz_automation\WorkFlow_Topaz\app.py", line 3469, in download_ssrs_asset_report
    raise RuntimeError(
    ...<2 lines>...
    ) from exc
RuntimeError: Could not reach the SSRS report server:
https://orbit-ssrs-prod-int.optum.com/ReportServer?/Optum%20ET/EUTS%20Dev%20Ops/EUTSDReporting/TransferredFromPowerBIReportServer/CheckInTool-ShippingCenterReports/DDT%20Open%20Requests%20by%20Status%20Raw%20Data&rs:Format=EXCELOPENXML

Check that you're connected to the corporate network/VPN.
2026-09-12 07:26:09 INFO    [MainThread] it_asset_app: SSRS asset report: status='Download Failed' records=0 error="Could not reach the SSRS report server:\nhttps://orbit-ssrs-prod-int.optum.com/ReportServer?/Optum%20ET/EUTS%20Dev%20Ops/EUTSDReporting/TransferredFromPowerBIReportServer/CheckInTool-ShippingCenterReports/DDT%20Open%20Requests%20by%20Status%20Raw%20Data&rs:Format=EXCELOPENXML\n\nCheck that you're connected to the corporate network/VPN."
2026-09-12 07:26:09 INFO    [Thread-11 (worker)] it_asset_app: SSRS asset report: downloading (force=True) -> 'C:\\Users\\srajaamu\\OneDrive - UHG\\Topaz_automation\\WorkFlow_Topaz\\cache\\ssrs_asset_report.xlsx'
2026-09-12 07:26:10 ERROR   [Thread-7 (worker)] it_asset_app: SSRS asset report: download failed (will try existing cache, if any)
Traceback (most recent call last):
  File "C:\Users\srajaamu\AppData\Roaming\Python\Python314\site-packages\urllib3\connectionpool.py", line 464, in _make_request
    self._validate_conn(conn)
    ~~~~~~~~~~~~~~~~~~~^^^^^^
  File "C:\Users\srajaamu\AppData\Roaming\Python\Python314\site-packages\urllib3\connectionpool.py", line 1106, in _validate_conn
    conn.connect()
    ~~~~~~~~~~~~^^
  File "C:\Users\srajaamu\AppData\Roaming\Python\Python314\site-packages\urllib3\connection.py", line 796, in connect
    sock_and_verified = _ssl_wrap_socket_and_match_hostname(
        sock=sock,
    ...<14 lines>...
        assert_fingerprint=self.assert_fingerprint,
    )
  File "C:\Users\srajaamu\AppData\Roaming\Python\Python314\site-packages\urllib3\connection.py", line 975, in _ssl_wrap_socket_and_match_hostname
    ssl_sock = ssl_wrap_socket(
        sock=sock,
    ...<8 lines>...
        tls_in_tls=tls_in_tls,
    )
  File "C:\Users\srajaamu\AppData\Roaming\Python\Python314\site-packages\urllib3\util\ssl_.py", line 433, in ssl_wrap_socket
    ssl_sock = _ssl_wrap_socket_impl(sock, context, tls_in_tls, server_hostname)
  File "C:\Users\srajaamu\AppData\Roaming\Python\Python314\site-packages\urllib3\util\ssl_.py", line 477, in _ssl_wrap_socket_impl
    return ssl_context.wrap_socket(sock, server_hostname=server_hostname)
           ~~~~~~~~~~~~~~~~~~~~~~~^^^^^^^^^^^^^^^^^^^^^^^^^^^^^^^^^^^^^^^
  File "C:\Program Files\Python314\Lib\ssl.py", line 455, in wrap_socket
    return self.sslsocket_class._create(
           ~~~~~~~~~~~~~~~~~~~~~~~~~~~~^
        sock=sock,
        ^^^^^^^^^^
    ...<5 lines>...
        session=session
        ^^^^^^^^^^^^^^^
    )
    ^
  File "C:\Program Files\Python314\Lib\ssl.py", line 1076, in _create
    self.do_handshake()
    ~~~~~~~~~~~~~~~~~^^
  File "C:\Program Files\Python314\Lib\ssl.py", line 1372, in do_handshake
    self._sslobj.do_handshake()
    ~~~~~~~~~~~~~~~~~~~~~~~~~^^
ssl.SSLCertVerificationError: [SSL: CERTIFICATE_VERIFY_FAILED] certificate verify failed: self-signed certificate in certificate chain (_ssl.c:1082)

During handling of the above exception, another exception occurred:

Traceback (most recent call last):
  File "C:\Users\srajaamu\AppData\Roaming\Python\Python314\site-packages\urllib3\connectionpool.py", line 788, in urlopen
    response = self._make_request(
        conn,
    ...<10 lines>...
        **response_kw,
    )
  File "C:\Users\srajaamu\AppData\Roaming\Python\Python314\site-packages\urllib3\connectionpool.py", line 488, in _make_request
    raise new_e
urllib3.exceptions.SSLError: [SSL: CERTIFICATE_VERIFY_FAILED] certificate verify failed: self-signed certificate in certificate chain (_ssl.c:1082)

The above exception was the direct cause of the following exception:

Traceback (most recent call last):
  File "C:\Users\srajaamu\AppData\Roaming\Python\Python314\site-packages\requests\adapters.py", line 696, in send
    resp = conn.urlopen(
        method=request.method,
    ...<9 lines>...
        chunked=chunked,
    )
  File "C:\Users\srajaamu\AppData\Roaming\Python\Python314\site-packages\urllib3\connectionpool.py", line 842, in urlopen
    retries = retries.increment(
        method, url, error=new_e, _pool=self, _stacktrace=sys.exc_info()[2]
    )
  File "C:\Users\srajaamu\AppData\Roaming\Python\Python314\site-packages\urllib3\util\retry.py", line 543, in increment
    raise MaxRetryError(_pool, url, reason) from reason  # type: ignore[arg-type]
    ^^^^^^^^^^^^^^^^^^^^^^^^^^^^^^^^^^^^^^^^^^^^^^^^^^^
urllib3.exceptions.MaxRetryError: HTTPSConnectionPool(host='orbit-ssrs-prod-int.optum.com', port=443): Max retries exceeded with url: /ReportServer?/Optum%20ET/EUTS%20Dev%20Ops/EUTSDReporting/TransferredFromPowerBIReportServer/CheckInTool-ShippingCenterReports/DDT%20Open%20Requests%20by%20Status%20Raw%20Data&rs:Format=EXCELOPENXML (Caused by SSLError(SSLCertVerificationError(1, '[SSL: CERTIFICATE_VERIFY_FAILED] certificate verify failed: self-signed certificate in certificate chain (_ssl.c:1082)')))

During handling of the above exception, another exception occurred:

Traceback (most recent call last):
  File "C:\Users\srajaamu\OneDrive - UHG\Topaz_automation\WorkFlow_Topaz\app.py", line 3466, in download_ssrs_asset_report
    resp = requests.get(url, auth=auth, timeout=timeout)
  File "C:\Users\srajaamu\AppData\Roaming\Python\Python314\site-packages\requests\api.py", line 87, in get
    return request("get", url, params=params, **kwargs)
  File "C:\Users\srajaamu\AppData\Roaming\Python\Python314\site-packages\requests\api.py", line 71, in request
    return session.request(method=method, url=url, **kwargs)
           ~~~~~~~~~~~~~~~^^^^^^^^^^^^^^^^^^^^^^^^^^^^^^^^^^
  File "C:\Users\srajaamu\AppData\Roaming\Python\Python314\site-packages\requests\sessions.py", line 651, in request
    resp = self.send(prep, **send_kwargs)
  File "C:\Users\srajaamu\AppData\Roaming\Python\Python314\site-packages\requests\sessions.py", line 784, in send
    r = adapter.send(request, **kwargs)
  File "C:\Users\srajaamu\AppData\Roaming\Python\Python314\site-packages\requests\adapters.py", line 727, in send
    raise SSLError(e, request=request)
requests.exceptions.SSLError: HTTPSConnectionPool(host='orbit-ssrs-prod-int.optum.com', port=443): Max retries exceeded with url: /ReportServer?/Optum%20ET/EUTS%20Dev%20Ops/EUTSDReporting/TransferredFromPowerBIReportServer/CheckInTool-ShippingCenterReports/DDT%20Open%20Requests%20by%20Status%20Raw%20Data&rs:Format=EXCELOPENXML (Caused by SSLError(SSLCertVerificationError(1, '[SSL: CERTIFICATE_VERIFY_FAILED] certificate verify failed: self-signed certificate in certificate chain (_ssl.c:1082)')))

The above exception was the direct cause of the following exception:

Traceback (most recent call last):
  File "C:\Users\srajaamu\OneDrive - UHG\Topaz_automation\WorkFlow_Topaz\app.py", line 3834, in worker
    download_ssrs_asset_report(url, cache_path)
    ~~~~~~~~~~~~~~~~~~~~~~~~~~^^^^^^^^^^^^^^^^^
  File "C:\Users\srajaamu\OneDrive - UHG\Topaz_automation\WorkFlow_Topaz\app.py", line 3469, in download_ssrs_asset_report
    raise RuntimeError(
    ...<2 lines>...
    ) from exc
RuntimeError: Could not reach the SSRS report server:
https://orbit-ssrs-prod-int.optum.com/ReportServer?/Optum%20ET/EUTS%20Dev%20Ops/EUTSDReporting/TransferredFromPowerBIReportServer/CheckInTool-ShippingCenterReports/DDT%20Open%20Requests%20by%20Status%20Raw%20Data&rs:Format=EXCELOPENXML

Check that you're connected to the corporate network/VPN.
2026-09-12 07:26:10 INFO    [MainThread] it_asset_app: SSRS asset report: status='Download Failed' records=0 error="Could not reach the SSRS report server:\nhttps://orbit-ssrs-prod-int.optum.com/ReportServer?/Optum%20ET/EUTS%20Dev%20Ops/EUTSDReporting/TransferredFromPowerBIReportServer/CheckInTool-ShippingCenterReports/DDT%20Open%20Requests%20by%20Status%20Raw%20Data&rs:Format=EXCELOPENXML\n\nCheck that you're connected to the corporate network/VPN."
2026-09-12 07:26:10 ERROR   [Thread-8 (worker)] it_asset_app: SSRS asset report: download failed (will try existing cache, if any)
Traceback (most recent call last):
  File "C:\Users\srajaamu\AppData\Roaming\Python\Python314\site-packages\urllib3\connectionpool.py", line 464, in _make_request
    self._validate_conn(conn)
    ~~~~~~~~~~~~~~~~~~~^^^^^^
  File "C:\Users\srajaamu\AppData\Roaming\Python\Python314\site-packages\urllib3\connectionpool.py", line 1106, in _validate_conn
    conn.connect()
    ~~~~~~~~~~~~^^
  File "C:\Users\srajaamu\AppData\Roaming\Python\Python314\site-packages\urllib3\connection.py", line 796, in connect
    sock_and_verified = _ssl_wrap_socket_and_match_hostname(
        sock=sock,
    ...<14 lines>...
        assert_fingerprint=self.assert_fingerprint,
    )
  File "C:\Users\srajaamu\AppData\Roaming\Python\Python314\site-packages\urllib3\connection.py", line 975, in _ssl_wrap_socket_and_match_hostname
    ssl_sock = ssl_wrap_socket(
        sock=sock,
    ...<8 lines>...
        tls_in_tls=tls_in_tls,
    )
  File "C:\Users\srajaamu\AppData\Roaming\Python\Python314\site-packages\urllib3\util\ssl_.py", line 433, in ssl_wrap_socket
    ssl_sock = _ssl_wrap_socket_impl(sock, context, tls_in_tls, server_hostname)
  File "C:\Users\srajaamu\AppData\Roaming\Python\Python314\site-packages\urllib3\util\ssl_.py", line 477, in _ssl_wrap_socket_impl
    return ssl_context.wrap_socket(sock, server_hostname=server_hostname)
           ~~~~~~~~~~~~~~~~~~~~~~~^^^^^^^^^^^^^^^^^^^^^^^^^^^^^^^^^^^^^^^
  File "C:\Program Files\Python314\Lib\ssl.py", line 455, in wrap_socket
    return self.sslsocket_class._create(
           ~~~~~~~~~~~~~~~~~~~~~~~~~~~~^
        sock=sock,
        ^^^^^^^^^^
    ...<5 lines>...
        session=session
        ^^^^^^^^^^^^^^^
    )
    ^
  File "C:\Program Files\Python314\Lib\ssl.py", line 1076, in _create
    self.do_handshake()
    ~~~~~~~~~~~~~~~~~^^
  File "C:\Program Files\Python314\Lib\ssl.py", line 1372, in do_handshake
    self._sslobj.do_handshake()
    ~~~~~~~~~~~~~~~~~~~~~~~~~^^
ssl.SSLCertVerificationError: [SSL: CERTIFICATE_VERIFY_FAILED] certificate verify failed: self-signed certificate in certificate chain (_ssl.c:1082)

During handling of the above exception, another exception occurred:

Traceback (most recent call last):
  File "C:\Users\srajaamu\AppData\Roaming\Python\Python314\site-packages\urllib3\connectionpool.py", line 788, in urlopen
    response = self._make_request(
        conn,
    ...<10 lines>...
        **response_kw,
    )
  File "C:\Users\srajaamu\AppData\Roaming\Python\Python314\site-packages\urllib3\connectionpool.py", line 488, in _make_request
    raise new_e
urllib3.exceptions.SSLError: [SSL: CERTIFICATE_VERIFY_FAILED] certificate verify failed: self-signed certificate in certificate chain (_ssl.c:1082)

The above exception was the direct cause of the following exception:

Traceback (most recent call last):
  File "C:\Users\srajaamu\AppData\Roaming\Python\Python314\site-packages\requests\adapters.py", line 696, in send
    resp = conn.urlopen(
        method=request.method,
    ...<9 lines>...
        chunked=chunked,
    )
  File "C:\Users\srajaamu\AppData\Roaming\Python\Python314\site-packages\urllib3\connectionpool.py", line 842, in urlopen
    retries = retries.increment(
        method, url, error=new_e, _pool=self, _stacktrace=sys.exc_info()[2]
    )
  File "C:\Users\srajaamu\AppData\Roaming\Python\Python314\site-packages\urllib3\util\retry.py", line 543, in increment
    raise MaxRetryError(_pool, url, reason) from reason  # type: ignore[arg-type]
    ^^^^^^^^^^^^^^^^^^^^^^^^^^^^^^^^^^^^^^^^^^^^^^^^^^^
urllib3.exceptions.MaxRetryError: HTTPSConnectionPool(host='orbit-ssrs-prod-int.optum.com', port=443): Max retries exceeded with url: /ReportServer?/Optum%20ET/EUTS%20Dev%20Ops/EUTSDReporting/TransferredFromPowerBIReportServer/CheckInTool-ShippingCenterReports/DDT%20Open%20Requests%20by%20Status%20Raw%20Data&rs:Format=EXCELOPENXML (Caused by SSLError(SSLCertVerificationError(1, '[SSL: CERTIFICATE_VERIFY_FAILED] certificate verify failed: self-signed certificate in certificate chain (_ssl.c:1082)')))

During handling of the above exception, another exception occurred:

Traceback (most recent call last):
  File "C:\Users\srajaamu\OneDrive - UHG\Topaz_automation\WorkFlow_Topaz\app.py", line 3466, in download_ssrs_asset_report
    resp = requests.get(url, auth=auth, timeout=timeout)
  File "C:\Users\srajaamu\AppData\Roaming\Python\Python314\site-packages\requests\api.py", line 87, in get
    return request("get", url, params=params, **kwargs)
  File "C:\Users\srajaamu\AppData\Roaming\Python\Python314\site-packages\requests\api.py", line 71, in request
    return session.request(method=method, url=url, **kwargs)
           ~~~~~~~~~~~~~~~^^^^^^^^^^^^^^^^^^^^^^^^^^^^^^^^^^
  File "C:\Users\srajaamu\AppData\Roaming\Python\Python314\site-packages\requests\sessions.py", line 651, in request
    resp = self.send(prep, **send_kwargs)
  File "C:\Users\srajaamu\AppData\Roaming\Python\Python314\site-packages\requests\sessions.py", line 784, in send
    r = adapter.send(request, **kwargs)
  File "C:\Users\srajaamu\AppData\Roaming\Python\Python314\site-packages\requests\adapters.py", line 727, in send
    raise SSLError(e, request=request)
requests.exceptions.SSLError: HTTPSConnectionPool(host='orbit-ssrs-prod-int.optum.com', port=443): Max retries exceeded with url: /ReportServer?/Optum%20ET/EUTS%20Dev%20Ops/EUTSDReporting/TransferredFromPowerBIReportServer/CheckInTool-ShippingCenterReports/DDT%20Open%20Requests%20by%20Status%20Raw%20Data&rs:Format=EXCELOPENXML (Caused by SSLError(SSLCertVerificationError(1, '[SSL: CERTIFICATE_VERIFY_FAILED] certificate verify failed: self-signed certificate in certificate chain (_ssl.c:1082)')))

The above exception was the direct cause of the following exception:

Traceback (most recent call last):
  File "C:\Users\srajaamu\OneDrive - UHG\Topaz_automation\WorkFlow_Topaz\app.py", line 3834, in worker
    download_ssrs_asset_report(url, cache_path)
    ~~~~~~~~~~~~~~~~~~~~~~~~~~^^^^^^^^^^^^^^^^^
  File "C:\Users\srajaamu\OneDrive - UHG\Topaz_automation\WorkFlow_Topaz\app.py", line 3469, in download_ssrs_asset_report
    raise RuntimeError(
    ...<2 lines>...
    ) from exc
RuntimeError: Could not reach the SSRS report server:
https://orbit-ssrs-prod-int.optum.com/ReportServer?/Optum%20ET/EUTS%20Dev%20Ops/EUTSDReporting/TransferredFromPowerBIReportServer/CheckInTool-ShippingCenterReports/DDT%20Open%20Requests%20by%20Status%20Raw%20Data&rs:Format=EXCELOPENXML

Check that you're connected to the corporate network/VPN.
2026-09-12 07:26:10 INFO    [MainThread] it_asset_app: SSRS asset report: status='Download Failed' records=0 error="Could not reach the SSRS report server:\nhttps://orbit-ssrs-prod-int.optum.com/ReportServer?/Optum%20ET/EUTS%20Dev%20Ops/EUTSDReporting/TransferredFromPowerBIReportServer/CheckInTool-ShippingCenterReports/DDT%20Open%20Requests%20by%20Status%20Raw%20Data&rs:Format=EXCELOPENXML\n\nCheck that you're connected to the corporate network/VPN."
2026-09-12 07:26:10 ERROR   [Thread-9 (worker)] it_asset_app: SSRS asset report: download failed (will try existing cache, if any)
Traceback (most recent call last):
  File "C:\Users\srajaamu\AppData\Roaming\Python\Python314\site-packages\urllib3\connectionpool.py", line 464, in _make_request
    self._validate_conn(conn)
    ~~~~~~~~~~~~~~~~~~~^^^^^^
  File "C:\Users\srajaamu\AppData\Roaming\Python\Python314\site-packages\urllib3\connectionpool.py", line 1106, in _validate_conn
    conn.connect()
    ~~~~~~~~~~~~^^
  File "C:\Users\srajaamu\AppData\Roaming\Python\Python314\site-packages\urllib3\connection.py", line 796, in connect
    sock_and_verified = _ssl_wrap_socket_and_match_hostname(
        sock=sock,
    ...<14 lines>...
        assert_fingerprint=self.assert_fingerprint,
    )
  File "C:\Users\srajaamu\AppData\Roaming\Python\Python314\site-packages\urllib3\connection.py", line 975, in _ssl_wrap_socket_and_match_hostname
    ssl_sock = ssl_wrap_socket(
        sock=sock,
    ...<8 lines>...
        tls_in_tls=tls_in_tls,
    )
  File "C:\Users\srajaamu\AppData\Roaming\Python\Python314\site-packages\urllib3\util\ssl_.py", line 433, in ssl_wrap_socket
    ssl_sock = _ssl_wrap_socket_impl(sock, context, tls_in_tls, server_hostname)
  File "C:\Users\srajaamu\AppData\Roaming\Python\Python314\site-packages\urllib3\util\ssl_.py", line 477, in _ssl_wrap_socket_impl
    return ssl_context.wrap_socket(sock, server_hostname=server_hostname)
           ~~~~~~~~~~~~~~~~~~~~~~~^^^^^^^^^^^^^^^^^^^^^^^^^^^^^^^^^^^^^^^
  File "C:\Program Files\Python314\Lib\ssl.py", line 455, in wrap_socket
    return self.sslsocket_class._create(
           ~~~~~~~~~~~~~~~~~~~~~~~~~~~~^
        sock=sock,
        ^^^^^^^^^^
    ...<5 lines>...
        session=session
        ^^^^^^^^^^^^^^^
    )
    ^
  File "C:\Program Files\Python314\Lib\ssl.py", line 1076, in _create
    self.do_handshake()
    ~~~~~~~~~~~~~~~~~^^
  File "C:\Program Files\Python314\Lib\ssl.py", line 1372, in do_handshake
    self._sslobj.do_handshake()
    ~~~~~~~~~~~~~~~~~~~~~~~~~^^
ssl.SSLCertVerificationError: [SSL: CERTIFICATE_VERIFY_FAILED] certificate verify failed: self-signed certificate in certificate chain (_ssl.c:1082)

During handling of the above exception, another exception occurred:

Traceback (most recent call last):
  File "C:\Users\srajaamu\AppData\Roaming\Python\Python314\site-packages\urllib3\connectionpool.py", line 788, in urlopen
    response = self._make_request(
        conn,
    ...<10 lines>...
        **response_kw,
    )
  File "C:\Users\srajaamu\AppData\Roaming\Python\Python314\site-packages\urllib3\connectionpool.py", line 488, in _make_request
    raise new_e
urllib3.exceptions.SSLError: [SSL: CERTIFICATE_VERIFY_FAILED] certificate verify failed: self-signed certificate in certificate chain (_ssl.c:1082)

The above exception was the direct cause of the following exception:

Traceback (most recent call last):
  File "C:\Users\srajaamu\AppData\Roaming\Python\Python314\site-packages\requests\adapters.py", line 696, in send
    resp = conn.urlopen(
        method=request.method,
    ...<9 lines>...
        chunked=chunked,
    )
  File "C:\Users\srajaamu\AppData\Roaming\Python\Python314\site-packages\urllib3\connectionpool.py", line 842, in urlopen
    retries = retries.increment(
        method, url, error=new_e, _pool=self, _stacktrace=sys.exc_info()[2]
    )
  File "C:\Users\srajaamu\AppData\Roaming\Python\Python314\site-packages\urllib3\util\retry.py", line 543, in increment
    raise MaxRetryError(_pool, url, reason) from reason  # type: ignore[arg-type]
    ^^^^^^^^^^^^^^^^^^^^^^^^^^^^^^^^^^^^^^^^^^^^^^^^^^^
urllib3.exceptions.MaxRetryError: HTTPSConnectionPool(host='orbit-ssrs-prod-int.optum.com', port=443): Max retries exceeded with url: /ReportServer?/Optum%20ET/EUTS%20Dev%20Ops/EUTSDReporting/TransferredFromPowerBIReportServer/CheckInTool-ShippingCenterReports/DDT%20Open%20Requests%20by%20Status%20Raw%20Data&rs:Format=EXCELOPENXML (Caused by SSLError(SSLCertVerificationError(1, '[SSL: CERTIFICATE_VERIFY_FAILED] certificate verify failed: self-signed certificate in certificate chain (_ssl.c:1082)')))

During handling of the above exception, another exception occurred:

Traceback (most recent call last):
  File "C:\Users\srajaamu\OneDrive - UHG\Topaz_automation\WorkFlow_Topaz\app.py", line 3466, in download_ssrs_asset_report
    resp = requests.get(url, auth=auth, timeout=timeout)
  File "C:\Users\srajaamu\AppData\Roaming\Python\Python314\site-packages\requests\api.py", line 87, in get
    return request("get", url, params=params, **kwargs)
  File "C:\Users\srajaamu\AppData\Roaming\Python\Python314\site-packages\requests\api.py", line 71, in request
    return session.request(method=method, url=url, **kwargs)
           ~~~~~~~~~~~~~~~^^^^^^^^^^^^^^^^^^^^^^^^^^^^^^^^^^
  File "C:\Users\srajaamu\AppData\Roaming\Python\Python314\site-packages\requests\sessions.py", line 651, in request
    resp = self.send(prep, **send_kwargs)
  File "C:\Users\srajaamu\AppData\Roaming\Python\Python314\site-packages\requests\sessions.py", line 784, in send
    r = adapter.send(request, **kwargs)
  File "C:\Users\srajaamu\AppData\Roaming\Python\Python314\site-packages\requests\adapters.py", line 727, in send
    raise SSLError(e, request=request)
requests.exceptions.SSLError: HTTPSConnectionPool(host='orbit-ssrs-prod-int.optum.com', port=443): Max retries exceeded with url: /ReportServer?/Optum%20ET/EUTS%20Dev%20Ops/EUTSDReporting/TransferredFromPowerBIReportServer/CheckInTool-ShippingCenterReports/DDT%20Open%20Requests%20by%20Status%20Raw%20Data&rs:Format=EXCELOPENXML (Caused by SSLError(SSLCertVerificationError(1, '[SSL: CERTIFICATE_VERIFY_FAILED] certificate verify failed: self-signed certificate in certificate chain (_ssl.c:1082)')))

The above exception was the direct cause of the following exception:

Traceback (most recent call last):
  File "C:\Users\srajaamu\OneDrive - UHG\Topaz_automation\WorkFlow_Topaz\app.py", line 3834, in worker
    download_ssrs_asset_report(url, cache_path)
    ~~~~~~~~~~~~~~~~~~~~~~~~~~^^^^^^^^^^^^^^^^^
  File "C:\Users\srajaamu\OneDrive - UHG\Topaz_automation\WorkFlow_Topaz\app.py", line 3469, in download_ssrs_asset_report
    raise RuntimeError(
    ...<2 lines>...
    ) from exc
RuntimeError: Could not reach the SSRS report server:
https://orbit-ssrs-prod-int.optum.com/ReportServer?/Optum%20ET/EUTS%20Dev%20Ops/EUTSDReporting/TransferredFromPowerBIReportServer/CheckInTool-ShippingCenterReports/DDT%20Open%20Requests%20by%20Status%20Raw%20Data&rs:Format=EXCELOPENXML

Check that you're connected to the corporate network/VPN.
2026-09-12 07:26:10 INFO    [MainThread] it_asset_app: SSRS asset report: status='Download Failed' records=0 error="Could not reach the SSRS report server:\nhttps://orbit-ssrs-prod-int.optum.com/ReportServer?/Optum%20ET/EUTS%20Dev%20Ops/EUTSDReporting/TransferredFromPowerBIReportServer/CheckInTool-ShippingCenterReports/DDT%20Open%20Requests%20by%20Status%20Raw%20Data&rs:Format=EXCELOPENXML\n\nCheck that you're connected to the corporate network/VPN."
2026-09-12 07:26:10 ERROR   [Thread-10 (worker)] it_asset_app: SSRS asset report: download failed (will try existing cache, if any)
Traceback (most recent call last):
  File "C:\Users\srajaamu\AppData\Roaming\Python\Python314\site-packages\urllib3\connectionpool.py", line 464, in _make_request
    self._validate_conn(conn)
    ~~~~~~~~~~~~~~~~~~~^^^^^^
  File "C:\Users\srajaamu\AppData\Roaming\Python\Python314\site-packages\urllib3\connectionpool.py", line 1106, in _validate_conn
    conn.connect()
    ~~~~~~~~~~~~^^
  File "C:\Users\srajaamu\AppData\Roaming\Python\Python314\site-packages\urllib3\connection.py", line 796, in connect
    sock_and_verified = _ssl_wrap_socket_and_match_hostname(
        sock=sock,
    ...<14 lines>...
        assert_fingerprint=self.assert_fingerprint,
    )
  File "C:\Users\srajaamu\AppData\Roaming\Python\Python314\site-packages\urllib3\connection.py", line 975, in _ssl_wrap_socket_and_match_hostname
    ssl_sock = ssl_wrap_socket(
        sock=sock,
    ...<8 lines>...
        tls_in_tls=tls_in_tls,
    )
  File "C:\Users\srajaamu\AppData\Roaming\Python\Python314\site-packages\urllib3\util\ssl_.py", line 433, in ssl_wrap_socket
    ssl_sock = _ssl_wrap_socket_impl(sock, context, tls_in_tls, server_hostname)
  File "C:\Users\srajaamu\AppData\Roaming\Python\Python314\site-packages\urllib3\util\ssl_.py", line 477, in _ssl_wrap_socket_impl
    return ssl_context.wrap_socket(sock, server_hostname=server_hostname)
           ~~~~~~~~~~~~~~~~~~~~~~~^^^^^^^^^^^^^^^^^^^^^^^^^^^^^^^^^^^^^^^
  File "C:\Program Files\Python314\Lib\ssl.py", line 455, in wrap_socket
    return self.sslsocket_class._create(
           ~~~~~~~~~~~~~~~~~~~~~~~~~~~~^
        sock=sock,
        ^^^^^^^^^^
    ...<5 lines>...
        session=session
        ^^^^^^^^^^^^^^^
    )
    ^
  File "C:\Program Files\Python314\Lib\ssl.py", line 1076, in _create
    self.do_handshake()
    ~~~~~~~~~~~~~~~~~^^
  File "C:\Program Files\Python314\Lib\ssl.py", line 1372, in do_handshake
    self._sslobj.do_handshake()
    ~~~~~~~~~~~~~~~~~~~~~~~~~^^
ssl.SSLCertVerificationError: [SSL: CERTIFICATE_VERIFY_FAILED] certificate verify failed: self-signed certificate in certificate chain (_ssl.c:1082)

During handling of the above exception, another exception occurred:

Traceback (most recent call last):
  File "C:\Users\srajaamu\AppData\Roaming\Python\Python314\site-packages\urllib3\connectionpool.py", line 788, in urlopen
    response = self._make_request(
        conn,
    ...<10 lines>...
        **response_kw,
    )
  File "C:\Users\srajaamu\AppData\Roaming\Python\Python314\site-packages\urllib3\connectionpool.py", line 488, in _make_request
    raise new_e
urllib3.exceptions.SSLError: [SSL: CERTIFICATE_VERIFY_FAILED] certificate verify failed: self-signed certificate in certificate chain (_ssl.c:1082)

The above exception was the direct cause of the following exception:

Traceback (most recent call last):
  File "C:\Users\srajaamu\AppData\Roaming\Python\Python314\site-packages\requests\adapters.py", line 696, in send
    resp = conn.urlopen(
        method=request.method,
    ...<9 lines>...
        chunked=chunked,
    )
  File "C:\Users\srajaamu\AppData\Roaming\Python\Python314\site-packages\urllib3\connectionpool.py", line 842, in urlopen
    retries = retries.increment(
        method, url, error=new_e, _pool=self, _stacktrace=sys.exc_info()[2]
    )
  File "C:\Users\srajaamu\AppData\Roaming\Python\Python314\site-packages\urllib3\util\retry.py", line 543, in increment
    raise MaxRetryError(_pool, url, reason) from reason  # type: ignore[arg-type]
    ^^^^^^^^^^^^^^^^^^^^^^^^^^^^^^^^^^^^^^^^^^^^^^^^^^^
urllib3.exceptions.MaxRetryError: HTTPSConnectionPool(host='orbit-ssrs-prod-int.optum.com', port=443): Max retries exceeded with url: /ReportServer?/Optum%20ET/EUTS%20Dev%20Ops/EUTSDReporting/TransferredFromPowerBIReportServer/CheckInTool-ShippingCenterReports/DDT%20Open%20Requests%20by%20Status%20Raw%20Data&rs:Format=EXCELOPENXML (Caused by SSLError(SSLCertVerificationError(1, '[SSL: CERTIFICATE_VERIFY_FAILED] certificate verify failed: self-signed certificate in certificate chain (_ssl.c:1082)')))

During handling of the above exception, another exception occurred:

Traceback (most recent call last):
  File "C:\Users\srajaamu\OneDrive - UHG\Topaz_automation\WorkFlow_Topaz\app.py", line 3466, in download_ssrs_asset_report
    resp = requests.get(url, auth=auth, timeout=timeout)
  File "C:\Users\srajaamu\AppData\Roaming\Python\Python314\site-packages\requests\api.py", line 87, in get
    return request("get", url, params=params, **kwargs)
  File "C:\Users\srajaamu\AppData\Roaming\Python\Python314\site-packages\requests\api.py", line 71, in request
    return session.request(method=method, url=url, **kwargs)
           ~~~~~~~~~~~~~~~^^^^^^^^^^^^^^^^^^^^^^^^^^^^^^^^^^
  File "C:\Users\srajaamu\AppData\Roaming\Python\Python314\site-packages\requests\sessions.py", line 651, in request
    resp = self.send(prep, **send_kwargs)
  File "C:\Users\srajaamu\AppData\Roaming\Python\Python314\site-packages\requests\sessions.py", line 784, in send
    r = adapter.send(request, **kwargs)
  File "C:\Users\srajaamu\AppData\Roaming\Python\Python314\site-packages\requests\adapters.py", line 727, in send
    raise SSLError(e, request=request)
requests.exceptions.SSLError: HTTPSConnectionPool(host='orbit-ssrs-prod-int.optum.com', port=443): Max retries exceeded with url: /ReportServer?/Optum%20ET/EUTS%20Dev%20Ops/EUTSDReporting/TransferredFromPowerBIReportServer/CheckInTool-ShippingCenterReports/DDT%20Open%20Requests%20by%20Status%20Raw%20Data&rs:Format=EXCELOPENXML (Caused by SSLError(SSLCertVerificationError(1, '[SSL: CERTIFICATE_VERIFY_FAILED] certificate verify failed: self-signed certificate in certificate chain (_ssl.c:1082)')))

The above exception was the direct cause of the following exception:

Traceback (most recent call last):
  File "C:\Users\srajaamu\OneDrive - UHG\Topaz_automation\WorkFlow_Topaz\app.py", line 3834, in worker
    download_ssrs_asset_report(url, cache_path)
    ~~~~~~~~~~~~~~~~~~~~~~~~~~^^^^^^^^^^^^^^^^^
  File "C:\Users\srajaamu\OneDrive - UHG\Topaz_automation\WorkFlow_Topaz\app.py", line 3469, in download_ssrs_asset_report
    raise RuntimeError(
    ...<2 lines>...
    ) from exc
RuntimeError: Could not reach the SSRS report server:
https://orbit-ssrs-prod-int.optum.com/ReportServer?/Optum%20ET/EUTS%20Dev%20Ops/EUTSDReporting/TransferredFromPowerBIReportServer/CheckInTool-ShippingCenterReports/DDT%20Open%20Requests%20by%20Status%20Raw%20Data&rs:Format=EXCELOPENXML

Check that you're connected to the corporate network/VPN.
2026-09-12 07:26:10 INFO    [MainThread] it_asset_app: SSRS asset report: status='Download Failed' records=0 error="Could not reach the SSRS report server:\nhttps://orbit-ssrs-prod-int.optum.com/ReportServer?/Optum%20ET/EUTS%20Dev%20Ops/EUTSDReporting/TransferredFromPowerBIReportServer/CheckInTool-ShippingCenterReports/DDT%20Open%20Requests%20by%20Status%20Raw%20Data&rs:Format=EXCELOPENXML\n\nCheck that you're connected to the corporate network/VPN."
2026-09-12 07:26:10 ERROR   [Thread-11 (worker)] it_asset_app: SSRS asset report: download failed (will try existing cache, if any)
Traceback (most recent call last):
  File "C:\Users\srajaamu\AppData\Roaming\Python\Python314\site-packages\urllib3\connectionpool.py", line 464, in _make_request
    self._validate_conn(conn)
    ~~~~~~~~~~~~~~~~~~~^^^^^^
  File "C:\Users\srajaamu\AppData\Roaming\Python\Python314\site-packages\urllib3\connectionpool.py", line 1106, in _validate_conn
    conn.connect()
    ~~~~~~~~~~~~^^
  File "C:\Users\srajaamu\AppData\Roaming\Python\Python314\site-packages\urllib3\connection.py", line 796, in connect
    sock_and_verified = _ssl_wrap_socket_and_match_hostname(
        sock=sock,
    ...<14 lines>...
        assert_fingerprint=self.assert_fingerprint,
    )
  File "C:\Users\srajaamu\AppData\Roaming\Python\Python314\site-packages\urllib3\connection.py", line 975, in _ssl_wrap_socket_and_match_hostname
    ssl_sock = ssl_wrap_socket(
        sock=sock,
    ...<8 lines>...
        tls_in_tls=tls_in_tls,
    )
  File "C:\Users\srajaamu\AppData\Roaming\Python\Python314\site-packages\urllib3\util\ssl_.py", line 433, in ssl_wrap_socket
    ssl_sock = _ssl_wrap_socket_impl(sock, context, tls_in_tls, server_hostname)
  File "C:\Users\srajaamu\AppData\Roaming\Python\Python314\site-packages\urllib3\util\ssl_.py", line 477, in _ssl_wrap_socket_impl
    return ssl_context.wrap_socket(sock, server_hostname=server_hostname)
           ~~~~~~~~~~~~~~~~~~~~~~~^^^^^^^^^^^^^^^^^^^^^^^^^^^^^^^^^^^^^^^
  File "C:\Program Files\Python314\Lib\ssl.py", line 455, in wrap_socket
    return self.sslsocket_class._create(
           ~~~~~~~~~~~~~~~~~~~~~~~~~~~~^
        sock=sock,
        ^^^^^^^^^^
    ...<5 lines>...
        session=session
        ^^^^^^^^^^^^^^^
    )
    ^
  File "C:\Program Files\Python314\Lib\ssl.py", line 1076, in _create
    self.do_handshake()
    ~~~~~~~~~~~~~~~~~^^
  File "C:\Program Files\Python314\Lib\ssl.py", line 1372, in do_handshake
    self._sslobj.do_handshake()
    ~~~~~~~~~~~~~~~~~~~~~~~~~^^
ssl.SSLCertVerificationError: [SSL: CERTIFICATE_VERIFY_FAILED] certificate verify failed: self-signed certificate in certificate chain (_ssl.c:1082)

During handling of the above exception, another exception occurred:

Traceback (most recent call last):
  File "C:\Users\srajaamu\AppData\Roaming\Python\Python314\site-packages\urllib3\connectionpool.py", line 788, in urlopen
    response = self._make_request(
        conn,
    ...<10 lines>...
        **response_kw,
    )
  File "C:\Users\srajaamu\AppData\Roaming\Python\Python314\site-packages\urllib3\connectionpool.py", line 488, in _make_request
    raise new_e
urllib3.exceptions.SSLError: [SSL: CERTIFICATE_VERIFY_FAILED] certificate verify failed: self-signed certificate in certificate chain (_ssl.c:1082)

The above exception was the direct cause of the following exception:

Traceback (most recent call last):
  File "C:\Users\srajaamu\AppData\Roaming\Python\Python314\site-packages\requests\adapters.py", line 696, in send
    resp = conn.urlopen(
        method=request.method,
    ...<9 lines>...
        chunked=chunked,
    )
  File "C:\Users\srajaamu\AppData\Roaming\Python\Python314\site-packages\urllib3\connectionpool.py", line 842, in urlopen
    retries = retries.increment(
        method, url, error=new_e, _pool=self, _stacktrace=sys.exc_info()[2]
    )
  File "C:\Users\srajaamu\AppData\Roaming\Python\Python314\site-packages\urllib3\util\retry.py", line 543, in increment
    raise MaxRetryError(_pool, url, reason) from reason  # type: ignore[arg-type]
    ^^^^^^^^^^^^^^^^^^^^^^^^^^^^^^^^^^^^^^^^^^^^^^^^^^^
urllib3.exceptions.MaxRetryError: HTTPSConnectionPool(host='orbit-ssrs-prod-int.optum.com', port=443): Max retries exceeded with url: /ReportServer?/Optum%20ET/EUTS%20Dev%20Ops/EUTSDReporting/TransferredFromPowerBIReportServer/CheckInTool-ShippingCenterReports/DDT%20Open%20Requests%20by%20Status%20Raw%20Data&rs:Format=EXCELOPENXML (Caused by SSLError(SSLCertVerificationError(1, '[SSL: CERTIFICATE_VERIFY_FAILED] certificate verify failed: self-signed certificate in certificate chain (_ssl.c:1082)')))

During handling of the above exception, another exception occurred:

Traceback (most recent call last):
  File "C:\Users\srajaamu\OneDrive - UHG\Topaz_automation\WorkFlow_Topaz\app.py", line 3466, in download_ssrs_asset_report
    resp = requests.get(url, auth=auth, timeout=timeout)
  File "C:\Users\srajaamu\AppData\Roaming\Python\Python314\site-packages\requests\api.py", line 87, in get
    return request("get", url, params=params, **kwargs)
  File "C:\Users\srajaamu\AppData\Roaming\Python\Python314\site-packages\requests\api.py", line 71, in request
    return session.request(method=method, url=url, **kwargs)
           ~~~~~~~~~~~~~~~^^^^^^^^^^^^^^^^^^^^^^^^^^^^^^^^^^
  File "C:\Users\srajaamu\AppData\Roaming\Python\Python314\site-packages\requests\sessions.py", line 651, in request
    resp = self.send(prep, **send_kwargs)
  File "C:\Users\srajaamu\AppData\Roaming\Python\Python314\site-packages\requests\sessions.py", line 784, in send
    r = adapter.send(request, **kwargs)
  File "C:\Users\srajaamu\AppData\Roaming\Python\Python314\site-packages\requests\adapters.py", line 727, in send
    raise SSLError(e, request=request)
requests.exceptions.SSLError: HTTPSConnectionPool(host='orbit-ssrs-prod-int.optum.com', port=443): Max retries exceeded with url: /ReportServer?/Optum%20ET/EUTS%20Dev%20Ops/EUTSDReporting/TransferredFromPowerBIReportServer/CheckInTool-ShippingCenterReports/DDT%20Open%20Requests%20by%20Status%20Raw%20Data&rs:Format=EXCELOPENXML (Caused by SSLError(SSLCertVerificationError(1, '[SSL: CERTIFICATE_VERIFY_FAILED] certificate verify failed: self-signed certificate in certificate chain (_ssl.c:1082)')))

The above exception was the direct cause of the following exception:

Traceback (most recent call last):
  File "C:\Users\srajaamu\OneDrive - UHG\Topaz_automation\WorkFlow_Topaz\app.py", line 3834, in worker
    download_ssrs_asset_report(url, cache_path)
    ~~~~~~~~~~~~~~~~~~~~~~~~~~^^^^^^^^^^^^^^^^^
  File "C:\Users\srajaamu\OneDrive - UHG\Topaz_automation\WorkFlow_Topaz\app.py", line 3469, in download_ssrs_asset_report
    raise RuntimeError(
    ...<2 lines>...
    ) from exc
RuntimeError: Could not reach the SSRS report server:
https://orbit-ssrs-prod-int.optum.com/ReportServer?/Optum%20ET/EUTS%20Dev%20Ops/EUTSDReporting/TransferredFromPowerBIReportServer/CheckInTool-ShippingCenterReports/DDT%20Open%20Requests%20by%20Status%20Raw%20Data&rs:Format=EXCELOPENXML

Check that you're connected to the corporate network/VPN.
2026-09-12 07:26:10 INFO    [MainThread] it_asset_app: SSRS asset report: status='Download Failed' records=0 error="Could not reach the SSRS report server:\nhttps://orbit-ssrs-prod-int.optum.com/ReportServer?/Optum%20ET/EUTS%20Dev%20Ops/EUTSDReporting/TransferredFromPowerBIReportServer/CheckInTool-ShippingCenterReports/DDT%20Open%20Requests%20by%20Status%20Raw%20Data&rs:Format=EXCELOPENXML\n\nCheck that you're connected to the corporate network/VPN."
2026-09-12 07:30:15 INFO    [Thread-12 (worker)] it_asset_app: SSRS asset report: downloading (force=True) -> 'C:\\Users\\srajaamu\\OneDrive - UHG\\Topaz_automation\\WorkFlow_Topaz\\cache\\ssrs_asset_report.xlsx'
2026-09-12 07:30:16 INFO    [Thread-13 (worker)] it_asset_app: SSRS asset report: downloading (force=True) -> 'C:\\Users\\srajaamu\\OneDrive - UHG\\Topaz_automation\\WorkFlow_Topaz\\cache\\ssrs_asset_report.xlsx'
2026-09-12 07:30:17 ERROR   [Thread-12 (worker)] it_asset_app: SSRS asset report: download failed (will try existing cache, if any)
Traceback (most recent call last):
  File "C:\Users\srajaamu\AppData\Roaming\Python\Python314\site-packages\urllib3\connectionpool.py", line 464, in _make_request
    self._validate_conn(conn)
    ~~~~~~~~~~~~~~~~~~~^^^^^^
  File "C:\Users\srajaamu\AppData\Roaming\Python\Python314\site-packages\urllib3\connectionpool.py", line 1106, in _validate_conn
    conn.connect()
    ~~~~~~~~~~~~^^
  File "C:\Users\srajaamu\AppData\Roaming\Python\Python314\site-packages\urllib3\connection.py", line 796, in connect
    sock_and_verified = _ssl_wrap_socket_and_match_hostname(
        sock=sock,
    ...<14 lines>...
        assert_fingerprint=self.assert_fingerprint,
    )
  File "C:\Users\srajaamu\AppData\Roaming\Python\Python314\site-packages\urllib3\connection.py", line 975, in _ssl_wrap_socket_and_match_hostname
    ssl_sock = ssl_wrap_socket(
        sock=sock,
    ...<8 lines>...
        tls_in_tls=tls_in_tls,
    )
  File "C:\Users\srajaamu\AppData\Roaming\Python\Python314\site-packages\urllib3\util\ssl_.py", line 433, in ssl_wrap_socket
    ssl_sock = _ssl_wrap_socket_impl(sock, context, tls_in_tls, server_hostname)
  File "C:\Users\srajaamu\AppData\Roaming\Python\Python314\site-packages\urllib3\util\ssl_.py", line 477, in _ssl_wrap_socket_impl
    return ssl_context.wrap_socket(sock, server_hostname=server_hostname)
           ~~~~~~~~~~~~~~~~~~~~~~~^^^^^^^^^^^^^^^^^^^^^^^^^^^^^^^^^^^^^^^
  File "C:\Program Files\Python314\Lib\ssl.py", line 455, in wrap_socket
    return self.sslsocket_class._create(
           ~~~~~~~~~~~~~~~~~~~~~~~~~~~~^
        sock=sock,
        ^^^^^^^^^^
    ...<5 lines>...
        session=session
        ^^^^^^^^^^^^^^^
    )
    ^
  File "C:\Program Files\Python314\Lib\ssl.py", line 1076, in _create
    self.do_handshake()
    ~~~~~~~~~~~~~~~~~^^
  File "C:\Program Files\Python314\Lib\ssl.py", line 1372, in do_handshake
    self._sslobj.do_handshake()
    ~~~~~~~~~~~~~~~~~~~~~~~~~^^
ssl.SSLCertVerificationError: [SSL: CERTIFICATE_VERIFY_FAILED] certificate verify failed: self-signed certificate in certificate chain (_ssl.c:1082)

During handling of the above exception, another exception occurred:

Traceback (most recent call last):
  File "C:\Users\srajaamu\AppData\Roaming\Python\Python314\site-packages\urllib3\connectionpool.py", line 788, in urlopen
    response = self._make_request(
        conn,
    ...<10 lines>...
        **response_kw,
    )
  File "C:\Users\srajaamu\AppData\Roaming\Python\Python314\site-packages\urllib3\connectionpool.py", line 488, in _make_request
    raise new_e
urllib3.exceptions.SSLError: [SSL: CERTIFICATE_VERIFY_FAILED] certificate verify failed: self-signed certificate in certificate chain (_ssl.c:1082)

The above exception was the direct cause of the following exception:

Traceback (most recent call last):
  File "C:\Users\srajaamu\AppData\Roaming\Python\Python314\site-packages\requests\adapters.py", line 696, in send
    resp = conn.urlopen(
        method=request.method,
    ...<9 lines>...
        chunked=chunked,
    )
  File "C:\Users\srajaamu\AppData\Roaming\Python\Python314\site-packages\urllib3\connectionpool.py", line 842, in urlopen
    retries = retries.increment(
        method, url, error=new_e, _pool=self, _stacktrace=sys.exc_info()[2]
    )
  File "C:\Users\srajaamu\AppData\Roaming\Python\Python314\site-packages\urllib3\util\retry.py", line 543, in increment
    raise MaxRetryError(_pool, url, reason) from reason  # type: ignore[arg-type]
    ^^^^^^^^^^^^^^^^^^^^^^^^^^^^^^^^^^^^^^^^^^^^^^^^^^^
urllib3.exceptions.MaxRetryError: HTTPSConnectionPool(host='orbit-ssrs-prod-int.optum.com', port=443): Max retries exceeded with url: /ReportServer?/Optum%20ET/EUTS%20Dev%20Ops/EUTSDReporting/TransferredFromPowerBIReportServer/CheckInTool-ShippingCenterReports/DDT%20Open%20Requests%20by%20Status%20Raw%20Data&rs:Format=EXCELOPENXML (Caused by SSLError(SSLCertVerificationError(1, '[SSL: CERTIFICATE_VERIFY_FAILED] certificate verify failed: self-signed certificate in certificate chain (_ssl.c:1082)')))

During handling of the above exception, another exception occurred:

Traceback (most recent call last):
  File "C:\Users\srajaamu\OneDrive - UHG\Topaz_automation\WorkFlow_Topaz\app.py", line 3466, in download_ssrs_asset_report
    resp = requests.get(url, auth=auth, timeout=timeout)
  File "C:\Users\srajaamu\AppData\Roaming\Python\Python314\site-packages\requests\api.py", line 87, in get
    return request("get", url, params=params, **kwargs)
  File "C:\Users\srajaamu\AppData\Roaming\Python\Python314\site-packages\requests\api.py", line 71, in request
    return session.request(method=method, url=url, **kwargs)
           ~~~~~~~~~~~~~~~^^^^^^^^^^^^^^^^^^^^^^^^^^^^^^^^^^
  File "C:\Users\srajaamu\AppData\Roaming\Python\Python314\site-packages\requests\sessions.py", line 651, in request
    resp = self.send(prep, **send_kwargs)
  File "C:\Users\srajaamu\AppData\Roaming\Python\Python314\site-packages\requests\sessions.py", line 784, in send
    r = adapter.send(request, **kwargs)
  File "C:\Users\srajaamu\AppData\Roaming\Python\Python314\site-packages\requests\adapters.py", line 727, in send
    raise SSLError(e, request=request)
requests.exceptions.SSLError: HTTPSConnectionPool(host='orbit-ssrs-prod-int.optum.com', port=443): Max retries exceeded with url: /ReportServer?/Optum%20ET/EUTS%20Dev%20Ops/EUTSDReporting/TransferredFromPowerBIReportServer/CheckInTool-ShippingCenterReports/DDT%20Open%20Requests%20by%20Status%20Raw%20Data&rs:Format=EXCELOPENXML (Caused by SSLError(SSLCertVerificationError(1, '[SSL: CERTIFICATE_VERIFY_FAILED] certificate verify failed: self-signed certificate in certificate chain (_ssl.c:1082)')))

The above exception was the direct cause of the following exception:

Traceback (most recent call last):
  File "C:\Users\srajaamu\OneDrive - UHG\Topaz_automation\WorkFlow_Topaz\app.py", line 3834, in worker
    download_ssrs_asset_report(url, cache_path)
    ~~~~~~~~~~~~~~~~~~~~~~~~~~^^^^^^^^^^^^^^^^^
  File "C:\Users\srajaamu\OneDrive - UHG\Topaz_automation\WorkFlow_Topaz\app.py", line 3469, in download_ssrs_asset_report
    raise RuntimeError(
    ...<2 lines>...
    ) from exc
RuntimeError: Could not reach the SSRS report server:
https://orbit-ssrs-prod-int.optum.com/ReportServer?/Optum%20ET/EUTS%20Dev%20Ops/EUTSDReporting/TransferredFromPowerBIReportServer/CheckInTool-ShippingCenterReports/DDT%20Open%20Requests%20by%20Status%20Raw%20Data&rs:Format=EXCELOPENXML

Check that you're connected to the corporate network/VPN.
2026-09-12 07:30:17 INFO    [MainThread] it_asset_app: SSRS asset report: status='Download Failed' records=0 error="Could not reach the SSRS report server:\nhttps://orbit-ssrs-prod-int.optum.com/ReportServer?/Optum%20ET/EUTS%20Dev%20Ops/EUTSDReporting/TransferredFromPowerBIReportServer/CheckInTool-ShippingCenterReports/DDT%20Open%20Requests%20by%20Status%20Raw%20Data&rs:Format=EXCELOPENXML\n\nCheck that you're connected to the corporate network/VPN."
2026-09-12 07:30:18 ERROR   [Thread-13 (worker)] it_asset_app: SSRS asset report: download failed (will try existing cache, if any)
Traceback (most recent call last):
  File "C:\Users\srajaamu\AppData\Roaming\Python\Python314\site-packages\urllib3\connectionpool.py", line 464, in _make_request
    self._validate_conn(conn)
    ~~~~~~~~~~~~~~~~~~~^^^^^^
  File "C:\Users\srajaamu\AppData\Roaming\Python\Python314\site-packages\urllib3\connectionpool.py", line 1106, in _validate_conn
    conn.connect()
    ~~~~~~~~~~~~^^
  File "C:\Users\srajaamu\AppData\Roaming\Python\Python314\site-packages\urllib3\connection.py", line 796, in connect
    sock_and_verified = _ssl_wrap_socket_and_match_hostname(
        sock=sock,
    ...<14 lines>...
        assert_fingerprint=self.assert_fingerprint,
    )
  File "C:\Users\srajaamu\AppData\Roaming\Python\Python314\site-packages\urllib3\connection.py", line 975, in _ssl_wrap_socket_and_match_hostname
    ssl_sock = ssl_wrap_socket(
        sock=sock,
    ...<8 lines>...
        tls_in_tls=tls_in_tls,
    )
  File "C:\Users\srajaamu\AppData\Roaming\Python\Python314\site-packages\urllib3\util\ssl_.py", line 433, in ssl_wrap_socket
    ssl_sock = _ssl_wrap_socket_impl(sock, context, tls_in_tls, server_hostname)
  File "C:\Users\srajaamu\AppData\Roaming\Python\Python314\site-packages\urllib3\util\ssl_.py", line 477, in _ssl_wrap_socket_impl
    return ssl_context.wrap_socket(sock, server_hostname=server_hostname)
           ~~~~~~~~~~~~~~~~~~~~~~~^^^^^^^^^^^^^^^^^^^^^^^^^^^^^^^^^^^^^^^
  File "C:\Program Files\Python314\Lib\ssl.py", line 455, in wrap_socket
    return self.sslsocket_class._create(
           ~~~~~~~~~~~~~~~~~~~~~~~~~~~~^
        sock=sock,
        ^^^^^^^^^^
    ...<5 lines>...
        session=session
        ^^^^^^^^^^^^^^^
    )
    ^
  File "C:\Program Files\Python314\Lib\ssl.py", line 1076, in _create
    self.do_handshake()
    ~~~~~~~~~~~~~~~~~^^
  File "C:\Program Files\Python314\Lib\ssl.py", line 1372, in do_handshake
    self._sslobj.do_handshake()
    ~~~~~~~~~~~~~~~~~~~~~~~~~^^
ssl.SSLCertVerificationError: [SSL: CERTIFICATE_VERIFY_FAILED] certificate verify failed: self-signed certificate in certificate chain (_ssl.c:1082)

During handling of the above exception, another exception occurred:

Traceback (most recent call last):
  File "C:\Users\srajaamu\AppData\Roaming\Python\Python314\site-packages\urllib3\connectionpool.py", line 788, in urlopen
    response = self._make_request(
        conn,
    ...<10 lines>...
        **response_kw,
    )
  File "C:\Users\srajaamu\AppData\Roaming\Python\Python314\site-packages\urllib3\connectionpool.py", line 488, in _make_request
    raise new_e
urllib3.exceptions.SSLError: [SSL: CERTIFICATE_VERIFY_FAILED] certificate verify failed: self-signed certificate in certificate chain (_ssl.c:1082)

The above exception was the direct cause of the following exception:

Traceback (most recent call last):
  File "C:\Users\srajaamu\AppData\Roaming\Python\Python314\site-packages\requests\adapters.py", line 696, in send
    resp = conn.urlopen(
        method=request.method,
    ...<9 lines>...
        chunked=chunked,
    )
  File "C:\Users\srajaamu\AppData\Roaming\Python\Python314\site-packages\urllib3\connectionpool.py", line 842, in urlopen
    retries = retries.increment(
        method, url, error=new_e, _pool=self, _stacktrace=sys.exc_info()[2]
    )
  File "C:\Users\srajaamu\AppData\Roaming\Python\Python314\site-packages\urllib3\util\retry.py", line 543, in increment
    raise MaxRetryError(_pool, url, reason) from reason  # type: ignore[arg-type]
    ^^^^^^^^^^^^^^^^^^^^^^^^^^^^^^^^^^^^^^^^^^^^^^^^^^^
urllib3.exceptions.MaxRetryError: HTTPSConnectionPool(host='orbit-ssrs-prod-int.optum.com', port=443): Max retries exceeded with url: /ReportServer?/Optum%20ET/EUTS%20Dev%20Ops/EUTSDReporting/TransferredFromPowerBIReportServer/CheckInTool-ShippingCenterReports/DDT%20Open%20Requests%20by%20Status%20Raw%20Data&rs:Format=EXCELOPENXML (Caused by SSLError(SSLCertVerificationError(1, '[SSL: CERTIFICATE_VERIFY_FAILED] certificate verify failed: self-signed certificate in certificate chain (_ssl.c:1082)')))

During handling of the above exception, another exception occurred:

Traceback (most recent call last):
  File "C:\Users\srajaamu\OneDrive - UHG\Topaz_automation\WorkFlow_Topaz\app.py", line 3466, in download_ssrs_asset_report
    resp = requests.get(url, auth=auth, timeout=timeout)
  File "C:\Users\srajaamu\AppData\Roaming\Python\Python314\site-packages\requests\api.py", line 87, in get
    return request("get", url, params=params, **kwargs)
  File "C:\Users\srajaamu\AppData\Roaming\Python\Python314\site-packages\requests\api.py", line 71, in request
    return session.request(method=method, url=url, **kwargs)
           ~~~~~~~~~~~~~~~^^^^^^^^^^^^^^^^^^^^^^^^^^^^^^^^^^
  File "C:\Users\srajaamu\AppData\Roaming\Python\Python314\site-packages\requests\sessions.py", line 651, in request
    resp = self.send(prep, **send_kwargs)
  File "C:\Users\srajaamu\AppData\Roaming\Python\Python314\site-packages\requests\sessions.py", line 784, in send
    r = adapter.send(request, **kwargs)
  File "C:\Users\srajaamu\AppData\Roaming\Python\Python314\site-packages\requests\adapters.py", line 727, in send
    raise SSLError(e, request=request)
requests.exceptions.SSLError: HTTPSConnectionPool(host='orbit-ssrs-prod-int.optum.com', port=443): Max retries exceeded with url: /ReportServer?/Optum%20ET/EUTS%20Dev%20Ops/EUTSDReporting/TransferredFromPowerBIReportServer/CheckInTool-ShippingCenterReports/DDT%20Open%20Requests%20by%20Status%20Raw%20Data&rs:Format=EXCELOPENXML (Caused by SSLError(SSLCertVerificationError(1, '[SSL: CERTIFICATE_VERIFY_FAILED] certificate verify failed: self-signed certificate in certificate chain (_ssl.c:1082)')))

The above exception was the direct cause of the following exception:

Traceback (most recent call last):
  File "C:\Users\srajaamu\OneDrive - UHG\Topaz_automation\WorkFlow_Topaz\app.py", line 3834, in worker
    download_ssrs_asset_report(url, cache_path)
    ~~~~~~~~~~~~~~~~~~~~~~~~~~^^^^^^^^^^^^^^^^^
  File "C:\Users\srajaamu\OneDrive - UHG\Topaz_automation\WorkFlow_Topaz\app.py", line 3469, in download_ssrs_asset_report
    raise RuntimeError(
    ...<2 lines>...
    ) from exc
RuntimeError: Could not reach the SSRS report server:
https://orbit-ssrs-prod-int.optum.com/ReportServer?/Optum%20ET/EUTS%20Dev%20Ops/EUTSDReporting/TransferredFromPowerBIReportServer/CheckInTool-ShippingCenterReports/DDT%20Open%20Requests%20by%20Status%20Raw%20Data&rs:Format=EXCELOPENXML

Check that you're connected to the corporate network/VPN.
2026-09-12 07:30:18 INFO    [MainThread] it_asset_app: SSRS asset report: status='Download Failed' records=0 error="Could not reach the SSRS report server:\nhttps://orbit-ssrs-prod-int.optum.com/ReportServer?/Optum%20ET/EUTS%20Dev%20Ops/EUTSDReporting/TransferredFromPowerBIReportServer/CheckInTool-ShippingCenterReports/DDT%20Open%20Requests%20by%20Status%20Raw%20Data&rs:Format=EXCELOPENXML\n\nCheck that you're connected to the corporate network/VPN."
2026-09-12 07:31:32 INFO    [MainThread] it_asset_app: WizardApp: closing (user closed the window)
2026-09-12 07:31:32 INFO    [MainThread] it_asset_app: WizardApp: closed
2026-09-12 07:32:13 INFO    [MainThread] it_asset_app: ======================================================================
2026-09-12 07:32:13 INFO    [MainThread] it_asset_app: App starting - log file: C:\Users\srajaamu\OneDrive - UHG\Topaz_automation\WorkFlow_Topaz\logs\app.log
2026-09-12 07:32:13 INFO    [MainThread] it_asset_app: Python: 3.14.7 | frozen: False
2026-09-12 07:32:13 INFO    [MainThread] it_asset_app: WizardApp: starting up. ad_lookup_mode='ssrs_report' use_topaz_pad=True bu_templates_folder='bu_templates' root_save_folder='Z:/Topaz_auto' operator_name='Sriram'
2026-09-12 07:32:13 INFO    [MainThread] it_asset_app: WizardApp: GUI ready
2026-09-12 07:32:13 INFO    [Thread-2 (worker)] it_asset_app: SSRS asset report: downloading (force=False) -> 'C:\\Users\\srajaamu\\OneDrive - UHG\\Topaz_automation\\WorkFlow_Topaz\\cache\\ssrs_asset_report.xlsx'
2026-09-12 07:32:13 INFO    [Thread-1 (start)] it_asset_app: AD helper: launched new subprocess (pid=29396): ['C:\\Program Files\\Python314\\python.exe', 'C:\\Users\\srajaamu\\OneDrive - UHG\\Topaz_automation\\WorkFlow_Topaz\\app.py', '--webview-helper']
2026-09-12 07:32:13 INFO    [MainThread] it_asset_app: Startup health check: [('Microsoft Word', True, ''), ('Signing Certificate', True, ''), ('SSRS Asset Report', False, 'Not Available'), ('Save Folder', True, 'Z:/Topaz_auto'), ('BU Templates', True, '5 loaded')]
2026-09-12 07:32:14 ERROR   [Thread-2 (worker)] it_asset_app: SSRS asset report: download failed (will try existing cache, if any)
Traceback (most recent call last):
  File "C:\Users\srajaamu\AppData\Roaming\Python\Python314\site-packages\urllib3\connectionpool.py", line 464, in _make_request
    self._validate_conn(conn)
    ~~~~~~~~~~~~~~~~~~~^^^^^^
  File "C:\Users\srajaamu\AppData\Roaming\Python\Python314\site-packages\urllib3\connectionpool.py", line 1106, in _validate_conn
    conn.connect()
    ~~~~~~~~~~~~^^
  File "C:\Users\srajaamu\AppData\Roaming\Python\Python314\site-packages\urllib3\connection.py", line 796, in connect
    sock_and_verified = _ssl_wrap_socket_and_match_hostname(
        sock=sock,
    ...<14 lines>...
        assert_fingerprint=self.assert_fingerprint,
    )
  File "C:\Users\srajaamu\AppData\Roaming\Python\Python314\site-packages\urllib3\connection.py", line 975, in _ssl_wrap_socket_and_match_hostname
    ssl_sock = ssl_wrap_socket(
        sock=sock,
    ...<8 lines>...
        tls_in_tls=tls_in_tls,
    )
  File "C:\Users\srajaamu\AppData\Roaming\Python\Python314\site-packages\urllib3\util\ssl_.py", line 433, in ssl_wrap_socket
    ssl_sock = _ssl_wrap_socket_impl(sock, context, tls_in_tls, server_hostname)
  File "C:\Users\srajaamu\AppData\Roaming\Python\Python314\site-packages\urllib3\util\ssl_.py", line 477, in _ssl_wrap_socket_impl
    return ssl_context.wrap_socket(sock, server_hostname=server_hostname)
           ~~~~~~~~~~~~~~~~~~~~~~~^^^^^^^^^^^^^^^^^^^^^^^^^^^^^^^^^^^^^^^
  File "C:\Program Files\Python314\Lib\ssl.py", line 455, in wrap_socket
    return self.sslsocket_class._create(
           ~~~~~~~~~~~~~~~~~~~~~~~~~~~~^
        sock=sock,
        ^^^^^^^^^^
    ...<5 lines>...
        session=session
        ^^^^^^^^^^^^^^^
    )
    ^
  File "C:\Program Files\Python314\Lib\ssl.py", line 1076, in _create
    self.do_handshake()
    ~~~~~~~~~~~~~~~~~^^
  File "C:\Program Files\Python314\Lib\ssl.py", line 1372, in do_handshake
    self._sslobj.do_handshake()
    ~~~~~~~~~~~~~~~~~~~~~~~~~^^
ssl.SSLCertVerificationError: [SSL: CERTIFICATE_VERIFY_FAILED] certificate verify failed: self-signed certificate in certificate chain (_ssl.c:1082)

During handling of the above exception, another exception occurred:

Traceback (most recent call last):
  File "C:\Users\srajaamu\AppData\Roaming\Python\Python314\site-packages\urllib3\connectionpool.py", line 788, in urlopen
    response = self._make_request(
        conn,
    ...<10 lines>...
        **response_kw,
    )
  File "C:\Users\srajaamu\AppData\Roaming\Python\Python314\site-packages\urllib3\connectionpool.py", line 488, in _make_request
    raise new_e
urllib3.exceptions.SSLError: [SSL: CERTIFICATE_VERIFY_FAILED] certificate verify failed: self-signed certificate in certificate chain (_ssl.c:1082)

The above exception was the direct cause of the following exception:

Traceback (most recent call last):
  File "C:\Users\srajaamu\AppData\Roaming\Python\Python314\site-packages\requests\adapters.py", line 696, in send
    resp = conn.urlopen(
        method=request.method,
    ...<9 lines>...
        chunked=chunked,
    )
  File "C:\Users\srajaamu\AppData\Roaming\Python\Python314\site-packages\urllib3\connectionpool.py", line 842, in urlopen
    retries = retries.increment(
        method, url, error=new_e, _pool=self, _stacktrace=sys.exc_info()[2]
    )
  File "C:\Users\srajaamu\AppData\Roaming\Python\Python314\site-packages\urllib3\util\retry.py", line 543, in increment
    raise MaxRetryError(_pool, url, reason) from reason  # type: ignore[arg-type]
    ^^^^^^^^^^^^^^^^^^^^^^^^^^^^^^^^^^^^^^^^^^^^^^^^^^^
urllib3.exceptions.MaxRetryError: HTTPSConnectionPool(host='orbit-ssrs-prod-int.optum.com', port=443): Max retries exceeded with url: /ReportServer?/Optum%20ET/EUTS%20Dev%20Ops/EUTSDReporting/TransferredFromPowerBIReportServer/CheckInTool-ShippingCenterReports/DDT%20Open%20Requests%20by%20Status%20Raw%20Data&rs:Format=EXCELOPENXML (Caused by SSLError(SSLCertVerificationError(1, '[SSL: CERTIFICATE_VERIFY_FAILED] certificate verify failed: self-signed certificate in certificate chain (_ssl.c:1082)')))

During handling of the above exception, another exception occurred:

Traceback (most recent call last):
  File "C:\Users\srajaamu\OneDrive - UHG\Topaz_automation\WorkFlow_Topaz\app.py", line 3466, in download_ssrs_asset_report
    resp = requests.get(url, auth=auth, timeout=timeout)
  File "C:\Users\srajaamu\AppData\Roaming\Python\Python314\site-packages\requests\api.py", line 87, in get
    return request("get", url, params=params, **kwargs)
  File "C:\Users\srajaamu\AppData\Roaming\Python\Python314\site-packages\requests\api.py", line 71, in request
    return session.request(method=method, url=url, **kwargs)
           ~~~~~~~~~~~~~~~^^^^^^^^^^^^^^^^^^^^^^^^^^^^^^^^^^
  File "C:\Users\srajaamu\AppData\Roaming\Python\Python314\site-packages\requests\sessions.py", line 651, in request
    resp = self.send(prep, **send_kwargs)
  File "C:\Users\srajaamu\AppData\Roaming\Python\Python314\site-packages\requests\sessions.py", line 784, in send
    r = adapter.send(request, **kwargs)
  File "C:\Users\srajaamu\AppData\Roaming\Python\Python314\site-packages\requests\adapters.py", line 727, in send
    raise SSLError(e, request=request)
requests.exceptions.SSLError: HTTPSConnectionPool(host='orbit-ssrs-prod-int.optum.com', port=443): Max retries exceeded with url: /ReportServer?/Optum%20ET/EUTS%20Dev%20Ops/EUTSDReporting/TransferredFromPowerBIReportServer/CheckInTool-ShippingCenterReports/DDT%20Open%20Requests%20by%20Status%20Raw%20Data&rs:Format=EXCELOPENXML (Caused by SSLError(SSLCertVerificationError(1, '[SSL: CERTIFICATE_VERIFY_FAILED] certificate verify failed: self-signed certificate in certificate chain (_ssl.c:1082)')))

The above exception was the direct cause of the following exception:

Traceback (most recent call last):
  File "C:\Users\srajaamu\OneDrive - UHG\Topaz_automation\WorkFlow_Topaz\app.py", line 3834, in worker
    download_ssrs_asset_report(url, cache_path)
    ~~~~~~~~~~~~~~~~~~~~~~~~~~^^^^^^^^^^^^^^^^^
  File "C:\Users\srajaamu\OneDrive - UHG\Topaz_automation\WorkFlow_Topaz\app.py", line 3469, in download_ssrs_asset_report
    raise RuntimeError(
    ...<2 lines>...
    ) from exc
RuntimeError: Could not reach the SSRS report server:
https://orbit-ssrs-prod-int.optum.com/ReportServer?/Optum%20ET/EUTS%20Dev%20Ops/EUTSDReporting/TransferredFromPowerBIReportServer/CheckInTool-ShippingCenterReports/DDT%20Open%20Requests%20by%20Status%20Raw%20Data&rs:Format=EXCELOPENXML

Check that you're connected to the corporate network/VPN.
2026-09-12 07:32:14 INFO    [MainThread] it_asset_app: SSRS asset report: status='Download Failed' records=0 error="Could not reach the SSRS report server:\nhttps://orbit-ssrs-prod-int.optum.com/ReportServer?/Optum%20ET/EUTS%20Dev%20Ops/EUTSDReporting/TransferredFromPowerBIReportServer/CheckInTool-ShippingCenterReports/DDT%20Open%20Requests%20by%20Status%20Raw%20Data&rs:Format=EXCELOPENXML\n\nCheck that you're connected to the corporate network/VPN."
2026-09-12 07:32:14 INFO    [MainThread] it_asset_app: ======================================================================
2026-09-12 07:32:14 INFO    [MainThread] it_asset_app: App starting - log file: C:\Users\srajaamu\OneDrive - UHG\Topaz_automation\WorkFlow_Topaz\logs\app.log
2026-09-12 07:32:14 INFO    [MainThread] it_asset_app: Python: 3.14.7 | frozen: False
2026-09-12 07:32:14 INFO    [MainThread] it_asset_app: AD helper: subprocess started (pid=29396)
2026-09-12 07:32:33 INFO    [Thread-4 (worker)] it_asset_app: SSRS asset report: downloading (force=True) -> 'C:\\Users\\srajaamu\\OneDrive - UHG\\Topaz_automation\\WorkFlow_Topaz\\cache\\ssrs_asset_report.xlsx'
2026-09-12 07:32:33 INFO    [Thread-5 (worker)] it_asset_app: SSRS asset report: downloading (force=True) -> 'C:\\Users\\srajaamu\\OneDrive - UHG\\Topaz_automation\\WorkFlow_Topaz\\cache\\ssrs_asset_report.xlsx'
2026-09-12 07:32:34 INFO    [Thread-6 (worker)] it_asset_app: SSRS asset report: downloading (force=True) -> 'C:\\Users\\srajaamu\\OneDrive - UHG\\Topaz_automation\\WorkFlow_Topaz\\cache\\ssrs_asset_report.xlsx'
2026-09-12 07:32:34 ERROR   [Thread-4 (worker)] it_asset_app: SSRS asset report: download failed (will try existing cache, if any)
Traceback (most recent call last):
  File "C:\Users\srajaamu\AppData\Roaming\Python\Python314\site-packages\urllib3\connectionpool.py", line 464, in _make_request
    self._validate_conn(conn)
    ~~~~~~~~~~~~~~~~~~~^^^^^^
  File "C:\Users\srajaamu\AppData\Roaming\Python\Python314\site-packages\urllib3\connectionpool.py", line 1106, in _validate_conn
    conn.connect()
    ~~~~~~~~~~~~^^
  File "C:\Users\srajaamu\AppData\Roaming\Python\Python314\site-packages\urllib3\connection.py", line 796, in connect
    sock_and_verified = _ssl_wrap_socket_and_match_hostname(
        sock=sock,
    ...<14 lines>...
        assert_fingerprint=self.assert_fingerprint,
    )
  File "C:\Users\srajaamu\AppData\Roaming\Python\Python314\site-packages\urllib3\connection.py", line 975, in _ssl_wrap_socket_and_match_hostname
    ssl_sock = ssl_wrap_socket(
        sock=sock,
    ...<8 lines>...
        tls_in_tls=tls_in_tls,
    )
  File "C:\Users\srajaamu\AppData\Roaming\Python\Python314\site-packages\urllib3\util\ssl_.py", line 433, in ssl_wrap_socket
    ssl_sock = _ssl_wrap_socket_impl(sock, context, tls_in_tls, server_hostname)
  File "C:\Users\srajaamu\AppData\Roaming\Python\Python314\site-packages\urllib3\util\ssl_.py", line 477, in _ssl_wrap_socket_impl
    return ssl_context.wrap_socket(sock, server_hostname=server_hostname)
           ~~~~~~~~~~~~~~~~~~~~~~~^^^^^^^^^^^^^^^^^^^^^^^^^^^^^^^^^^^^^^^
  File "C:\Program Files\Python314\Lib\ssl.py", line 455, in wrap_socket
    return self.sslsocket_class._create(
           ~~~~~~~~~~~~~~~~~~~~~~~~~~~~^
        sock=sock,
        ^^^^^^^^^^
    ...<5 lines>...
        session=session
        ^^^^^^^^^^^^^^^
    )
    ^
  File "C:\Program Files\Python314\Lib\ssl.py", line 1076, in _create
    self.do_handshake()
    ~~~~~~~~~~~~~~~~~^^
  File "C:\Program Files\Python314\Lib\ssl.py", line 1372, in do_handshake
    self._sslobj.do_handshake()
    ~~~~~~~~~~~~~~~~~~~~~~~~~^^
ssl.SSLCertVerificationError: [SSL: CERTIFICATE_VERIFY_FAILED] certificate verify failed: self-signed certificate in certificate chain (_ssl.c:1082)

During handling of the above exception, another exception occurred:

Traceback (most recent call last):
  File "C:\Users\srajaamu\AppData\Roaming\Python\Python314\site-packages\urllib3\connectionpool.py", line 788, in urlopen
    response = self._make_request(
        conn,
    ...<10 lines>...
        **response_kw,
    )
  File "C:\Users\srajaamu\AppData\Roaming\Python\Python314\site-packages\urllib3\connectionpool.py", line 488, in _make_request
    raise new_e
urllib3.exceptions.SSLError: [SSL: CERTIFICATE_VERIFY_FAILED] certificate verify failed: self-signed certificate in certificate chain (_ssl.c:1082)

The above exception was the direct cause of the following exception:

Traceback (most recent call last):
  File "C:\Users\srajaamu\AppData\Roaming\Python\Python314\site-packages\requests\adapters.py", line 696, in send
    resp = conn.urlopen(
        method=request.method,
    ...<9 lines>...
        chunked=chunked,
    )
  File "C:\Users\srajaamu\AppData\Roaming\Python\Python314\site-packages\urllib3\connectionpool.py", line 842, in urlopen
    retries = retries.increment(
        method, url, error=new_e, _pool=self, _stacktrace=sys.exc_info()[2]
    )
  File "C:\Users\srajaamu\AppData\Roaming\Python\Python314\site-packages\urllib3\util\retry.py", line 543, in increment
    raise MaxRetryError(_pool, url, reason) from reason  # type: ignore[arg-type]
    ^^^^^^^^^^^^^^^^^^^^^^^^^^^^^^^^^^^^^^^^^^^^^^^^^^^
urllib3.exceptions.MaxRetryError: HTTPSConnectionPool(host='orbit-ssrs-prod-int.optum.com', port=443): Max retries exceeded with url: /ReportServer?/Optum%20ET/EUTS%20Dev%20Ops/EUTSDReporting/TransferredFromPowerBIReportServer/CheckInTool-ShippingCenterReports/DDT%20Open%20Requests%20by%20Status%20Raw%20Data&rs:Format=EXCELOPENXML (Caused by SSLError(SSLCertVerificationError(1, '[SSL: CERTIFICATE_VERIFY_FAILED] certificate verify failed: self-signed certificate in certificate chain (_ssl.c:1082)')))

During handling of the above exception, another exception occurred:

Traceback (most recent call last):
  File "C:\Users\srajaamu\OneDrive - UHG\Topaz_automation\WorkFlow_Topaz\app.py", line 3466, in download_ssrs_asset_report
    resp = requests.get(url, auth=auth, timeout=timeout)
  File "C:\Users\srajaamu\AppData\Roaming\Python\Python314\site-packages\requests\api.py", line 87, in get
    return request("get", url, params=params, **kwargs)
  File "C:\Users\srajaamu\AppData\Roaming\Python\Python314\site-packages\requests\api.py", line 71, in request
    return session.request(method=method, url=url, **kwargs)
           ~~~~~~~~~~~~~~~^^^^^^^^^^^^^^^^^^^^^^^^^^^^^^^^^^
  File "C:\Users\srajaamu\AppData\Roaming\Python\Python314\site-packages\requests\sessions.py", line 651, in request
    resp = self.send(prep, **send_kwargs)
  File "C:\Users\srajaamu\AppData\Roaming\Python\Python314\site-packages\requests\sessions.py", line 784, in send
    r = adapter.send(request, **kwargs)
  File "C:\Users\srajaamu\AppData\Roaming\Python\Python314\site-packages\requests\adapters.py", line 727, in send
    raise SSLError(e, request=request)
requests.exceptions.SSLError: HTTPSConnectionPool(host='orbit-ssrs-prod-int.optum.com', port=443): Max retries exceeded with url: /ReportServer?/Optum%20ET/EUTS%20Dev%20Ops/EUTSDReporting/TransferredFromPowerBIReportServer/CheckInTool-ShippingCenterReports/DDT%20Open%20Requests%20by%20Status%20Raw%20Data&rs:Format=EXCELOPENXML (Caused by SSLError(SSLCertVerificationError(1, '[SSL: CERTIFICATE_VERIFY_FAILED] certificate verify failed: self-signed certificate in certificate chain (_ssl.c:1082)')))

The above exception was the direct cause of the following exception:

Traceback (most recent call last):
  File "C:\Users\srajaamu\OneDrive - UHG\Topaz_automation\WorkFlow_Topaz\app.py", line 3834, in worker
    download_ssrs_asset_report(url, cache_path)
    ~~~~~~~~~~~~~~~~~~~~~~~~~~^^^^^^^^^^^^^^^^^
  File "C:\Users\srajaamu\OneDrive - UHG\Topaz_automation\WorkFlow_Topaz\app.py", line 3469, in download_ssrs_asset_report
    raise RuntimeError(
    ...<2 lines>...
    ) from exc
RuntimeError: Could not reach the SSRS report server:
https://orbit-ssrs-prod-int.optum.com/ReportServer?/Optum%20ET/EUTS%20Dev%20Ops/EUTSDReporting/TransferredFromPowerBIReportServer/CheckInTool-ShippingCenterReports/DDT%20Open%20Requests%20by%20Status%20Raw%20Data&rs:Format=EXCELOPENXML

Check that you're connected to the corporate network/VPN.
2026-09-12 07:32:34 INFO    [MainThread] it_asset_app: SSRS asset report: status='Download Failed' records=0 error="Could not reach the SSRS report server:\nhttps://orbit-ssrs-prod-int.optum.com/ReportServer?/Optum%20ET/EUTS%20Dev%20Ops/EUTSDReporting/TransferredFromPowerBIReportServer/CheckInTool-ShippingCenterReports/DDT%20Open%20Requests%20by%20Status%20Raw%20Data&rs:Format=EXCELOPENXML\n\nCheck that you're connected to the corporate network/VPN."
2026-09-12 07:32:34 INFO    [Thread-7 (worker)] it_asset_app: SSRS asset report: downloading (force=True) -> 'C:\\Users\\srajaamu\\OneDrive - UHG\\Topaz_automation\\WorkFlow_Topaz\\cache\\ssrs_asset_report.xlsx'
2026-09-12 07:32:34 INFO    [Thread-8 (worker)] it_asset_app: SSRS asset report: downloading (force=True) -> 'C:\\Users\\srajaamu\\OneDrive - UHG\\Topaz_automation\\WorkFlow_Topaz\\cache\\ssrs_asset_report.xlsx'
2026-09-12 07:32:34 INFO    [Thread-9 (worker)] it_asset_app: SSRS asset report: downloading (force=True) -> 'C:\\Users\\srajaamu\\OneDrive - UHG\\Topaz_automation\\WorkFlow_Topaz\\cache\\ssrs_asset_report.xlsx'
2026-09-12 07:32:35 ERROR   [Thread-5 (worker)] it_asset_app: SSRS asset report: download failed (will try existing cache, if any)
Traceback (most recent call last):
  File "C:\Users\srajaamu\AppData\Roaming\Python\Python314\site-packages\urllib3\connectionpool.py", line 464, in _make_request
    self._validate_conn(conn)
    ~~~~~~~~~~~~~~~~~~~^^^^^^
  File "C:\Users\srajaamu\AppData\Roaming\Python\Python314\site-packages\urllib3\connectionpool.py", line 1106, in _validate_conn
    conn.connect()
    ~~~~~~~~~~~~^^
  File "C:\Users\srajaamu\AppData\Roaming\Python\Python314\site-packages\urllib3\connection.py", line 796, in connect
    sock_and_verified = _ssl_wrap_socket_and_match_hostname(
        sock=sock,
    ...<14 lines>...
        assert_fingerprint=self.assert_fingerprint,
    )
  File "C:\Users\srajaamu\AppData\Roaming\Python\Python314\site-packages\urllib3\connection.py", line 975, in _ssl_wrap_socket_and_match_hostname
    ssl_sock = ssl_wrap_socket(
        sock=sock,
    ...<8 lines>...
        tls_in_tls=tls_in_tls,
    )
  File "C:\Users\srajaamu\AppData\Roaming\Python\Python314\site-packages\urllib3\util\ssl_.py", line 433, in ssl_wrap_socket
    ssl_sock = _ssl_wrap_socket_impl(sock, context, tls_in_tls, server_hostname)
  File "C:\Users\srajaamu\AppData\Roaming\Python\Python314\site-packages\urllib3\util\ssl_.py", line 477, in _ssl_wrap_socket_impl
    return ssl_context.wrap_socket(sock, server_hostname=server_hostname)
           ~~~~~~~~~~~~~~~~~~~~~~~^^^^^^^^^^^^^^^^^^^^^^^^^^^^^^^^^^^^^^^
  File "C:\Program Files\Python314\Lib\ssl.py", line 455, in wrap_socket
    return self.sslsocket_class._create(
           ~~~~~~~~~~~~~~~~~~~~~~~~~~~~^
        sock=sock,
        ^^^^^^^^^^
    ...<5 lines>...
        session=session
        ^^^^^^^^^^^^^^^
    )
    ^
  File "C:\Program Files\Python314\Lib\ssl.py", line 1076, in _create
    self.do_handshake()
    ~~~~~~~~~~~~~~~~~^^
  File "C:\Program Files\Python314\Lib\ssl.py", line 1372, in do_handshake
    self._sslobj.do_handshake()
    ~~~~~~~~~~~~~~~~~~~~~~~~~^^
ssl.SSLCertVerificationError: [SSL: CERTIFICATE_VERIFY_FAILED] certificate verify failed: self-signed certificate in certificate chain (_ssl.c:1082)

During handling of the above exception, another exception occurred:

Traceback (most recent call last):
  File "C:\Users\srajaamu\AppData\Roaming\Python\Python314\site-packages\urllib3\connectionpool.py", line 788, in urlopen
    response = self._make_request(
        conn,
    ...<10 lines>...
        **response_kw,
    )
  File "C:\Users\srajaamu\AppData\Roaming\Python\Python314\site-packages\urllib3\connectionpool.py", line 488, in _make_request
    raise new_e
urllib3.exceptions.SSLError: [SSL: CERTIFICATE_VERIFY_FAILED] certificate verify failed: self-signed certificate in certificate chain (_ssl.c:1082)

The above exception was the direct cause of the following exception:

Traceback (most recent call last):
  File "C:\Users\srajaamu\AppData\Roaming\Python\Python314\site-packages\requests\adapters.py", line 696, in send
    resp = conn.urlopen(
        method=request.method,
    ...<9 lines>...
        chunked=chunked,
    )
  File "C:\Users\srajaamu\AppData\Roaming\Python\Python314\site-packages\urllib3\connectionpool.py", line 842, in urlopen
    retries = retries.increment(
        method, url, error=new_e, _pool=self, _stacktrace=sys.exc_info()[2]
    )
  File "C:\Users\srajaamu\AppData\Roaming\Python\Python314\site-packages\urllib3\util\retry.py", line 543, in increment
    raise MaxRetryError(_pool, url, reason) from reason  # type: ignore[arg-type]
    ^^^^^^^^^^^^^^^^^^^^^^^^^^^^^^^^^^^^^^^^^^^^^^^^^^^
urllib3.exceptions.MaxRetryError: HTTPSConnectionPool(host='orbit-ssrs-prod-int.optum.com', port=443): Max retries exceeded with url: /ReportServer?/Optum%20ET/EUTS%20Dev%20Ops/EUTSDReporting/TransferredFromPowerBIReportServer/CheckInTool-ShippingCenterReports/DDT%20Open%20Requests%20by%20Status%20Raw%20Data&rs:Format=EXCELOPENXML (Caused by SSLError(SSLCertVerificationError(1, '[SSL: CERTIFICATE_VERIFY_FAILED] certificate verify failed: self-signed certificate in certificate chain (_ssl.c:1082)')))

During handling of the above exception, another exception occurred:

Traceback (most recent call last):
  File "C:\Users\srajaamu\OneDrive - UHG\Topaz_automation\WorkFlow_Topaz\app.py", line 3466, in download_ssrs_asset_report
    resp = requests.get(url, auth=auth, timeout=timeout)
  File "C:\Users\srajaamu\AppData\Roaming\Python\Python314\site-packages\requests\api.py", line 87, in get
    return request("get", url, params=params, **kwargs)
  File "C:\Users\srajaamu\AppData\Roaming\Python\Python314\site-packages\requests\api.py", line 71, in request
    return session.request(method=method, url=url, **kwargs)
           ~~~~~~~~~~~~~~~^^^^^^^^^^^^^^^^^^^^^^^^^^^^^^^^^^
  File "C:\Users\srajaamu\AppData\Roaming\Python\Python314\site-packages\requests\sessions.py", line 651, in request
    resp = self.send(prep, **send_kwargs)
  File "C:\Users\srajaamu\AppData\Roaming\Python\Python314\site-packages\requests\sessions.py", line 784, in send
    r = adapter.send(request, **kwargs)
  File "C:\Users\srajaamu\AppData\Roaming\Python\Python314\site-packages\requests\adapters.py", line 727, in send
    raise SSLError(e, request=request)
requests.exceptions.SSLError: HTTPSConnectionPool(host='orbit-ssrs-prod-int.optum.com', port=443): Max retries exceeded with url: /ReportServer?/Optum%20ET/EUTS%20Dev%20Ops/EUTSDReporting/TransferredFromPowerBIReportServer/CheckInTool-ShippingCenterReports/DDT%20Open%20Requests%20by%20Status%20Raw%20Data&rs:Format=EXCELOPENXML (Caused by SSLError(SSLCertVerificationError(1, '[SSL: CERTIFICATE_VERIFY_FAILED] certificate verify failed: self-signed certificate in certificate chain (_ssl.c:1082)')))

The above exception was the direct cause of the following exception:

Traceback (most recent call last):
  File "C:\Users\srajaamu\OneDrive - UHG\Topaz_automation\WorkFlow_Topaz\app.py", line 3834, in worker
    download_ssrs_asset_report(url, cache_path)
    ~~~~~~~~~~~~~~~~~~~~~~~~~~^^^^^^^^^^^^^^^^^
  File "C:\Users\srajaamu\OneDrive - UHG\Topaz_automation\WorkFlow_Topaz\app.py", line 3469, in download_ssrs_asset_report
    raise RuntimeError(
    ...<2 lines>...
    ) from exc
RuntimeError: Could not reach the SSRS report server:
https://orbit-ssrs-prod-int.optum.com/ReportServer?/Optum%20ET/EUTS%20Dev%20Ops/EUTSDReporting/TransferredFromPowerBIReportServer/CheckInTool-ShippingCenterReports/DDT%20Open%20Requests%20by%20Status%20Raw%20Data&rs:Format=EXCELOPENXML

Check that you're connected to the corporate network/VPN.
2026-09-12 07:32:35 INFO    [MainThread] it_asset_app: SSRS asset report: status='Download Failed' records=0 error="Could not reach the SSRS report server:\nhttps://orbit-ssrs-prod-int.optum.com/ReportServer?/Optum%20ET/EUTS%20Dev%20Ops/EUTSDReporting/TransferredFromPowerBIReportServer/CheckInTool-ShippingCenterReports/DDT%20Open%20Requests%20by%20Status%20Raw%20Data&rs:Format=EXCELOPENXML\n\nCheck that you're connected to the corporate network/VPN."
2026-09-12 07:32:35 ERROR   [Thread-6 (worker)] it_asset_app: SSRS asset report: download failed (will try existing cache, if any)
Traceback (most recent call last):
  File "C:\Users\srajaamu\AppData\Roaming\Python\Python314\site-packages\urllib3\connectionpool.py", line 464, in _make_request
    self._validate_conn(conn)
    ~~~~~~~~~~~~~~~~~~~^^^^^^
  File "C:\Users\srajaamu\AppData\Roaming\Python\Python314\site-packages\urllib3\connectionpool.py", line 1106, in _validate_conn
    conn.connect()
    ~~~~~~~~~~~~^^
  File "C:\Users\srajaamu\AppData\Roaming\Python\Python314\site-packages\urllib3\connection.py", line 796, in connect
    sock_and_verified = _ssl_wrap_socket_and_match_hostname(
        sock=sock,
    ...<14 lines>...
        assert_fingerprint=self.assert_fingerprint,
    )
  File "C:\Users\srajaamu\AppData\Roaming\Python\Python314\site-packages\urllib3\connection.py", line 975, in _ssl_wrap_socket_and_match_hostname
    ssl_sock = ssl_wrap_socket(
        sock=sock,
    ...<8 lines>...
        tls_in_tls=tls_in_tls,
    )
  File "C:\Users\srajaamu\AppData\Roaming\Python\Python314\site-packages\urllib3\util\ssl_.py", line 433, in ssl_wrap_socket
    ssl_sock = _ssl_wrap_socket_impl(sock, context, tls_in_tls, server_hostname)
  File "C:\Users\srajaamu\AppData\Roaming\Python\Python314\site-packages\urllib3\util\ssl_.py", line 477, in _ssl_wrap_socket_impl
    return ssl_context.wrap_socket(sock, server_hostname=server_hostname)
           ~~~~~~~~~~~~~~~~~~~~~~~^^^^^^^^^^^^^^^^^^^^^^^^^^^^^^^^^^^^^^^
  File "C:\Program Files\Python314\Lib\ssl.py", line 455, in wrap_socket
    return self.sslsocket_class._create(
           ~~~~~~~~~~~~~~~~~~~~~~~~~~~~^
        sock=sock,
        ^^^^^^^^^^
    ...<5 lines>...
        session=session
        ^^^^^^^^^^^^^^^
    )
    ^
  File "C:\Program Files\Python314\Lib\ssl.py", line 1076, in _create
    self.do_handshake()
    ~~~~~~~~~~~~~~~~~^^
  File "C:\Program Files\Python314\Lib\ssl.py", line 1372, in do_handshake
    self._sslobj.do_handshake()
    ~~~~~~~~~~~~~~~~~~~~~~~~~^^
ssl.SSLCertVerificationError: [SSL: CERTIFICATE_VERIFY_FAILED] certificate verify failed: self-signed certificate in certificate chain (_ssl.c:1082)

During handling of the above exception, another exception occurred:

Traceback (most recent call last):
  File "C:\Users\srajaamu\AppData\Roaming\Python\Python314\site-packages\urllib3\connectionpool.py", line 788, in urlopen
    response = self._make_request(
        conn,
    ...<10 lines>...
        **response_kw,
    )
  File "C:\Users\srajaamu\AppData\Roaming\Python\Python314\site-packages\urllib3\connectionpool.py", line 488, in _make_request
    raise new_e
urllib3.exceptions.SSLError: [SSL: CERTIFICATE_VERIFY_FAILED] certificate verify failed: self-signed certificate in certificate chain (_ssl.c:1082)

The above exception was the direct cause of the following exception:

Traceback (most recent call last):
  File "C:\Users\srajaamu\AppData\Roaming\Python\Python314\site-packages\requests\adapters.py", line 696, in send
    resp = conn.urlopen(
        method=request.method,
    ...<9 lines>...
        chunked=chunked,
    )
  File "C:\Users\srajaamu\AppData\Roaming\Python\Python314\site-packages\urllib3\connectionpool.py", line 842, in urlopen
    retries = retries.increment(
        method, url, error=new_e, _pool=self, _stacktrace=sys.exc_info()[2]
    )
  File "C:\Users\srajaamu\AppData\Roaming\Python\Python314\site-packages\urllib3\util\retry.py", line 543, in increment
    raise MaxRetryError(_pool, url, reason) from reason  # type: ignore[arg-type]
    ^^^^^^^^^^^^^^^^^^^^^^^^^^^^^^^^^^^^^^^^^^^^^^^^^^^
urllib3.exceptions.MaxRetryError: HTTPSConnectionPool(host='orbit-ssrs-prod-int.optum.com', port=443): Max retries exceeded with url: /ReportServer?/Optum%20ET/EUTS%20Dev%20Ops/EUTSDReporting/TransferredFromPowerBIReportServer/CheckInTool-ShippingCenterReports/DDT%20Open%20Requests%20by%20Status%20Raw%20Data&rs:Format=EXCELOPENXML (Caused by SSLError(SSLCertVerificationError(1, '[SSL: CERTIFICATE_VERIFY_FAILED] certificate verify failed: self-signed certificate in certificate chain (_ssl.c:1082)')))

During handling of the above exception, another exception occurred:

Traceback (most recent call last):
  File "C:\Users\srajaamu\OneDrive - UHG\Topaz_automation\WorkFlow_Topaz\app.py", line 3466, in download_ssrs_asset_report
    resp = requests.get(url, auth=auth, timeout=timeout)
  File "C:\Users\srajaamu\AppData\Roaming\Python\Python314\site-packages\requests\api.py", line 87, in get
    return request("get", url, params=params, **kwargs)
  File "C:\Users\srajaamu\AppData\Roaming\Python\Python314\site-packages\requests\api.py", line 71, in request
    return session.request(method=method, url=url, **kwargs)
           ~~~~~~~~~~~~~~~^^^^^^^^^^^^^^^^^^^^^^^^^^^^^^^^^^
  File "C:\Users\srajaamu\AppData\Roaming\Python\Python314\site-packages\requests\sessions.py", line 651, in request
    resp = self.send(prep, **send_kwargs)
  File "C:\Users\srajaamu\AppData\Roaming\Python\Python314\site-packages\requests\sessions.py", line 784, in send
    r = adapter.send(request, **kwargs)
  File "C:\Users\srajaamu\AppData\Roaming\Python\Python314\site-packages\requests\adapters.py", line 727, in send
    raise SSLError(e, request=request)
requests.exceptions.SSLError: HTTPSConnectionPool(host='orbit-ssrs-prod-int.optum.com', port=443): Max retries exceeded with url: /ReportServer?/Optum%20ET/EUTS%20Dev%20Ops/EUTSDReporting/TransferredFromPowerBIReportServer/CheckInTool-ShippingCenterReports/DDT%20Open%20Requests%20by%20Status%20Raw%20Data&rs:Format=EXCELOPENXML (Caused by SSLError(SSLCertVerificationError(1, '[SSL: CERTIFICATE_VERIFY_FAILED] certificate verify failed: self-signed certificate in certificate chain (_ssl.c:1082)')))

The above exception was the direct cause of the following exception:

Traceback (most recent call last):
  File "C:\Users\srajaamu\OneDrive - UHG\Topaz_automation\WorkFlow_Topaz\app.py", line 3834, in worker
    download_ssrs_asset_report(url, cache_path)
    ~~~~~~~~~~~~~~~~~~~~~~~~~~^^^^^^^^^^^^^^^^^
  File "C:\Users\srajaamu\OneDrive - UHG\Topaz_automation\WorkFlow_Topaz\app.py", line 3469, in download_ssrs_asset_report
    raise RuntimeError(
    ...<2 lines>...
    ) from exc
RuntimeError: Could not reach the SSRS report server:
https://orbit-ssrs-prod-int.optum.com/ReportServer?/Optum%20ET/EUTS%20Dev%20Ops/EUTSDReporting/TransferredFromPowerBIReportServer/CheckInTool-ShippingCenterReports/DDT%20Open%20Requests%20by%20Status%20Raw%20Data&rs:Format=EXCELOPENXML

Check that you're connected to the corporate network/VPN.
2026-09-12 07:32:35 INFO    [MainThread] it_asset_app: SSRS asset report: status='Download Failed' records=0 error="Could not reach the SSRS report server:\nhttps://orbit-ssrs-prod-int.optum.com/ReportServer?/Optum%20ET/EUTS%20Dev%20Ops/EUTSDReporting/TransferredFromPowerBIReportServer/CheckInTool-ShippingCenterReports/DDT%20Open%20Requests%20by%20Status%20Raw%20Data&rs:Format=EXCELOPENXML\n\nCheck that you're connected to the corporate network/VPN."
2026-09-12 07:32:35 ERROR   [Thread-7 (worker)] it_asset_app: SSRS asset report: download failed (will try existing cache, if any)
Traceback (most recent call last):
  File "C:\Users\srajaamu\AppData\Roaming\Python\Python314\site-packages\urllib3\connectionpool.py", line 464, in _make_request
    self._validate_conn(conn)
    ~~~~~~~~~~~~~~~~~~~^^^^^^
  File "C:\Users\srajaamu\AppData\Roaming\Python\Python314\site-packages\urllib3\connectionpool.py", line 1106, in _validate_conn
    conn.connect()
    ~~~~~~~~~~~~^^
  File "C:\Users\srajaamu\AppData\Roaming\Python\Python314\site-packages\urllib3\connection.py", line 796, in connect
    sock_and_verified = _ssl_wrap_socket_and_match_hostname(
        sock=sock,
    ...<14 lines>...
        assert_fingerprint=self.assert_fingerprint,
    )
  File "C:\Users\srajaamu\AppData\Roaming\Python\Python314\site-packages\urllib3\connection.py", line 975, in _ssl_wrap_socket_and_match_hostname
    ssl_sock = ssl_wrap_socket(
        sock=sock,
    ...<8 lines>...
        tls_in_tls=tls_in_tls,
    )
  File "C:\Users\srajaamu\AppData\Roaming\Python\Python314\site-packages\urllib3\util\ssl_.py", line 433, in ssl_wrap_socket
    ssl_sock = _ssl_wrap_socket_impl(sock, context, tls_in_tls, server_hostname)
  File "C:\Users\srajaamu\AppData\Roaming\Python\Python314\site-packages\urllib3\util\ssl_.py", line 477, in _ssl_wrap_socket_impl
    return ssl_context.wrap_socket(sock, server_hostname=server_hostname)
           ~~~~~~~~~~~~~~~~~~~~~~~^^^^^^^^^^^^^^^^^^^^^^^^^^^^^^^^^^^^^^^
  File "C:\Program Files\Python314\Lib\ssl.py", line 455, in wrap_socket
    return self.sslsocket_class._create(
           ~~~~~~~~~~~~~~~~~~~~~~~~~~~~^
        sock=sock,
        ^^^^^^^^^^
    ...<5 lines>...
        session=session
        ^^^^^^^^^^^^^^^
    )
    ^
  File "C:\Program Files\Python314\Lib\ssl.py", line 1076, in _create
    self.do_handshake()
    ~~~~~~~~~~~~~~~~~^^
  File "C:\Program Files\Python314\Lib\ssl.py", line 1372, in do_handshake
    self._sslobj.do_handshake()
    ~~~~~~~~~~~~~~~~~~~~~~~~~^^
ssl.SSLCertVerificationError: [SSL: CERTIFICATE_VERIFY_FAILED] certificate verify failed: self-signed certificate in certificate chain (_ssl.c:1082)

During handling of the above exception, another exception occurred:

Traceback (most recent call last):
  File "C:\Users\srajaamu\AppData\Roaming\Python\Python314\site-packages\urllib3\connectionpool.py", line 788, in urlopen
    response = self._make_request(
        conn,
    ...<10 lines>...
        **response_kw,
    )
  File "C:\Users\srajaamu\AppData\Roaming\Python\Python314\site-packages\urllib3\connectionpool.py", line 488, in _make_request
    raise new_e
urllib3.exceptions.SSLError: [SSL: CERTIFICATE_VERIFY_FAILED] certificate verify failed: self-signed certificate in certificate chain (_ssl.c:1082)

The above exception was the direct cause of the following exception:

Traceback (most recent call last):
  File "C:\Users\srajaamu\AppData\Roaming\Python\Python314\site-packages\requests\adapters.py", line 696, in send
    resp = conn.urlopen(
        method=request.method,
    ...<9 lines>...
        chunked=chunked,
    )
  File "C:\Users\srajaamu\AppData\Roaming\Python\Python314\site-packages\urllib3\connectionpool.py", line 842, in urlopen
    retries = retries.increment(
        method, url, error=new_e, _pool=self, _stacktrace=sys.exc_info()[2]
    )
  File "C:\Users\srajaamu\AppData\Roaming\Python\Python314\site-packages\urllib3\util\retry.py", line 543, in increment
    raise MaxRetryError(_pool, url, reason) from reason  # type: ignore[arg-type]
    ^^^^^^^^^^^^^^^^^^^^^^^^^^^^^^^^^^^^^^^^^^^^^^^^^^^
urllib3.exceptions.MaxRetryError: HTTPSConnectionPool(host='orbit-ssrs-prod-int.optum.com', port=443): Max retries exceeded with url: /ReportServer?/Optum%20ET/EUTS%20Dev%20Ops/EUTSDReporting/TransferredFromPowerBIReportServer/CheckInTool-ShippingCenterReports/DDT%20Open%20Requests%20by%20Status%20Raw%20Data&rs:Format=EXCELOPENXML (Caused by SSLError(SSLCertVerificationError(1, '[SSL: CERTIFICATE_VERIFY_FAILED] certificate verify failed: self-signed certificate in certificate chain (_ssl.c:1082)')))

During handling of the above exception, another exception occurred:

Traceback (most recent call last):
  File "C:\Users\srajaamu\OneDrive - UHG\Topaz_automation\WorkFlow_Topaz\app.py", line 3466, in download_ssrs_asset_report
    resp = requests.get(url, auth=auth, timeout=timeout)
  File "C:\Users\srajaamu\AppData\Roaming\Python\Python314\site-packages\requests\api.py", line 87, in get
    return request("get", url, params=params, **kwargs)
  File "C:\Users\srajaamu\AppData\Roaming\Python\Python314\site-packages\requests\api.py", line 71, in request
    return session.request(method=method, url=url, **kwargs)
           ~~~~~~~~~~~~~~~^^^^^^^^^^^^^^^^^^^^^^^^^^^^^^^^^^
  File "C:\Users\srajaamu\AppData\Roaming\Python\Python314\site-packages\requests\sessions.py", line 651, in request
    resp = self.send(prep, **send_kwargs)
  File "C:\Users\srajaamu\AppData\Roaming\Python\Python314\site-packages\requests\sessions.py", line 784, in send
    r = adapter.send(request, **kwargs)
  File "C:\Users\srajaamu\AppData\Roaming\Python\Python314\site-packages\requests\adapters.py", line 727, in send
    raise SSLError(e, request=request)
requests.exceptions.SSLError: HTTPSConnectionPool(host='orbit-ssrs-prod-int.optum.com', port=443): Max retries exceeded with url: /ReportServer?/Optum%20ET/EUTS%20Dev%20Ops/EUTSDReporting/TransferredFromPowerBIReportServer/CheckInTool-ShippingCenterReports/DDT%20Open%20Requests%20by%20Status%20Raw%20Data&rs:Format=EXCELOPENXML (Caused by SSLError(SSLCertVerificationError(1, '[SSL: CERTIFICATE_VERIFY_FAILED] certificate verify failed: self-signed certificate in certificate chain (_ssl.c:1082)')))

The above exception was the direct cause of the following exception:

Traceback (most recent call last):
  File "C:\Users\srajaamu\OneDrive - UHG\Topaz_automation\WorkFlow_Topaz\app.py", line 3834, in worker
    download_ssrs_asset_report(url, cache_path)
    ~~~~~~~~~~~~~~~~~~~~~~~~~~^^^^^^^^^^^^^^^^^
  File "C:\Users\srajaamu\OneDrive - UHG\Topaz_automation\WorkFlow_Topaz\app.py", line 3469, in download_ssrs_asset_report
    raise RuntimeError(
    ...<2 lines>...
    ) from exc
RuntimeError: Could not reach the SSRS report server:
https://orbit-ssrs-prod-int.optum.com/ReportServer?/Optum%20ET/EUTS%20Dev%20Ops/EUTSDReporting/TransferredFromPowerBIReportServer/CheckInTool-ShippingCenterReports/DDT%20Open%20Requests%20by%20Status%20Raw%20Data&rs:Format=EXCELOPENXML

Check that you're connected to the corporate network/VPN.
2026-09-12 07:32:35 INFO    [MainThread] it_asset_app: SSRS asset report: status='Download Failed' records=0 error="Could not reach the SSRS report server:\nhttps://orbit-ssrs-prod-int.optum.com/ReportServer?/Optum%20ET/EUTS%20Dev%20Ops/EUTSDReporting/TransferredFromPowerBIReportServer/CheckInTool-ShippingCenterReports/DDT%20Open%20Requests%20by%20Status%20Raw%20Data&rs:Format=EXCELOPENXML\n\nCheck that you're connected to the corporate network/VPN."
2026-09-12 07:32:35 ERROR   [Thread-8 (worker)] it_asset_app: SSRS asset report: download failed (will try existing cache, if any)
Traceback (most recent call last):
  File "C:\Users\srajaamu\AppData\Roaming\Python\Python314\site-packages\urllib3\connectionpool.py", line 464, in _make_request
    self._validate_conn(conn)
    ~~~~~~~~~~~~~~~~~~~^^^^^^
  File "C:\Users\srajaamu\AppData\Roaming\Python\Python314\site-packages\urllib3\connectionpool.py", line 1106, in _validate_conn
    conn.connect()
    ~~~~~~~~~~~~^^
  File "C:\Users\srajaamu\AppData\Roaming\Python\Python314\site-packages\urllib3\connection.py", line 796, in connect
    sock_and_verified = _ssl_wrap_socket_and_match_hostname(
        sock=sock,
    ...<14 lines>...
        assert_fingerprint=self.assert_fingerprint,
    )
  File "C:\Users\srajaamu\AppData\Roaming\Python\Python314\site-packages\urllib3\connection.py", line 975, in _ssl_wrap_socket_and_match_hostname
    ssl_sock = ssl_wrap_socket(
        sock=sock,
    ...<8 lines>...
        tls_in_tls=tls_in_tls,
    )
  File "C:\Users\srajaamu\AppData\Roaming\Python\Python314\site-packages\urllib3\util\ssl_.py", line 433, in ssl_wrap_socket
    ssl_sock = _ssl_wrap_socket_impl(sock, context, tls_in_tls, server_hostname)
  File "C:\Users\srajaamu\AppData\Roaming\Python\Python314\site-packages\urllib3\util\ssl_.py", line 477, in _ssl_wrap_socket_impl
    return ssl_context.wrap_socket(sock, server_hostname=server_hostname)
           ~~~~~~~~~~~~~~~~~~~~~~~^^^^^^^^^^^^^^^^^^^^^^^^^^^^^^^^^^^^^^^
  File "C:\Program Files\Python314\Lib\ssl.py", line 455, in wrap_socket
    return self.sslsocket_class._create(
           ~~~~~~~~~~~~~~~~~~~~~~~~~~~~^
        sock=sock,
        ^^^^^^^^^^
    ...<5 lines>...
        session=session
        ^^^^^^^^^^^^^^^
    )
    ^
  File "C:\Program Files\Python314\Lib\ssl.py", line 1076, in _create
    self.do_handshake()
    ~~~~~~~~~~~~~~~~~^^
  File "C:\Program Files\Python314\Lib\ssl.py", line 1372, in do_handshake
    self._sslobj.do_handshake()
    ~~~~~~~~~~~~~~~~~~~~~~~~~^^
ssl.SSLCertVerificationError: [SSL: CERTIFICATE_VERIFY_FAILED] certificate verify failed: self-signed certificate in certificate chain (_ssl.c:1082)

During handling of the above exception, another exception occurred:

Traceback (most recent call last):
  File "C:\Users\srajaamu\AppData\Roaming\Python\Python314\site-packages\urllib3\connectionpool.py", line 788, in urlopen
    response = self._make_request(
        conn,
    ...<10 lines>...
        **response_kw,
    )
  File "C:\Users\srajaamu\AppData\Roaming\Python\Python314\site-packages\urllib3\connectionpool.py", line 488, in _make_request
    raise new_e
urllib3.exceptions.SSLError: [SSL: CERTIFICATE_VERIFY_FAILED] certificate verify failed: self-signed certificate in certificate chain (_ssl.c:1082)

The above exception was the direct cause of the following exception:

Traceback (most recent call last):
  File "C:\Users\srajaamu\AppData\Roaming\Python\Python314\site-packages\requests\adapters.py", line 696, in send
    resp = conn.urlopen(
        method=request.method,
    ...<9 lines>...
        chunked=chunked,
    )
  File "C:\Users\srajaamu\AppData\Roaming\Python\Python314\site-packages\urllib3\connectionpool.py", line 842, in urlopen
    retries = retries.increment(
        method, url, error=new_e, _pool=self, _stacktrace=sys.exc_info()[2]
    )
  File "C:\Users\srajaamu\AppData\Roaming\Python\Python314\site-packages\urllib3\util\retry.py", line 543, in increment
    raise MaxRetryError(_pool, url, reason) from reason  # type: ignore[arg-type]
    ^^^^^^^^^^^^^^^^^^^^^^^^^^^^^^^^^^^^^^^^^^^^^^^^^^^
urllib3.exceptions.MaxRetryError: HTTPSConnectionPool(host='orbit-ssrs-prod-int.optum.com', port=443): Max retries exceeded with url: /ReportServer?/Optum%20ET/EUTS%20Dev%20Ops/EUTSDReporting/TransferredFromPowerBIReportServer/CheckInTool-ShippingCenterReports/DDT%20Open%20Requests%20by%20Status%20Raw%20Data&rs:Format=EXCELOPENXML (Caused by SSLError(SSLCertVerificationError(1, '[SSL: CERTIFICATE_VERIFY_FAILED] certificate verify failed: self-signed certificate in certificate chain (_ssl.c:1082)')))

During handling of the above exception, another exception occurred:

Traceback (most recent call last):
  File "C:\Users\srajaamu\OneDrive - UHG\Topaz_automation\WorkFlow_Topaz\app.py", line 3466, in download_ssrs_asset_report
    resp = requests.get(url, auth=auth, timeout=timeout)
  File "C:\Users\srajaamu\AppData\Roaming\Python\Python314\site-packages\requests\api.py", line 87, in get
    return request("get", url, params=params, **kwargs)
  File "C:\Users\srajaamu\AppData\Roaming\Python\Python314\site-packages\requests\api.py", line 71, in request
    return session.request(method=method, url=url, **kwargs)
           ~~~~~~~~~~~~~~~^^^^^^^^^^^^^^^^^^^^^^^^^^^^^^^^^^
  File "C:\Users\srajaamu\AppData\Roaming\Python\Python314\site-packages\requests\sessions.py", line 651, in request
    resp = self.send(prep, **send_kwargs)
  File "C:\Users\srajaamu\AppData\Roaming\Python\Python314\site-packages\requests\sessions.py", line 784, in send
    r = adapter.send(request, **kwargs)
  File "C:\Users\srajaamu\AppData\Roaming\Python\Python314\site-packages\requests\adapters.py", line 727, in send
    raise SSLError(e, request=request)
requests.exceptions.SSLError: HTTPSConnectionPool(host='orbit-ssrs-prod-int.optum.com', port=443): Max retries exceeded with url: /ReportServer?/Optum%20ET/EUTS%20Dev%20Ops/EUTSDReporting/TransferredFromPowerBIReportServer/CheckInTool-ShippingCenterReports/DDT%20Open%20Requests%20by%20Status%20Raw%20Data&rs:Format=EXCELOPENXML (Caused by SSLError(SSLCertVerificationError(1, '[SSL: CERTIFICATE_VERIFY_FAILED] certificate verify failed: self-signed certificate in certificate chain (_ssl.c:1082)')))

The above exception was the direct cause of the following exception:

Traceback (most recent call last):
  File "C:\Users\srajaamu\OneDrive - UHG\Topaz_automation\WorkFlow_Topaz\app.py", line 3834, in worker
    download_ssrs_asset_report(url, cache_path)
    ~~~~~~~~~~~~~~~~~~~~~~~~~~^^^^^^^^^^^^^^^^^
  File "C:\Users\srajaamu\OneDrive - UHG\Topaz_automation\WorkFlow_Topaz\app.py", line 3469, in download_ssrs_asset_report
    raise RuntimeError(
    ...<2 lines>...
    ) from exc
RuntimeError: Could not reach the SSRS report server:
https://orbit-ssrs-prod-int.optum.com/ReportServer?/Optum%20ET/EUTS%20Dev%20Ops/EUTSDReporting/TransferredFromPowerBIReportServer/CheckInTool-ShippingCenterReports/DDT%20Open%20Requests%20by%20Status%20Raw%20Data&rs:Format=EXCELOPENXML

Check that you're connected to the corporate network/VPN.
2026-09-12 07:32:35 INFO    [MainThread] it_asset_app: SSRS asset report: status='Download Failed' records=0 error="Could not reach the SSRS report server:\nhttps://orbit-ssrs-prod-int.optum.com/ReportServer?/Optum%20ET/EUTS%20Dev%20Ops/EUTSDReporting/TransferredFromPowerBIReportServer/CheckInTool-ShippingCenterReports/DDT%20Open%20Requests%20by%20Status%20Raw%20Data&rs:Format=EXCELOPENXML\n\nCheck that you're connected to the corporate network/VPN."
2026-09-12 07:32:35 ERROR   [Thread-9 (worker)] it_asset_app: SSRS asset report: download failed (will try existing cache, if any)
Traceback (most recent call last):
  File "C:\Users\srajaamu\AppData\Roaming\Python\Python314\site-packages\urllib3\connectionpool.py", line 464, in _make_request
    self._validate_conn(conn)
    ~~~~~~~~~~~~~~~~~~~^^^^^^
  File "C:\Users\srajaamu\AppData\Roaming\Python\Python314\site-packages\urllib3\connectionpool.py", line 1106, in _validate_conn
    conn.connect()
    ~~~~~~~~~~~~^^
  File "C:\Users\srajaamu\AppData\Roaming\Python\Python314\site-packages\urllib3\connection.py", line 796, in connect
    sock_and_verified = _ssl_wrap_socket_and_match_hostname(
        sock=sock,
    ...<14 lines>...
        assert_fingerprint=self.assert_fingerprint,
    )
  File "C:\Users\srajaamu\AppData\Roaming\Python\Python314\site-packages\urllib3\connection.py", line 975, in _ssl_wrap_socket_and_match_hostname
    ssl_sock = ssl_wrap_socket(
        sock=sock,
    ...<8 lines>...
        tls_in_tls=tls_in_tls,
    )
  File "C:\Users\srajaamu\AppData\Roaming\Python\Python314\site-packages\urllib3\util\ssl_.py", line 433, in ssl_wrap_socket
    ssl_sock = _ssl_wrap_socket_impl(sock, context, tls_in_tls, server_hostname)
  File "C:\Users\srajaamu\AppData\Roaming\Python\Python314\site-packages\urllib3\util\ssl_.py", line 477, in _ssl_wrap_socket_impl
    return ssl_context.wrap_socket(sock, server_hostname=server_hostname)
           ~~~~~~~~~~~~~~~~~~~~~~~^^^^^^^^^^^^^^^^^^^^^^^^^^^^^^^^^^^^^^^
  File "C:\Program Files\Python314\Lib\ssl.py", line 455, in wrap_socket
    return self.sslsocket_class._create(
           ~~~~~~~~~~~~~~~~~~~~~~~~~~~~^
        sock=sock,
        ^^^^^^^^^^
    ...<5 lines>...
        session=session
        ^^^^^^^^^^^^^^^
    )
    ^
  File "C:\Program Files\Python314\Lib\ssl.py", line 1076, in _create
    self.do_handshake()
    ~~~~~~~~~~~~~~~~~^^
  File "C:\Program Files\Python314\Lib\ssl.py", line 1372, in do_handshake
    self._sslobj.do_handshake()
    ~~~~~~~~~~~~~~~~~~~~~~~~~^^
ssl.SSLCertVerificationError: [SSL: CERTIFICATE_VERIFY_FAILED] certificate verify failed: self-signed certificate in certificate chain (_ssl.c:1082)

During handling of the above exception, another exception occurred:

Traceback (most recent call last):
  File "C:\Users\srajaamu\AppData\Roaming\Python\Python314\site-packages\urllib3\connectionpool.py", line 788, in urlopen
    response = self._make_request(
        conn,
    ...<10 lines>...
        **response_kw,
    )
  File "C:\Users\srajaamu\AppData\Roaming\Python\Python314\site-packages\urllib3\connectionpool.py", line 488, in _make_request
    raise new_e
urllib3.exceptions.SSLError: [SSL: CERTIFICATE_VERIFY_FAILED] certificate verify failed: self-signed certificate in certificate chain (_ssl.c:1082)

The above exception was the direct cause of the following exception:

Traceback (most recent call last):
  File "C:\Users\srajaamu\AppData\Roaming\Python\Python314\site-packages\requests\adapters.py", line 696, in send
    resp = conn.urlopen(
        method=request.method,
    ...<9 lines>...
        chunked=chunked,
    )
  File "C:\Users\srajaamu\AppData\Roaming\Python\Python314\site-packages\urllib3\connectionpool.py", line 842, in urlopen
    retries = retries.increment(
        method, url, error=new_e, _pool=self, _stacktrace=sys.exc_info()[2]
    )
  File "C:\Users\srajaamu\AppData\Roaming\Python\Python314\site-packages\urllib3\util\retry.py", line 543, in increment
    raise MaxRetryError(_pool, url, reason) from reason  # type: ignore[arg-type]
    ^^^^^^^^^^^^^^^^^^^^^^^^^^^^^^^^^^^^^^^^^^^^^^^^^^^
urllib3.exceptions.MaxRetryError: HTTPSConnectionPool(host='orbit-ssrs-prod-int.optum.com', port=443): Max retries exceeded with url: /ReportServer?/Optum%20ET/EUTS%20Dev%20Ops/EUTSDReporting/TransferredFromPowerBIReportServer/CheckInTool-ShippingCenterReports/DDT%20Open%20Requests%20by%20Status%20Raw%20Data&rs:Format=EXCELOPENXML (Caused by SSLError(SSLCertVerificationError(1, '[SSL: CERTIFICATE_VERIFY_FAILED] certificate verify failed: self-signed certificate in certificate chain (_ssl.c:1082)')))

During handling of the above exception, another exception occurred:

Traceback (most recent call last):
  File "C:\Users\srajaamu\OneDrive - UHG\Topaz_automation\WorkFlow_Topaz\app.py", line 3466, in download_ssrs_asset_report
    resp = requests.get(url, auth=auth, timeout=timeout)
  File "C:\Users\srajaamu\AppData\Roaming\Python\Python314\site-packages\requests\api.py", line 87, in get
    return request("get", url, params=params, **kwargs)
  File "C:\Users\srajaamu\AppData\Roaming\Python\Python314\site-packages\requests\api.py", line 71, in request
    return session.request(method=method, url=url, **kwargs)
           ~~~~~~~~~~~~~~~^^^^^^^^^^^^^^^^^^^^^^^^^^^^^^^^^^
  File "C:\Users\srajaamu\AppData\Roaming\Python\Python314\site-packages\requests\sessions.py", line 651, in request
    resp = self.send(prep, **send_kwargs)
  File "C:\Users\srajaamu\AppData\Roaming\Python\Python314\site-packages\requests\sessions.py", line 784, in send
    r = adapter.send(request, **kwargs)
  File "C:\Users\srajaamu\AppData\Roaming\Python\Python314\site-packages\requests\adapters.py", line 727, in send
    raise SSLError(e, request=request)
requests.exceptions.SSLError: HTTPSConnectionPool(host='orbit-ssrs-prod-int.optum.com', port=443): Max retries exceeded with url: /ReportServer?/Optum%20ET/EUTS%20Dev%20Ops/EUTSDReporting/TransferredFromPowerBIReportServer/CheckInTool-ShippingCenterReports/DDT%20Open%20Requests%20by%20Status%20Raw%20Data&rs:Format=EXCELOPENXML (Caused by SSLError(SSLCertVerificationError(1, '[SSL: CERTIFICATE_VERIFY_FAILED] certificate verify failed: self-signed certificate in certificate chain (_ssl.c:1082)')))

The above exception was the direct cause of the following exception:

Traceback (most recent call last):
  File "C:\Users\srajaamu\OneDrive - UHG\Topaz_automation\WorkFlow_Topaz\app.py", line 3834, in worker
    download_ssrs_asset_report(url, cache_path)
    ~~~~~~~~~~~~~~~~~~~~~~~~~~^^^^^^^^^^^^^^^^^
  File "C:\Users\srajaamu\OneDrive - UHG\Topaz_automation\WorkFlow_Topaz\app.py", line 3469, in download_ssrs_asset_report
    raise RuntimeError(
    ...<2 lines>...
    ) from exc
RuntimeError: Could not reach the SSRS report server:
https://orbit-ssrs-prod-int.optum.com/ReportServer?/Optum%20ET/EUTS%20Dev%20Ops/EUTSDReporting/TransferredFromPowerBIReportServer/CheckInTool-ShippingCenterReports/DDT%20Open%20Requests%20by%20Status%20Raw%20Data&rs:Format=EXCELOPENXML

Check that you're connected to the corporate network/VPN.
2026-09-12 07:32:35 INFO    [MainThread] it_asset_app: SSRS asset report: status='Download Failed' records=0 error="Could not reach the SSRS report server:\nhttps://orbit-ssrs-prod-int.optum.com/ReportServer?/Optum%20ET/EUTS%20Dev%20Ops/EUTSDReporting/TransferredFromPowerBIReportServer/CheckInTool-ShippingCenterReports/DDT%20Open%20Requests%20by%20Status%20Raw%20Data&rs:Format=EXCELOPENXML\n\nCheck that you're connected to the corporate network/VPN."
2026-09-12 07:32:36 INFO    [Thread-10 (worker)] it_asset_app: SSRS asset report: downloading (force=True) -> 'C:\\Users\\srajaamu\\OneDrive - UHG\\Topaz_automation\\WorkFlow_Topaz\\cache\\ssrs_asset_report.xlsx'
2026-09-12 07:32:37 INFO    [Thread-11 (worker)] it_asset_app: SSRS asset report: downloading (force=True) -> 'C:\\Users\\srajaamu\\OneDrive - UHG\\Topaz_automation\\WorkFlow_Topaz\\cache\\ssrs_asset_report.xlsx'
2026-09-12 07:32:37 INFO    [Thread-12 (worker)] it_asset_app: SSRS asset report: downloading (force=True) -> 'C:\\Users\\srajaamu\\OneDrive - UHG\\Topaz_automation\\WorkFlow_Topaz\\cache\\ssrs_asset_report.xlsx'
2026-09-12 07:32:37 INFO    [Thread-13 (worker)] it_asset_app: SSRS asset report: downloading (force=True) -> 'C:\\Users\\srajaamu\\OneDrive - UHG\\Topaz_automation\\WorkFlow_Topaz\\cache\\ssrs_asset_report.xlsx'
2026-09-12 07:32:37 ERROR   [Thread-10 (worker)] it_asset_app: SSRS asset report: download failed (will try existing cache, if any)
Traceback (most recent call last):
  File "C:\Users\srajaamu\AppData\Roaming\Python\Python314\site-packages\urllib3\connectionpool.py", line 464, in _make_request
    self._validate_conn(conn)
    ~~~~~~~~~~~~~~~~~~~^^^^^^
  File "C:\Users\srajaamu\AppData\Roaming\Python\Python314\site-packages\urllib3\connectionpool.py", line 1106, in _validate_conn
    conn.connect()
    ~~~~~~~~~~~~^^
  File "C:\Users\srajaamu\AppData\Roaming\Python\Python314\site-packages\urllib3\connection.py", line 796, in connect
    sock_and_verified = _ssl_wrap_socket_and_match_hostname(
        sock=sock,
    ...<14 lines>...
        assert_fingerprint=self.assert_fingerprint,
    )
  File "C:\Users\srajaamu\AppData\Roaming\Python\Python314\site-packages\urllib3\connection.py", line 975, in _ssl_wrap_socket_and_match_hostname
    ssl_sock = ssl_wrap_socket(
        sock=sock,
    ...<8 lines>...
        tls_in_tls=tls_in_tls,
    )
  File "C:\Users\srajaamu\AppData\Roaming\Python\Python314\site-packages\urllib3\util\ssl_.py", line 433, in ssl_wrap_socket
    ssl_sock = _ssl_wrap_socket_impl(sock, context, tls_in_tls, server_hostname)
  File "C:\Users\srajaamu\AppData\Roaming\Python\Python314\site-packages\urllib3\util\ssl_.py", line 477, in _ssl_wrap_socket_impl
    return ssl_context.wrap_socket(sock, server_hostname=server_hostname)
           ~~~~~~~~~~~~~~~~~~~~~~~^^^^^^^^^^^^^^^^^^^^^^^^^^^^^^^^^^^^^^^
  File "C:\Program Files\Python314\Lib\ssl.py", line 455, in wrap_socket
    return self.sslsocket_class._create(
           ~~~~~~~~~~~~~~~~~~~~~~~~~~~~^
        sock=sock,
        ^^^^^^^^^^
    ...<5 lines>...
        session=session
        ^^^^^^^^^^^^^^^
    )
    ^
  File "C:\Program Files\Python314\Lib\ssl.py", line 1076, in _create
    self.do_handshake()
    ~~~~~~~~~~~~~~~~~^^
  File "C:\Program Files\Python314\Lib\ssl.py", line 1372, in do_handshake
    self._sslobj.do_handshake()
    ~~~~~~~~~~~~~~~~~~~~~~~~~^^
ssl.SSLCertVerificationError: [SSL: CERTIFICATE_VERIFY_FAILED] certificate verify failed: self-signed certificate in certificate chain (_ssl.c:1082)

During handling of the above exception, another exception occurred:

Traceback (most recent call last):
  File "C:\Users\srajaamu\AppData\Roaming\Python\Python314\site-packages\urllib3\connectionpool.py", line 788, in urlopen
    response = self._make_request(
        conn,
    ...<10 lines>...
        **response_kw,
    )
  File "C:\Users\srajaamu\AppData\Roaming\Python\Python314\site-packages\urllib3\connectionpool.py", line 488, in _make_request
    raise new_e
urllib3.exceptions.SSLError: [SSL: CERTIFICATE_VERIFY_FAILED] certificate verify failed: self-signed certificate in certificate chain (_ssl.c:1082)

The above exception was the direct cause of the following exception:

Traceback (most recent call last):
  File "C:\Users\srajaamu\AppData\Roaming\Python\Python314\site-packages\requests\adapters.py", line 696, in send
    resp = conn.urlopen(
        method=request.method,
    ...<9 lines>...
        chunked=chunked,
    )
  File "C:\Users\srajaamu\AppData\Roaming\Python\Python314\site-packages\urllib3\connectionpool.py", line 842, in urlopen
    retries = retries.increment(
        method, url, error=new_e, _pool=self, _stacktrace=sys.exc_info()[2]
    )
  File "C:\Users\srajaamu\AppData\Roaming\Python\Python314\site-packages\urllib3\util\retry.py", line 543, in increment
    raise MaxRetryError(_pool, url, reason) from reason  # type: ignore[arg-type]
    ^^^^^^^^^^^^^^^^^^^^^^^^^^^^^^^^^^^^^^^^^^^^^^^^^^^
urllib3.exceptions.MaxRetryError: HTTPSConnectionPool(host='orbit-ssrs-prod-int.optum.com', port=443): Max retries exceeded with url: /ReportServer?/Optum%20ET/EUTS%20Dev%20Ops/EUTSDReporting/TransferredFromPowerBIReportServer/CheckInTool-ShippingCenterReports/DDT%20Open%20Requests%20by%20Status%20Raw%20Data&rs:Format=EXCELOPENXML (Caused by SSLError(SSLCertVerificationError(1, '[SSL: CERTIFICATE_VERIFY_FAILED] certificate verify failed: self-signed certificate in certificate chain (_ssl.c:1082)')))

During handling of the above exception, another exception occurred:

Traceback (most recent call last):
  File "C:\Users\srajaamu\OneDrive - UHG\Topaz_automation\WorkFlow_Topaz\app.py", line 3466, in download_ssrs_asset_report
    resp = requests.get(url, auth=auth, timeout=timeout)
  File "C:\Users\srajaamu\AppData\Roaming\Python\Python314\site-packages\requests\api.py", line 87, in get
    return request("get", url, params=params, **kwargs)
  File "C:\Users\srajaamu\AppData\Roaming\Python\Python314\site-packages\requests\api.py", line 71, in request
    return session.request(method=method, url=url, **kwargs)
           ~~~~~~~~~~~~~~~^^^^^^^^^^^^^^^^^^^^^^^^^^^^^^^^^^
  File "C:\Users\srajaamu\AppData\Roaming\Python\Python314\site-packages\requests\sessions.py", line 651, in request
    resp = self.send(prep, **send_kwargs)
  File "C:\Users\srajaamu\AppData\Roaming\Python\Python314\site-packages\requests\sessions.py", line 784, in send
    r = adapter.send(request, **kwargs)
  File "C:\Users\srajaamu\AppData\Roaming\Python\Python314\site-packages\requests\adapters.py", line 727, in send
    raise SSLError(e, request=request)
requests.exceptions.SSLError: HTTPSConnectionPool(host='orbit-ssrs-prod-int.optum.com', port=443): Max retries exceeded with url: /ReportServer?/Optum%20ET/EUTS%20Dev%20Ops/EUTSDReporting/TransferredFromPowerBIReportServer/CheckInTool-ShippingCenterReports/DDT%20Open%20Requests%20by%20Status%20Raw%20Data&rs:Format=EXCELOPENXML (Caused by SSLError(SSLCertVerificationError(1, '[SSL: CERTIFICATE_VERIFY_FAILED] certificate verify failed: self-signed certificate in certificate chain (_ssl.c:1082)')))

The above exception was the direct cause of the following exception:

Traceback (most recent call last):
  File "C:\Users\srajaamu\OneDrive - UHG\Topaz_automation\WorkFlow_Topaz\app.py", line 3834, in worker
    download_ssrs_asset_report(url, cache_path)
    ~~~~~~~~~~~~~~~~~~~~~~~~~~^^^^^^^^^^^^^^^^^
  File "C:\Users\srajaamu\OneDrive - UHG\Topaz_automation\WorkFlow_Topaz\app.py", line 3469, in download_ssrs_asset_report
    raise RuntimeError(
    ...<2 lines>...
    ) from exc
RuntimeError: Could not reach the SSRS report server:
https://orbit-ssrs-prod-int.optum.com/ReportServer?/Optum%20ET/EUTS%20Dev%20Ops/EUTSDReporting/TransferredFromPowerBIReportServer/CheckInTool-ShippingCenterReports/DDT%20Open%20Requests%20by%20Status%20Raw%20Data&rs:Format=EXCELOPENXML

Check that you're connected to the corporate network/VPN.
2026-09-12 07:32:37 INFO    [MainThread] it_asset_app: SSRS asset report: status='Download Failed' records=0 error="Could not reach the SSRS report server:\nhttps://orbit-ssrs-prod-int.optum.com/ReportServer?/Optum%20ET/EUTS%20Dev%20Ops/EUTSDReporting/TransferredFromPowerBIReportServer/CheckInTool-ShippingCenterReports/DDT%20Open%20Requests%20by%20Status%20Raw%20Data&rs:Format=EXCELOPENXML\n\nCheck that you're connected to the corporate network/VPN."
2026-09-12 07:32:38 ERROR   [Thread-11 (worker)] it_asset_app: SSRS asset report: download failed (will try existing cache, if any)
Traceback (most recent call last):
  File "C:\Users\srajaamu\AppData\Roaming\Python\Python314\site-packages\urllib3\connectionpool.py", line 464, in _make_request
    self._validate_conn(conn)
    ~~~~~~~~~~~~~~~~~~~^^^^^^
  File "C:\Users\srajaamu\AppData\Roaming\Python\Python314\site-packages\urllib3\connectionpool.py", line 1106, in _validate_conn
    conn.connect()
    ~~~~~~~~~~~~^^
  File "C:\Users\srajaamu\AppData\Roaming\Python\Python314\site-packages\urllib3\connection.py", line 796, in connect
    sock_and_verified = _ssl_wrap_socket_and_match_hostname(
        sock=sock,
    ...<14 lines>...
        assert_fingerprint=self.assert_fingerprint,
    )
  File "C:\Users\srajaamu\AppData\Roaming\Python\Python314\site-packages\urllib3\connection.py", line 975, in _ssl_wrap_socket_and_match_hostname
    ssl_sock = ssl_wrap_socket(
        sock=sock,
    ...<8 lines>...
        tls_in_tls=tls_in_tls,
    )
  File "C:\Users\srajaamu\AppData\Roaming\Python\Python314\site-packages\urllib3\util\ssl_.py", line 433, in ssl_wrap_socket
    ssl_sock = _ssl_wrap_socket_impl(sock, context, tls_in_tls, server_hostname)
  File "C:\Users\srajaamu\AppData\Roaming\Python\Python314\site-packages\urllib3\util\ssl_.py", line 477, in _ssl_wrap_socket_impl
    return ssl_context.wrap_socket(sock, server_hostname=server_hostname)
           ~~~~~~~~~~~~~~~~~~~~~~~^^^^^^^^^^^^^^^^^^^^^^^^^^^^^^^^^^^^^^^
  File "C:\Program Files\Python314\Lib\ssl.py", line 455, in wrap_socket
    return self.sslsocket_class._create(
           ~~~~~~~~~~~~~~~~~~~~~~~~~~~~^
        sock=sock,
        ^^^^^^^^^^
    ...<5 lines>...
        session=session
        ^^^^^^^^^^^^^^^
    )
    ^
  File "C:\Program Files\Python314\Lib\ssl.py", line 1076, in _create
    self.do_handshake()
    ~~~~~~~~~~~~~~~~~^^
  File "C:\Program Files\Python314\Lib\ssl.py", line 1372, in do_handshake
    self._sslobj.do_handshake()
    ~~~~~~~~~~~~~~~~~~~~~~~~~^^
ssl.SSLCertVerificationError: [SSL: CERTIFICATE_VERIFY_FAILED] certificate verify failed: self-signed certificate in certificate chain (_ssl.c:1082)

During handling of the above exception, another exception occurred:

Traceback (most recent call last):
  File "C:\Users\srajaamu\AppData\Roaming\Python\Python314\site-packages\urllib3\connectionpool.py", line 788, in urlopen
    response = self._make_request(
        conn,
    ...<10 lines>...
        **response_kw,
    )
  File "C:\Users\srajaamu\AppData\Roaming\Python\Python314\site-packages\urllib3\connectionpool.py", line 488, in _make_request
    raise new_e
urllib3.exceptions.SSLError: [SSL: CERTIFICATE_VERIFY_FAILED] certificate verify failed: self-signed certificate in certificate chain (_ssl.c:1082)

The above exception was the direct cause of the following exception:

Traceback (most recent call last):
  File "C:\Users\srajaamu\AppData\Roaming\Python\Python314\site-packages\requests\adapters.py", line 696, in send
    resp = conn.urlopen(
        method=request.method,
    ...<9 lines>...
        chunked=chunked,
    )
  File "C:\Users\srajaamu\AppData\Roaming\Python\Python314\site-packages\urllib3\connectionpool.py", line 842, in urlopen
    retries = retries.increment(
        method, url, error=new_e, _pool=self, _stacktrace=sys.exc_info()[2]
    )
  File "C:\Users\srajaamu\AppData\Roaming\Python\Python314\site-packages\urllib3\util\retry.py", line 543, in increment
    raise MaxRetryError(_pool, url, reason) from reason  # type: ignore[arg-type]
    ^^^^^^^^^^^^^^^^^^^^^^^^^^^^^^^^^^^^^^^^^^^^^^^^^^^
urllib3.exceptions.MaxRetryError: HTTPSConnectionPool(host='orbit-ssrs-prod-int.optum.com', port=443): Max retries exceeded with url: /ReportServer?/Optum%20ET/EUTS%20Dev%20Ops/EUTSDReporting/TransferredFromPowerBIReportServer/CheckInTool-ShippingCenterReports/DDT%20Open%20Requests%20by%20Status%20Raw%20Data&rs:Format=EXCELOPENXML (Caused by SSLError(SSLCertVerificationError(1, '[SSL: CERTIFICATE_VERIFY_FAILED] certificate verify failed: self-signed certificate in certificate chain (_ssl.c:1082)')))

During handling of the above exception, another exception occurred:

Traceback (most recent call last):
  File "C:\Users\srajaamu\OneDrive - UHG\Topaz_automation\WorkFlow_Topaz\app.py", line 3466, in download_ssrs_asset_report
    resp = requests.get(url, auth=auth, timeout=timeout)
  File "C:\Users\srajaamu\AppData\Roaming\Python\Python314\site-packages\requests\api.py", line 87, in get
    return request("get", url, params=params, **kwargs)
  File "C:\Users\srajaamu\AppData\Roaming\Python\Python314\site-packages\requests\api.py", line 71, in request
    return session.request(method=method, url=url, **kwargs)
           ~~~~~~~~~~~~~~~^^^^^^^^^^^^^^^^^^^^^^^^^^^^^^^^^^
  File "C:\Users\srajaamu\AppData\Roaming\Python\Python314\site-packages\requests\sessions.py", line 651, in request
    resp = self.send(prep, **send_kwargs)
  File "C:\Users\srajaamu\AppData\Roaming\Python\Python314\site-packages\requests\sessions.py", line 784, in send
    r = adapter.send(request, **kwargs)
  File "C:\Users\srajaamu\AppData\Roaming\Python\Python314\site-packages\requests\adapters.py", line 727, in send
    raise SSLError(e, request=request)
requests.exceptions.SSLError: HTTPSConnectionPool(host='orbit-ssrs-prod-int.optum.com', port=443): Max retries exceeded with url: /ReportServer?/Optum%20ET/EUTS%20Dev%20Ops/EUTSDReporting/TransferredFromPowerBIReportServer/CheckInTool-ShippingCenterReports/DDT%20Open%20Requests%20by%20Status%20Raw%20Data&rs:Format=EXCELOPENXML (Caused by SSLError(SSLCertVerificationError(1, '[SSL: CERTIFICATE_VERIFY_FAILED] certificate verify failed: self-signed certificate in certificate chain (_ssl.c:1082)')))

The above exception was the direct cause of the following exception:

Traceback (most recent call last):
  File "C:\Users\srajaamu\OneDrive - UHG\Topaz_automation\WorkFlow_Topaz\app.py", line 3834, in worker
    download_ssrs_asset_report(url, cache_path)
    ~~~~~~~~~~~~~~~~~~~~~~~~~~^^^^^^^^^^^^^^^^^
  File "C:\Users\srajaamu\OneDrive - UHG\Topaz_automation\WorkFlow_Topaz\app.py", line 3469, in download_ssrs_asset_report
    raise RuntimeError(
    ...<2 lines>...
    ) from exc
RuntimeError: Could not reach the SSRS report server:
https://orbit-ssrs-prod-int.optum.com/ReportServer?/Optum%20ET/EUTS%20Dev%20Ops/EUTSDReporting/TransferredFromPowerBIReportServer/CheckInTool-ShippingCenterReports/DDT%20Open%20Requests%20by%20Status%20Raw%20Data&rs:Format=EXCELOPENXML

Check that you're connected to the corporate network/VPN.
2026-09-12 07:32:38 INFO    [MainThread] it_asset_app: SSRS asset report: status='Download Failed' records=0 error="Could not reach the SSRS report server:\nhttps://orbit-ssrs-prod-int.optum.com/ReportServer?/Optum%20ET/EUTS%20Dev%20Ops/EUTSDReporting/TransferredFromPowerBIReportServer/CheckInTool-ShippingCenterReports/DDT%20Open%20Requests%20by%20Status%20Raw%20Data&rs:Format=EXCELOPENXML\n\nCheck that you're connected to the corporate network/VPN."
2026-09-12 07:32:38 ERROR   [Thread-12 (worker)] it_asset_app: SSRS asset report: download failed (will try existing cache, if any)
Traceback (most recent call last):
  File "C:\Users\srajaamu\AppData\Roaming\Python\Python314\site-packages\urllib3\connectionpool.py", line 464, in _make_request
    self._validate_conn(conn)
    ~~~~~~~~~~~~~~~~~~~^^^^^^
  File "C:\Users\srajaamu\AppData\Roaming\Python\Python314\site-packages\urllib3\connectionpool.py", line 1106, in _validate_conn
    conn.connect()
    ~~~~~~~~~~~~^^
  File "C:\Users\srajaamu\AppData\Roaming\Python\Python314\site-packages\urllib3\connection.py", line 796, in connect
    sock_and_verified = _ssl_wrap_socket_and_match_hostname(
        sock=sock,
    ...<14 lines>...
        assert_fingerprint=self.assert_fingerprint,
    )
  File "C:\Users\srajaamu\AppData\Roaming\Python\Python314\site-packages\urllib3\connection.py", line 975, in _ssl_wrap_socket_and_match_hostname
    ssl_sock = ssl_wrap_socket(
        sock=sock,
    ...<8 lines>...
        tls_in_tls=tls_in_tls,
    )
  File "C:\Users\srajaamu\AppData\Roaming\Python\Python314\site-packages\urllib3\util\ssl_.py", line 433, in ssl_wrap_socket
    ssl_sock = _ssl_wrap_socket_impl(sock, context, tls_in_tls, server_hostname)
  File "C:\Users\srajaamu\AppData\Roaming\Python\Python314\site-packages\urllib3\util\ssl_.py", line 477, in _ssl_wrap_socket_impl
    return ssl_context.wrap_socket(sock, server_hostname=server_hostname)
           ~~~~~~~~~~~~~~~~~~~~~~~^^^^^^^^^^^^^^^^^^^^^^^^^^^^^^^^^^^^^^^
  File "C:\Program Files\Python314\Lib\ssl.py", line 455, in wrap_socket
    return self.sslsocket_class._create(
           ~~~~~~~~~~~~~~~~~~~~~~~~~~~~^
        sock=sock,
        ^^^^^^^^^^
    ...<5 lines>...
        session=session
        ^^^^^^^^^^^^^^^
    )
    ^
  File "C:\Program Files\Python314\Lib\ssl.py", line 1076, in _create
    self.do_handshake()
    ~~~~~~~~~~~~~~~~~^^
  File "C:\Program Files\Python314\Lib\ssl.py", line 1372, in do_handshake
    self._sslobj.do_handshake()
    ~~~~~~~~~~~~~~~~~~~~~~~~~^^
ssl.SSLCertVerificationError: [SSL: CERTIFICATE_VERIFY_FAILED] certificate verify failed: self-signed certificate in certificate chain (_ssl.c:1082)

During handling of the above exception, another exception occurred:

Traceback (most recent call last):
  File "C:\Users\srajaamu\AppData\Roaming\Python\Python314\site-packages\urllib3\connectionpool.py", line 788, in urlopen
    response = self._make_request(
        conn,
    ...<10 lines>...
        **response_kw,
    )
  File "C:\Users\srajaamu\AppData\Roaming\Python\Python314\site-packages\urllib3\connectionpool.py", line 488, in _make_request
    raise new_e
urllib3.exceptions.SSLError: [SSL: CERTIFICATE_VERIFY_FAILED] certificate verify failed: self-signed certificate in certificate chain (_ssl.c:1082)

The above exception was the direct cause of the following exception:

Traceback (most recent call last):
  File "C:\Users\srajaamu\AppData\Roaming\Python\Python314\site-packages\requests\adapters.py", line 696, in send
    resp = conn.urlopen(
        method=request.method,
    ...<9 lines>...
        chunked=chunked,
    )
  File "C:\Users\srajaamu\AppData\Roaming\Python\Python314\site-packages\urllib3\connectionpool.py", line 842, in urlopen
    retries = retries.increment(
        method, url, error=new_e, _pool=self, _stacktrace=sys.exc_info()[2]
    )
  File "C:\Users\srajaamu\AppData\Roaming\Python\Python314\site-packages\urllib3\util\retry.py", line 543, in increment
    raise MaxRetryError(_pool, url, reason) from reason  # type: ignore[arg-type]
    ^^^^^^^^^^^^^^^^^^^^^^^^^^^^^^^^^^^^^^^^^^^^^^^^^^^
urllib3.exceptions.MaxRetryError: HTTPSConnectionPool(host='orbit-ssrs-prod-int.optum.com', port=443): Max retries exceeded with url: /ReportServer?/Optum%20ET/EUTS%20Dev%20Ops/EUTSDReporting/TransferredFromPowerBIReportServer/CheckInTool-ShippingCenterReports/DDT%20Open%20Requests%20by%20Status%20Raw%20Data&rs:Format=EXCELOPENXML (Caused by SSLError(SSLCertVerificationError(1, '[SSL: CERTIFICATE_VERIFY_FAILED] certificate verify failed: self-signed certificate in certificate chain (_ssl.c:1082)')))

During handling of the above exception, another exception occurred:

Traceback (most recent call last):
  File "C:\Users\srajaamu\OneDrive - UHG\Topaz_automation\WorkFlow_Topaz\app.py", line 3466, in download_ssrs_asset_report
    resp = requests.get(url, auth=auth, timeout=timeout)
  File "C:\Users\srajaamu\AppData\Roaming\Python\Python314\site-packages\requests\api.py", line 87, in get
    return request("get", url, params=params, **kwargs)
  File "C:\Users\srajaamu\AppData\Roaming\Python\Python314\site-packages\requests\api.py", line 71, in request
    return session.request(method=method, url=url, **kwargs)
           ~~~~~~~~~~~~~~~^^^^^^^^^^^^^^^^^^^^^^^^^^^^^^^^^^
  File "C:\Users\srajaamu\AppData\Roaming\Python\Python314\site-packages\requests\sessions.py", line 651, in request
    resp = self.send(prep, **send_kwargs)
  File "C:\Users\srajaamu\AppData\Roaming\Python\Python314\site-packages\requests\sessions.py", line 784, in send
    r = adapter.send(request, **kwargs)
  File "C:\Users\srajaamu\AppData\Roaming\Python\Python314\site-packages\requests\adapters.py", line 727, in send
    raise SSLError(e, request=request)
requests.exceptions.SSLError: HTTPSConnectionPool(host='orbit-ssrs-prod-int.optum.com', port=443): Max retries exceeded with url: /ReportServer?/Optum%20ET/EUTS%20Dev%20Ops/EUTSDReporting/TransferredFromPowerBIReportServer/CheckInTool-ShippingCenterReports/DDT%20Open%20Requests%20by%20Status%20Raw%20Data&rs:Format=EXCELOPENXML (Caused by SSLError(SSLCertVerificationError(1, '[SSL: CERTIFICATE_VERIFY_FAILED] certificate verify failed: self-signed certificate in certificate chain (_ssl.c:1082)')))

The above exception was the direct cause of the following exception:

Traceback (most recent call last):
  File "C:\Users\srajaamu\OneDrive - UHG\Topaz_automation\WorkFlow_Topaz\app.py", line 3834, in worker
    download_ssrs_asset_report(url, cache_path)
    ~~~~~~~~~~~~~~~~~~~~~~~~~~^^^^^^^^^^^^^^^^^
  File "C:\Users\srajaamu\OneDrive - UHG\Topaz_automation\WorkFlow_Topaz\app.py", line 3469, in download_ssrs_asset_report
    raise RuntimeError(
    ...<2 lines>...
    ) from exc
RuntimeError: Could not reach the SSRS report server:
https://orbit-ssrs-prod-int.optum.com/ReportServer?/Optum%20ET/EUTS%20Dev%20Ops/EUTSDReporting/TransferredFromPowerBIReportServer/CheckInTool-ShippingCenterReports/DDT%20Open%20Requests%20by%20Status%20Raw%20Data&rs:Format=EXCELOPENXML

Check that you're connected to the corporate network/VPN.
2026-09-12 07:32:38 INFO    [MainThread] it_asset_app: SSRS asset report: status='Download Failed' records=0 error="Could not reach the SSRS report server:\nhttps://orbit-ssrs-prod-int.optum.com/ReportServer?/Optum%20ET/EUTS%20Dev%20Ops/EUTSDReporting/TransferredFromPowerBIReportServer/CheckInTool-ShippingCenterReports/DDT%20Open%20Requests%20by%20Status%20Raw%20Data&rs:Format=EXCELOPENXML\n\nCheck that you're connected to the corporate network/VPN."
2026-09-12 07:32:38 ERROR   [Thread-13 (worker)] it_asset_app: SSRS asset report: download failed (will try existing cache, if any)
Traceback (most recent call last):
  File "C:\Users\srajaamu\AppData\Roaming\Python\Python314\site-packages\urllib3\connectionpool.py", line 464, in _make_request
    self._validate_conn(conn)
    ~~~~~~~~~~~~~~~~~~~^^^^^^
  File "C:\Users\srajaamu\AppData\Roaming\Python\Python314\site-packages\urllib3\connectionpool.py", line 1106, in _validate_conn
    conn.connect()
    ~~~~~~~~~~~~^^
  File "C:\Users\srajaamu\AppData\Roaming\Python\Python314\site-packages\urllib3\connection.py", line 796, in connect
    sock_and_verified = _ssl_wrap_socket_and_match_hostname(
        sock=sock,
    ...<14 lines>...
        assert_fingerprint=self.assert_fingerprint,
    )
  File "C:\Users\srajaamu\AppData\Roaming\Python\Python314\site-packages\urllib3\connection.py", line 975, in _ssl_wrap_socket_and_match_hostname
    ssl_sock = ssl_wrap_socket(
        sock=sock,
    ...<8 lines>...
        tls_in_tls=tls_in_tls,
    )
  File "C:\Users\srajaamu\AppData\Roaming\Python\Python314\site-packages\urllib3\util\ssl_.py", line 433, in ssl_wrap_socket
    ssl_sock = _ssl_wrap_socket_impl(sock, context, tls_in_tls, server_hostname)
  File "C:\Users\srajaamu\AppData\Roaming\Python\Python314\site-packages\urllib3\util\ssl_.py", line 477, in _ssl_wrap_socket_impl
    return ssl_context.wrap_socket(sock, server_hostname=server_hostname)
           ~~~~~~~~~~~~~~~~~~~~~~~^^^^^^^^^^^^^^^^^^^^^^^^^^^^^^^^^^^^^^^
  File "C:\Program Files\Python314\Lib\ssl.py", line 455, in wrap_socket
    return self.sslsocket_class._create(
           ~~~~~~~~~~~~~~~~~~~~~~~~~~~~^
        sock=sock,
        ^^^^^^^^^^
    ...<5 lines>...
        session=session
        ^^^^^^^^^^^^^^^
    )
    ^
  File "C:\Program Files\Python314\Lib\ssl.py", line 1076, in _create
    self.do_handshake()
    ~~~~~~~~~~~~~~~~~^^
  File "C:\Program Files\Python314\Lib\ssl.py", line 1372, in do_handshake
    self._sslobj.do_handshake()
    ~~~~~~~~~~~~~~~~~~~~~~~~~^^
ssl.SSLCertVerificationError: [SSL: CERTIFICATE_VERIFY_FAILED] certificate verify failed: self-signed certificate in certificate chain (_ssl.c:1082)

During handling of the above exception, another exception occurred:

Traceback (most recent call last):
  File "C:\Users\srajaamu\AppData\Roaming\Python\Python314\site-packages\urllib3\connectionpool.py", line 788, in urlopen
    response = self._make_request(
        conn,
    ...<10 lines>...
        **response_kw,
    )
  File "C:\Users\srajaamu\AppData\Roaming\Python\Python314\site-packages\urllib3\connectionpool.py", line 488, in _make_request
    raise new_e
urllib3.exceptions.SSLError: [SSL: CERTIFICATE_VERIFY_FAILED] certificate verify failed: self-signed certificate in certificate chain (_ssl.c:1082)

The above exception was the direct cause of the following exception:

Traceback (most recent call last):
  File "C:\Users\srajaamu\AppData\Roaming\Python\Python314\site-packages\requests\adapters.py", line 696, in send
    resp = conn.urlopen(
        method=request.method,
    ...<9 lines>...
        chunked=chunked,
    )
  File "C:\Users\srajaamu\AppData\Roaming\Python\Python314\site-packages\urllib3\connectionpool.py", line 842, in urlopen
    retries = retries.increment(
        method, url, error=new_e, _pool=self, _stacktrace=sys.exc_info()[2]
    )
  File "C:\Users\srajaamu\AppData\Roaming\Python\Python314\site-packages\urllib3\util\retry.py", line 543, in increment
    raise MaxRetryError(_pool, url, reason) from reason  # type: ignore[arg-type]
    ^^^^^^^^^^^^^^^^^^^^^^^^^^^^^^^^^^^^^^^^^^^^^^^^^^^
urllib3.exceptions.MaxRetryError: HTTPSConnectionPool(host='orbit-ssrs-prod-int.optum.com', port=443): Max retries exceeded with url: /ReportServer?/Optum%20ET/EUTS%20Dev%20Ops/EUTSDReporting/TransferredFromPowerBIReportServer/CheckInTool-ShippingCenterReports/DDT%20Open%20Requests%20by%20Status%20Raw%20Data&rs:Format=EXCELOPENXML (Caused by SSLError(SSLCertVerificationError(1, '[SSL: CERTIFICATE_VERIFY_FAILED] certificate verify failed: self-signed certificate in certificate chain (_ssl.c:1082)')))

During handling of the above exception, another exception occurred:

Traceback (most recent call last):
  File "C:\Users\srajaamu\OneDrive - UHG\Topaz_automation\WorkFlow_Topaz\app.py", line 3466, in download_ssrs_asset_report
    resp = requests.get(url, auth=auth, timeout=timeout)
  File "C:\Users\srajaamu\AppData\Roaming\Python\Python314\site-packages\requests\api.py", line 87, in get
    return request("get", url, params=params, **kwargs)
  File "C:\Users\srajaamu\AppData\Roaming\Python\Python314\site-packages\requests\api.py", line 71, in request
    return session.request(method=method, url=url, **kwargs)
           ~~~~~~~~~~~~~~~^^^^^^^^^^^^^^^^^^^^^^^^^^^^^^^^^^
  File "C:\Users\srajaamu\AppData\Roaming\Python\Python314\site-packages\requests\sessions.py", line 651, in request
    resp = self.send(prep, **send_kwargs)
  File "C:\Users\srajaamu\AppData\Roaming\Python\Python314\site-packages\requests\sessions.py", line 784, in send
    r = adapter.send(request, **kwargs)
  File "C:\Users\srajaamu\AppData\Roaming\Python\Python314\site-packages\requests\adapters.py", line 727, in send
    raise SSLError(e, request=request)
requests.exceptions.SSLError: HTTPSConnectionPool(host='orbit-ssrs-prod-int.optum.com', port=443): Max retries exceeded with url: /ReportServer?/Optum%20ET/EUTS%20Dev%20Ops/EUTSDReporting/TransferredFromPowerBIReportServer/CheckInTool-ShippingCenterReports/DDT%20Open%20Requests%20by%20Status%20Raw%20Data&rs:Format=EXCELOPENXML (Caused by SSLError(SSLCertVerificationError(1, '[SSL: CERTIFICATE_VERIFY_FAILED] certificate verify failed: self-signed certificate in certificate chain (_ssl.c:1082)')))

The above exception was the direct cause of the following exception:

Traceback (most recent call last):
  File "C:\Users\srajaamu\OneDrive - UHG\Topaz_automation\WorkFlow_Topaz\app.py", line 3834, in worker
    download_ssrs_asset_report(url, cache_path)
    ~~~~~~~~~~~~~~~~~~~~~~~~~~^^^^^^^^^^^^^^^^^
  File "C:\Users\srajaamu\OneDrive - UHG\Topaz_automation\WorkFlow_Topaz\app.py", line 3469, in download_ssrs_asset_report
    raise RuntimeError(
    ...<2 lines>...
    ) from exc
RuntimeError: Could not reach the SSRS report server:
https://orbit-ssrs-prod-int.optum.com/ReportServer?/Optum%20ET/EUTS%20Dev%20Ops/EUTSDReporting/TransferredFromPowerBIReportServer/CheckInTool-ShippingCenterReports/DDT%20Open%20Requests%20by%20Status%20Raw%20Data&rs:Format=EXCELOPENXML

Check that you're connected to the corporate network/VPN.
2026-09-12 07:32:38 INFO    [MainThread] it_asset_app: SSRS asset report: status='Download Failed' records=0 error="Could not reach the SSRS report server:\nhttps://orbit-ssrs-prod-int.optum.com/ReportServer?/Optum%20ET/EUTS%20Dev%20Ops/EUTSDReporting/TransferredFromPowerBIReportServer/CheckInTool-ShippingCenterReports/DDT%20Open%20Requests%20by%20Status%20Raw%20Data&rs:Format=EXCELOPENXML\n\nCheck that you're connected to the corporate network/VPN."
