2026-09-13 06:56:56 INFO    [MainThread] it_asset_app: ======================================================================
2026-09-13 06:56:56 INFO    [MainThread] it_asset_app: App starting - log file: C:\Users\srajaamu\OneDrive - UHG\Topaz_automation\WorkFlow_Topaz\logs\application.log
2026-09-13 06:56:56 INFO    [MainThread] it_asset_app: Python: 3.14.7 | frozen: False
2026-09-13 06:56:57 INFO    [MainThread] it_asset_app: WizardApp: starting up. ad_lookup_mode='ssrs_report' use_topaz_pad=True bu_templates_folder='bu_templates' root_save_folder='Z:/Topaz_auto' operator_name='Sriram'
2026-09-13 06:56:57 INFO    [MainThread] it_asset_app: WizardApp: GUI ready
2026-09-13 06:56:57 INFO    [Thread-2 (worker)] it_asset_app: SSRS asset report: downloading (force=False) -> 'C:\\Users\\srajaamu\\OneDrive - UHG\\Topaz_automation\\WorkFlow_Topaz\\cache\\ssrs_asset_report.xlsx'
2026-09-13 06:56:57 INFO    [Thread-1 (start)] it_asset_app: AD helper: launched new subprocess (pid=24404): ['C:\\Program Files\\Python314\\python.exe', 'C:\\Users\\srajaamu\\OneDrive - UHG\\Topaz_automation\\WorkFlow_Topaz\\app.py', '--webview-helper']
2026-09-13 06:56:58 INFO    [MainThread] it_asset_app: ======================================================================
2026-09-13 06:56:58 INFO    [MainThread] it_asset_app: App starting - log file: C:\Users\srajaamu\OneDrive - UHG\Topaz_automation\WorkFlow_Topaz\logs\application.log
2026-09-13 06:56:58 INFO    [MainThread] it_asset_app: Python: 3.14.7 | frozen: False
2026-09-13 06:56:58 INFO    [MainThread] it_asset_app: AD helper: subprocess started (pid=24404)
2026-09-13 06:56:58 INFO    [MainThread] it_asset_app: Startup health check: [('Microsoft Word', True, ''), ('Signing Certificate', True, ''), ('SSRS Asset Report', False, 'Stale'), ('Save Folder', True, 'Z:/Topaz_auto'), ('BU Templates', True, '5 loaded')]
2026-09-13 06:57:28 INFO    [MainThread] it_asset_app: SSRS asset report: status='Available' records=1933 error=''
2026-09-13 06:57:59 INFO    [Thread-4 (worker)] it_asset_app: SSRS asset report: downloading (force=True) -> 'C:\\Users\\srajaamu\\OneDrive - UHG\\Topaz_automation\\WorkFlow_Topaz\\cache\\ssrs_asset_report.xlsx'
2026-09-13 06:58:15 INFO    [MainThread] it_asset_app: SSRS asset report: status='Available' records=1933 error=''
2026-09-13 06:58:17 INFO    [Thread-5 (worker)] it_asset_app: AD helper: launched new subprocess (pid=49760): ['C:\\Program Files\\Python314\\python.exe', 'C:\\Users\\srajaamu\\OneDrive - UHG\\Topaz_automation\\WorkFlow_Topaz\\app.py', '--webview-helper']
2026-09-13 06:58:18 INFO    [MainThread] it_asset_app: ======================================================================
2026-09-13 06:58:18 INFO    [MainThread] it_asset_app: App starting - log file: C:\Users\srajaamu\OneDrive - UHG\Topaz_automation\WorkFlow_Topaz\logs\application.log
2026-09-13 06:58:18 INFO    [MainThread] it_asset_app: Python: 3.14.7 | frozen: False
2026-09-13 06:58:19 INFO    [MainThread] it_asset_app: AD helper: subprocess started (pid=49760)
2026-09-13 06:58:19 DEBUG   [Thread-5 (worker)] it_asset_app: Manager AD fallback: lookup failed for '900311850' (non-fatal)
Traceback (most recent call last):
  File "C:\Users\srajaamu\OneDrive - UHG\Topaz_automation\WorkFlow_Topaz\app.py", line 4770, in worker
    candidates = self.browser_session.search(emp_id)
  File "C:\Users\srajaamu\OneDrive - UHG\Topaz_automation\WorkFlow_Topaz\app.py", line 765, in search
    raise RuntimeError(result["error"])
RuntimeError: CONFIG -> ad_lookup_ssrs.search_page_url must be set to your real 'Active Directory Search' report URL. See README.md.
2026-09-13 06:58:25 INFO    [Thread-7 (worker)] it_asset_app: AD helper: launched new subprocess (pid=45004): ['C:\\Program Files\\Python314\\python.exe', 'C:\\Users\\srajaamu\\OneDrive - UHG\\Topaz_automation\\WorkFlow_Topaz\\app.py', '--webview-helper']
2026-09-13 06:58:26 INFO    [MainThread] it_asset_app: ======================================================================
2026-09-13 06:58:26 INFO    [MainThread] it_asset_app: App starting - log file: C:\Users\srajaamu\OneDrive - UHG\Topaz_automation\WorkFlow_Topaz\logs\application.log
2026-09-13 06:58:26 INFO    [MainThread] it_asset_app: Python: 3.14.7 | frozen: False
2026-09-13 06:58:27 INFO    [MainThread] it_asset_app: AD helper: subprocess started (pid=45004)
2026-09-13 06:58:27 ERROR   [MainThread] it_asset_app: AD lookup failed for the active Employee ID (showing friendly message to operator): CONFIG -> ad_lookup_ssrs.search_page_url must be set to your real 'Active Directory Search' report URL. See README.md.
Traceback (most recent call last):
  File "C:\Users\srajaamu\OneDrive - UHG\Topaz_automation\WorkFlow_Topaz\app.py", line 4816, in worker
    candidates = self.browser_session.search(emp_id)
  File "C:\Users\srajaamu\OneDrive - UHG\Topaz_automation\WorkFlow_Topaz\app.py", line 765, in search
    raise RuntimeError(result["error"])
RuntimeError: CONFIG -> ad_lookup_ssrs.search_page_url must be set to your real 'Active Directory Search' report URL. See README.md.
2026-09-14 12:13:00 INFO    [Thread-9 (worker)] it_asset_app: AD helper: launched new subprocess (pid=43620): ['C:\\Program Files\\Python314\\python.exe', 'C:\\Users\\srajaamu\\OneDrive - UHG\\Topaz_automation\\WorkFlow_Topaz\\app.py', '--webview-helper']
2026-09-14 12:13:01 INFO    [MainThread] it_asset_app: ======================================================================
2026-09-14 12:13:01 INFO    [MainThread] it_asset_app: App starting - log file: C:\Users\srajaamu\OneDrive - UHG\Topaz_automation\WorkFlow_Topaz\logs\application.log
2026-09-14 12:13:01 INFO    [MainThread] it_asset_app: Python: 3.14.7 | frozen: False
2026-09-14 12:13:01 INFO    [MainThread] it_asset_app: AD helper: subprocess started (pid=43620)
2026-09-14 12:13:01 ERROR   [MainThread] it_asset_app: AD lookup failed for the active Employee ID (showing friendly message to operator): CONFIG -> ad_lookup_ssrs.search_page_url must be set to your real 'Active Directory Search' report URL. See README.md.
Traceback (most recent call last):
  File "C:\Users\srajaamu\OneDrive - UHG\Topaz_automation\WorkFlow_Topaz\app.py", line 4816, in worker
    candidates = self.browser_session.search(emp_id)
  File "C:\Users\srajaamu\OneDrive - UHG\Topaz_automation\WorkFlow_Topaz\app.py", line 765, in search
    raise RuntimeError(result["error"])
RuntimeError: CONFIG -> ad_lookup_ssrs.search_page_url must be set to your real 'Active Directory Search' report URL. See README.md.
2026-09-14 12:13:04 INFO    [Thread-11 (worker)] it_asset_app: AD helper: launched new subprocess (pid=34128): ['C:\\Program Files\\Python314\\python.exe', 'C:\\Users\\srajaamu\\OneDrive - UHG\\Topaz_automation\\WorkFlow_Topaz\\app.py', '--webview-helper']
2026-09-14 12:13:05 INFO    [MainThread] it_asset_app: ======================================================================
2026-09-14 12:13:05 INFO    [MainThread] it_asset_app: App starting - log file: C:\Users\srajaamu\OneDrive - UHG\Topaz_automation\WorkFlow_Topaz\logs\application.log
2026-09-14 12:13:05 INFO    [MainThread] it_asset_app: Python: 3.14.7 | frozen: False
2026-09-14 12:13:05 INFO    [MainThread] it_asset_app: AD helper: subprocess started (pid=34128)
2026-09-14 12:13:05 ERROR   [MainThread] it_asset_app: AD lookup failed for the active Employee ID (showing friendly message to operator): CONFIG -> ad_lookup_ssrs.search_page_url must be set to your real 'Active Directory Search' report URL. See README.md.
Traceback (most recent call last):
  File "C:\Users\srajaamu\OneDrive - UHG\Topaz_automation\WorkFlow_Topaz\app.py", line 4816, in worker
    candidates = self.browser_session.search(emp_id)
  File "C:\Users\srajaamu\OneDrive - UHG\Topaz_automation\WorkFlow_Topaz\app.py", line 765, in search
    raise RuntimeError(result["error"])
RuntimeError: CONFIG -> ad_lookup_ssrs.search_page_url must be set to your real 'Active Directory Search' report URL. See README.md.
2026-09-14 12:13:10 INFO    [Thread-13 (worker)] it_asset_app: SSRS asset report: downloading (force=True) -> 'C:\\Users\\srajaamu\\OneDrive - UHG\\Topaz_automation\\WorkFlow_Topaz\\cache\\ssrs_asset_report.xlsx'
2026-09-14 12:13:25 INFO    [MainThread] it_asset_app: WizardApp: closing (user closed the window)
2026-09-14 12:13:25 INFO    [MainThread] it_asset_app: WizardApp: closed
2026-09-14 12:13:33 INFO    [MainThread] it_asset_app: ======================================================================
2026-09-14 12:13:33 INFO    [MainThread] it_asset_app: App starting - log file: C:\Users\srajaamu\OneDrive - UHG\Topaz_automation\WorkFlow_Topaz\logs\application.log
2026-09-14 12:13:33 INFO    [MainThread] it_asset_app: Python: 3.14.7 | frozen: False
2026-09-14 12:13:33 INFO    [MainThread] it_asset_app: WizardApp: starting up. ad_lookup_mode='ssrs_report' use_topaz_pad=True bu_templates_folder='bu_templates' root_save_folder='Z:/Topaz_auto' operator_name='Sriram'
2026-09-14 12:13:33 INFO    [MainThread] it_asset_app: WizardApp: GUI ready
2026-09-14 12:13:33 INFO    [Thread-2 (worker)] it_asset_app: SSRS asset report: downloading (force=False) -> 'C:\\Users\\srajaamu\\OneDrive - UHG\\Topaz_automation\\WorkFlow_Topaz\\cache\\ssrs_asset_report.xlsx'
2026-09-14 12:13:33 INFO    [Thread-1 (start)] it_asset_app: AD helper: launched new subprocess (pid=22648): ['C:\\Program Files\\Python314\\python.exe', 'C:\\Users\\srajaamu\\OneDrive - UHG\\Topaz_automation\\WorkFlow_Topaz\\app.py', '--webview-helper']
2026-09-14 12:13:34 INFO    [MainThread] it_asset_app: Startup health check: [('Microsoft Word', True, ''), ('Signing Certificate', True, ''), ('SSRS Asset Report', False, 'Stale'), ('Save Folder', True, 'Z:/Topaz_auto'), ('BU Templates', True, '5 loaded')]
2026-09-14 12:13:34 INFO    [MainThread] it_asset_app: ======================================================================
2026-09-14 12:13:34 INFO    [MainThread] it_asset_app: App starting - log file: C:\Users\srajaamu\OneDrive - UHG\Topaz_automation\WorkFlow_Topaz\logs\application.log
2026-09-14 12:13:34 INFO    [MainThread] it_asset_app: Python: 3.14.7 | frozen: False
2026-09-14 12:13:34 INFO    [MainThread] it_asset_app: AD helper: subprocess started (pid=22648)
2026-09-14 12:13:41 INFO    [MainThread] it_asset_app: SSRS asset report: status='Available' records=1914 error=''
2026-09-14 12:30:18 INFO    [Thread-4 (worker)] it_asset_app: AD helper: launched new subprocess (pid=22368): ['C:\\Program Files\\Python314\\python.exe', 'C:\\Users\\srajaamu\\OneDrive - UHG\\Topaz_automation\\WorkFlow_Topaz\\app.py', '--webview-helper']
2026-09-14 12:30:19 INFO    [MainThread] it_asset_app: ======================================================================
2026-09-14 12:30:19 INFO    [MainThread] it_asset_app: App starting - log file: C:\Users\srajaamu\OneDrive - UHG\Topaz_automation\WorkFlow_Topaz\logs\application.log
2026-09-14 12:30:19 INFO    [MainThread] it_asset_app: Python: 3.14.7 | frozen: False
2026-09-14 12:30:19 INFO    [MainThread] it_asset_app: AD helper: subprocess started (pid=22368)
2026-09-14 12:30:19 ERROR   [MainThread] it_asset_app: AD lookup failed for the active Employee ID (showing friendly message to operator): CONFIG -> ad_lookup_ssrs.search_page_url must be set to your real 'Active Directory Search' report URL. See README.md.
Traceback (most recent call last):
  File "C:\Users\srajaamu\OneDrive - UHG\Topaz_automation\WorkFlow_Topaz\app.py", line 4816, in worker
    candidates = self.browser_session.search(emp_id)
  File "C:\Users\srajaamu\OneDrive - UHG\Topaz_automation\WorkFlow_Topaz\app.py", line 765, in search
    raise RuntimeError(result["error"])
RuntimeError: CONFIG -> ad_lookup_ssrs.search_page_url must be set to your real 'Active Directory Search' report URL. See README.md.
2026-09-14 12:30:22 INFO    [Thread-6 (worker)] it_asset_app: AD helper: launched new subprocess (pid=44672): ['C:\\Program Files\\Python314\\python.exe', 'C:\\Users\\srajaamu\\OneDrive - UHG\\Topaz_automation\\WorkFlow_Topaz\\app.py', '--webview-helper']
2026-09-14 12:30:23 INFO    [MainThread] it_asset_app: ======================================================================
2026-09-14 12:30:23 INFO    [MainThread] it_asset_app: App starting - log file: C:\Users\srajaamu\OneDrive - UHG\Topaz_automation\WorkFlow_Topaz\logs\application.log
2026-09-14 12:30:23 INFO    [MainThread] it_asset_app: Python: 3.14.7 | frozen: False
2026-09-14 12:30:23 INFO    [MainThread] it_asset_app: AD helper: subprocess started (pid=44672)
2026-09-14 12:30:23 ERROR   [MainThread] it_asset_app: AD lookup failed for the active Employee ID (showing friendly message to operator): CONFIG -> ad_lookup_ssrs.search_page_url must be set to your real 'Active Directory Search' report URL. See README.md.
Traceback (most recent call last):
  File "C:\Users\srajaamu\OneDrive - UHG\Topaz_automation\WorkFlow_Topaz\app.py", line 4816, in worker
    candidates = self.browser_session.search(emp_id)
  File "C:\Users\srajaamu\OneDrive - UHG\Topaz_automation\WorkFlow_Topaz\app.py", line 765, in search
    raise RuntimeError(result["error"])
RuntimeError: CONFIG -> ad_lookup_ssrs.search_page_url must be set to your real 'Active Directory Search' report URL. See README.md.
2026-09-14 12:30:31 INFO    [Thread-8 (worker)] it_asset_app: AD helper: launched new subprocess (pid=36528): ['C:\\Program Files\\Python314\\python.exe', 'C:\\Users\\srajaamu\\OneDrive - UHG\\Topaz_automation\\WorkFlow_Topaz\\app.py', '--webview-helper']
2026-09-14 12:30:32 INFO    [MainThread] it_asset_app: ======================================================================
2026-09-14 12:30:32 INFO    [MainThread] it_asset_app: App starting - log file: C:\Users\srajaamu\OneDrive - UHG\Topaz_automation\WorkFlow_Topaz\logs\application.log
2026-09-14 12:30:32 INFO    [MainThread] it_asset_app: Python: 3.14.7 | frozen: False
2026-09-14 12:30:32 INFO    [MainThread] it_asset_app: AD helper: subprocess started (pid=36528)
2026-09-14 12:30:32 ERROR   [MainThread] it_asset_app: AD lookup failed for the active Employee ID (showing friendly message to operator): CONFIG -> ad_lookup_ssrs.search_page_url must be set to your real 'Active Directory Search' report URL. See README.md.
Traceback (most recent call last):
  File "C:\Users\srajaamu\OneDrive - UHG\Topaz_automation\WorkFlow_Topaz\app.py", line 4816, in worker
    candidates = self.browser_session.search(emp_id)
  File "C:\Users\srajaamu\OneDrive - UHG\Topaz_automation\WorkFlow_Topaz\app.py", line 765, in search
    raise RuntimeError(result["error"])
RuntimeError: CONFIG -> ad_lookup_ssrs.search_page_url must be set to your real 'Active Directory Search' report URL. See README.md.
2026-09-14 13:05:21 INFO    [MainThread] it_asset_app: WizardApp: closing (user closed the window)
2026-09-14 13:05:21 INFO    [MainThread] it_asset_app: WizardApp: closed
2026-09-14 16:55:32 INFO    [MainThread] it_asset_app: ======================================================================
2026-09-14 16:55:32 INFO    [MainThread] it_asset_app: App starting - log file: C:\Users\srajaamu\OneDrive - UHG\Topaz_automation\WorkFlow_Topaz\logs\application.log
2026-09-14 16:55:32 INFO    [MainThread] it_asset_app: Python: 3.14.7 | frozen: False
2026-09-14 16:55:32 INFO    [MainThread] it_asset_app: WizardApp: starting up. ad_lookup_mode='ssrs_report' use_topaz_pad=True bu_templates_folder='bu_templates' root_save_folder='Z:/Topaz_auto' operator_name='Sriram'
2026-09-14 16:55:32 INFO    [MainThread] it_asset_app: WizardApp: GUI ready
2026-09-14 16:55:32 INFO    [Thread-1 (start)] it_asset_app: AD helper: launched new subprocess (pid=30916): ['C:\\Program Files\\Python314\\python.exe', 'C:\\Users\\srajaamu\\OneDrive - UHG\\Topaz_automation\\WorkFlow_Topaz\\app.py', '--webview-helper']
2026-09-14 16:55:32 INFO    [MainThread] it_asset_app: Startup health check: [('Microsoft Word', True, ''), ('Signing Certificate', True, ''), ('SSRS Asset Report', True, 'Available'), ('Save Folder', True, 'Z:/Topaz_auto'), ('BU Templates', True, '5 loaded')]
2026-09-14 16:55:33 INFO    [MainThread] it_asset_app: ======================================================================
2026-09-14 16:55:33 INFO    [MainThread] it_asset_app: App starting - log file: C:\Users\srajaamu\OneDrive - UHG\Topaz_automation\WorkFlow_Topaz\logs\application.log
2026-09-14 16:55:33 INFO    [MainThread] it_asset_app: Python: 3.14.7 | frozen: False
2026-09-14 16:55:33 INFO    [MainThread] it_asset_app: AD helper: subprocess started (pid=30916)
2026-09-14 16:55:36 INFO    [MainThread] it_asset_app: SSRS asset report: status='Available' records=1914 error=''
2026-09-14 16:55:40 INFO    [Thread-4 (worker)] it_asset_app: SSRS asset report: downloading (force=True) -> 'C:\\Users\\srajaamu\\OneDrive - UHG\\Topaz_automation\\WorkFlow_Topaz\\cache\\ssrs_asset_report.xlsx'
2026-09-14 16:55:44 INFO    [Thread-5 (worker)] it_asset_app: SSRS asset report: downloading (force=True) -> 'C:\\Users\\srajaamu\\OneDrive - UHG\\Topaz_automation\\WorkFlow_Topaz\\cache\\ssrs_asset_report.xlsx'
2026-09-14 16:55:44 INFO    [Thread-6 (worker)] it_asset_app: SSRS asset report: downloading (force=True) -> 'C:\\Users\\srajaamu\\OneDrive - UHG\\Topaz_automation\\WorkFlow_Topaz\\cache\\ssrs_asset_report.xlsx'
2026-09-14 16:55:44 INFO    [Thread-7 (worker)] it_asset_app: SSRS asset report: downloading (force=True) -> 'C:\\Users\\srajaamu\\OneDrive - UHG\\Topaz_automation\\WorkFlow_Topaz\\cache\\ssrs_asset_report.xlsx'
2026-09-14 16:55:44 INFO    [Thread-8 (worker)] it_asset_app: SSRS asset report: downloading (force=True) -> 'C:\\Users\\srajaamu\\OneDrive - UHG\\Topaz_automation\\WorkFlow_Topaz\\cache\\ssrs_asset_report.xlsx'
2026-09-14 16:55:44 INFO    [Thread-9 (worker)] it_asset_app: SSRS asset report: downloading (force=True) -> 'C:\\Users\\srajaamu\\OneDrive - UHG\\Topaz_automation\\WorkFlow_Topaz\\cache\\ssrs_asset_report.xlsx'
2026-09-14 16:55:45 INFO    [Thread-10 (worker)] it_asset_app: SSRS asset report: downloading (force=True) -> 'C:\\Users\\srajaamu\\OneDrive - UHG\\Topaz_automation\\WorkFlow_Topaz\\cache\\ssrs_asset_report.xlsx'
2026-09-14 16:55:45 INFO    [Thread-11 (worker)] it_asset_app: SSRS asset report: downloading (force=True) -> 'C:\\Users\\srajaamu\\OneDrive - UHG\\Topaz_automation\\WorkFlow_Topaz\\cache\\ssrs_asset_report.xlsx'
2026-09-14 16:55:46 INFO    [Thread-12 (worker)] it_asset_app: SSRS asset report: downloading (force=True) -> 'C:\\Users\\srajaamu\\OneDrive - UHG\\Topaz_automation\\WorkFlow_Topaz\\cache\\ssrs_asset_report.xlsx'
2026-09-14 16:55:46 INFO    [Thread-13 (worker)] it_asset_app: SSRS asset report: downloading (force=True) -> 'C:\\Users\\srajaamu\\OneDrive - UHG\\Topaz_automation\\WorkFlow_Topaz\\cache\\ssrs_asset_report.xlsx'
2026-09-14 16:55:46 INFO    [Thread-14 (worker)] it_asset_app: SSRS asset report: downloading (force=True) -> 'C:\\Users\\srajaamu\\OneDrive - UHG\\Topaz_automation\\WorkFlow_Topaz\\cache\\ssrs_asset_report.xlsx'
2026-09-14 16:55:50 INFO    [Thread-15 (worker)] it_asset_app: SSRS asset report: downloading (force=True) -> 'C:\\Users\\srajaamu\\OneDrive - UHG\\Topaz_automation\\WorkFlow_Topaz\\cache\\ssrs_asset_report.xlsx'
2026-09-14 16:56:11 INFO    [MainThread] it_asset_app: SSRS asset report: status='Available' records=1880 error=''
2026-09-14 16:56:21 ERROR   [Thread-7 (worker)] it_asset_app: SSRS asset report: download failed (will try existing cache, if any)
Traceback (most recent call last):
  File "C:\Users\srajaamu\OneDrive - UHG\Topaz_automation\WorkFlow_Topaz\app.py", line 4142, in worker
    download_ssrs_asset_report(url, cache_path)
    ~~~~~~~~~~~~~~~~~~~~~~~~~~^^^^^^^^^^^^^^^^^
  File "C:\Users\srajaamu\OneDrive - UHG\Topaz_automation\WorkFlow_Topaz\app.py", line 3677, in download_ssrs_asset_report
    os.replace(tmp_path, dest_path)
    ~~~~~~~~~~^^^^^^^^^^^^^^^^^^^^^
PermissionError: [WinError 5] Access is denied: 'C:\\Users\\srajaamu\\OneDrive - UHG\\Topaz_automation\\WorkFlow_Topaz\\cache\\ssrs_asset_report.xlsx.part' -> 'C:\\Users\\srajaamu\\OneDrive - UHG\\Topaz_automation\\WorkFlow_Topaz\\cache\\ssrs_asset_report.xlsx'
2026-09-14 16:56:21 ERROR   [Thread-5 (worker)] it_asset_app: SSRS asset report: download failed (will try existing cache, if any)
Traceback (most recent call last):
  File "C:\Users\srajaamu\OneDrive - UHG\Topaz_automation\WorkFlow_Topaz\app.py", line 4142, in worker
    download_ssrs_asset_report(url, cache_path)
    ~~~~~~~~~~~~~~~~~~~~~~~~~~^^^^^^^^^^^^^^^^^
  File "C:\Users\srajaamu\OneDrive - UHG\Topaz_automation\WorkFlow_Topaz\app.py", line 3677, in download_ssrs_asset_report
    os.replace(tmp_path, dest_path)
    ~~~~~~~~~~^^^^^^^^^^^^^^^^^^^^^
PermissionError: [WinError 5] Access is denied: 'C:\\Users\\srajaamu\\OneDrive - UHG\\Topaz_automation\\WorkFlow_Topaz\\cache\\ssrs_asset_report.xlsx.part' -> 'C:\\Users\\srajaamu\\OneDrive - UHG\\Topaz_automation\\WorkFlow_Topaz\\cache\\ssrs_asset_report.xlsx'
2026-09-14 16:56:21 ERROR   [Thread-6 (worker)] it_asset_app: SSRS asset report: download failed (will try existing cache, if any)
Traceback (most recent call last):
  File "C:\Users\srajaamu\OneDrive - UHG\Topaz_automation\WorkFlow_Topaz\app.py", line 4142, in worker
    download_ssrs_asset_report(url, cache_path)
    ~~~~~~~~~~~~~~~~~~~~~~~~~~^^^^^^^^^^^^^^^^^
  File "C:\Users\srajaamu\OneDrive - UHG\Topaz_automation\WorkFlow_Topaz\app.py", line 3677, in download_ssrs_asset_report
    os.replace(tmp_path, dest_path)
    ~~~~~~~~~~^^^^^^^^^^^^^^^^^^^^^
PermissionError: [WinError 5] Access is denied: 'C:\\Users\\srajaamu\\OneDrive - UHG\\Topaz_automation\\WorkFlow_Topaz\\cache\\ssrs_asset_report.xlsx.part' -> 'C:\\Users\\srajaamu\\OneDrive - UHG\\Topaz_automation\\WorkFlow_Topaz\\cache\\ssrs_asset_report.xlsx'
2026-09-14 16:56:22 ERROR   [Thread-8 (worker)] it_asset_app: SSRS asset report: download failed (will try existing cache, if any)
Traceback (most recent call last):
  File "C:\Users\srajaamu\OneDrive - UHG\Topaz_automation\WorkFlow_Topaz\app.py", line 4142, in worker
    download_ssrs_asset_report(url, cache_path)
    ~~~~~~~~~~~~~~~~~~~~~~~~~~^^^^^^^^^^^^^^^^^
  File "C:\Users\srajaamu\OneDrive - UHG\Topaz_automation\WorkFlow_Topaz\app.py", line 3677, in download_ssrs_asset_report
    os.replace(tmp_path, dest_path)
    ~~~~~~~~~~^^^^^^^^^^^^^^^^^^^^^
PermissionError: [WinError 5] Access is denied: 'C:\\Users\\srajaamu\\OneDrive - UHG\\Topaz_automation\\WorkFlow_Topaz\\cache\\ssrs_asset_report.xlsx.part' -> 'C:\\Users\\srajaamu\\OneDrive - UHG\\Topaz_automation\\WorkFlow_Topaz\\cache\\ssrs_asset_report.xlsx'
2026-09-14 16:56:24 ERROR   [Thread-11 (worker)] it_asset_app: SSRS asset report: download failed (will try existing cache, if any)
Traceback (most recent call last):
  File "C:\Users\srajaamu\OneDrive - UHG\Topaz_automation\WorkFlow_Topaz\app.py", line 4142, in worker
    download_ssrs_asset_report(url, cache_path)
    ~~~~~~~~~~~~~~~~~~~~~~~~~~^^^^^^^^^^^^^^^^^
  File "C:\Users\srajaamu\OneDrive - UHG\Topaz_automation\WorkFlow_Topaz\app.py", line 3677, in download_ssrs_asset_report
    os.replace(tmp_path, dest_path)
    ~~~~~~~~~~^^^^^^^^^^^^^^^^^^^^^
PermissionError: [WinError 5] Access is denied: 'C:\\Users\\srajaamu\\OneDrive - UHG\\Topaz_automation\\WorkFlow_Topaz\\cache\\ssrs_asset_report.xlsx.part' -> 'C:\\Users\\srajaamu\\OneDrive - UHG\\Topaz_automation\\WorkFlow_Topaz\\cache\\ssrs_asset_report.xlsx'
2026-09-14 16:56:24 ERROR   [Thread-13 (worker)] it_asset_app: SSRS asset report: download failed (will try existing cache, if any)
Traceback (most recent call last):
  File "C:\Users\srajaamu\OneDrive - UHG\Topaz_automation\WorkFlow_Topaz\app.py", line 4142, in worker
    download_ssrs_asset_report(url, cache_path)
    ~~~~~~~~~~~~~~~~~~~~~~~~~~^^^^^^^^^^^^^^^^^
  File "C:\Users\srajaamu\OneDrive - UHG\Topaz_automation\WorkFlow_Topaz\app.py", line 3677, in download_ssrs_asset_report
    os.replace(tmp_path, dest_path)
    ~~~~~~~~~~^^^^^^^^^^^^^^^^^^^^^
PermissionError: [WinError 5] Access is denied: 'C:\\Users\\srajaamu\\OneDrive - UHG\\Topaz_automation\\WorkFlow_Topaz\\cache\\ssrs_asset_report.xlsx.part' -> 'C:\\Users\\srajaamu\\OneDrive - UHG\\Topaz_automation\\WorkFlow_Topaz\\cache\\ssrs_asset_report.xlsx'
2026-09-14 16:56:25 ERROR   [Thread-10 (worker)] it_asset_app: SSRS asset report: download failed (will try existing cache, if any)
Traceback (most recent call last):
  File "C:\Users\srajaamu\OneDrive - UHG\Topaz_automation\WorkFlow_Topaz\app.py", line 4142, in worker
    download_ssrs_asset_report(url, cache_path)
    ~~~~~~~~~~~~~~~~~~~~~~~~~~^^^^^^^^^^^^^^^^^
  File "C:\Users\srajaamu\OneDrive - UHG\Topaz_automation\WorkFlow_Topaz\app.py", line 3677, in download_ssrs_asset_report
    os.replace(tmp_path, dest_path)
    ~~~~~~~~~~^^^^^^^^^^^^^^^^^^^^^
PermissionError: [WinError 5] Access is denied: 'C:\\Users\\srajaamu\\OneDrive - UHG\\Topaz_automation\\WorkFlow_Topaz\\cache\\ssrs_asset_report.xlsx.part' -> 'C:\\Users\\srajaamu\\OneDrive - UHG\\Topaz_automation\\WorkFlow_Topaz\\cache\\ssrs_asset_report.xlsx'
2026-09-14 16:56:26 ERROR   [Thread-14 (worker)] it_asset_app: SSRS asset report: download failed (will try existing cache, if any)
Traceback (most recent call last):
  File "C:\Users\srajaamu\OneDrive - UHG\Topaz_automation\WorkFlow_Topaz\app.py", line 4142, in worker
    download_ssrs_asset_report(url, cache_path)
    ~~~~~~~~~~~~~~~~~~~~~~~~~~^^^^^^^^^^^^^^^^^
  File "C:\Users\srajaamu\OneDrive - UHG\Topaz_automation\WorkFlow_Topaz\app.py", line 3677, in download_ssrs_asset_report
    os.replace(tmp_path, dest_path)
    ~~~~~~~~~~^^^^^^^^^^^^^^^^^^^^^
PermissionError: [WinError 5] Access is denied: 'C:\\Users\\srajaamu\\OneDrive - UHG\\Topaz_automation\\WorkFlow_Topaz\\cache\\ssrs_asset_report.xlsx.part' -> 'C:\\Users\\srajaamu\\OneDrive - UHG\\Topaz_automation\\WorkFlow_Topaz\\cache\\ssrs_asset_report.xlsx'
2026-09-14 16:56:27 ERROR   [Thread-12 (worker)] it_asset_app: SSRS asset report: download failed (will try existing cache, if any)
Traceback (most recent call last):
  File "C:\Users\srajaamu\OneDrive - UHG\Topaz_automation\WorkFlow_Topaz\app.py", line 4142, in worker
    download_ssrs_asset_report(url, cache_path)
    ~~~~~~~~~~~~~~~~~~~~~~~~~~^^^^^^^^^^^^^^^^^
  File "C:\Users\srajaamu\OneDrive - UHG\Topaz_automation\WorkFlow_Topaz\app.py", line 3677, in download_ssrs_asset_report
    os.replace(tmp_path, dest_path)
    ~~~~~~~~~~^^^^^^^^^^^^^^^^^^^^^
PermissionError: [WinError 5] Access is denied: 'C:\\Users\\srajaamu\\OneDrive - UHG\\Topaz_automation\\WorkFlow_Topaz\\cache\\ssrs_asset_report.xlsx.part' -> 'C:\\Users\\srajaamu\\OneDrive - UHG\\Topaz_automation\\WorkFlow_Topaz\\cache\\ssrs_asset_report.xlsx'
2026-09-14 16:56:28 ERROR   [Thread-15 (worker)] it_asset_app: SSRS asset report: download failed (will try existing cache, if any)
Traceback (most recent call last):
  File "C:\Users\srajaamu\OneDrive - UHG\Topaz_automation\WorkFlow_Topaz\app.py", line 4142, in worker
    download_ssrs_asset_report(url, cache_path)
    ~~~~~~~~~~~~~~~~~~~~~~~~~~^^^^^^^^^^^^^^^^^
  File "C:\Users\srajaamu\OneDrive - UHG\Topaz_automation\WorkFlow_Topaz\app.py", line 3677, in download_ssrs_asset_report
    os.replace(tmp_path, dest_path)
    ~~~~~~~~~~^^^^^^^^^^^^^^^^^^^^^
PermissionError: [WinError 5] Access is denied: 'C:\\Users\\srajaamu\\OneDrive - UHG\\Topaz_automation\\WorkFlow_Topaz\\cache\\ssrs_asset_report.xlsx.part' -> 'C:\\Users\\srajaamu\\OneDrive - UHG\\Topaz_automation\\WorkFlow_Topaz\\cache\\ssrs_asset_report.xlsx'
2026-09-14 16:56:29 INFO    [Thread-16 (worker)] it_asset_app: AD helper: launched new subprocess (pid=34512): ['C:\\Program Files\\Python314\\python.exe', 'C:\\Users\\srajaamu\\OneDrive - UHG\\Topaz_automation\\WorkFlow_Topaz\\app.py', '--webview-helper']
2026-09-14 16:56:30 INFO    [MainThread] it_asset_app: ======================================================================
2026-09-14 16:56:30 INFO    [MainThread] it_asset_app: App starting - log file: C:\Users\srajaamu\OneDrive - UHG\Topaz_automation\WorkFlow_Topaz\logs\application.log
2026-09-14 16:56:30 INFO    [MainThread] it_asset_app: Python: 3.14.7 | frozen: False
2026-09-14 16:56:30 INFO    [MainThread] it_asset_app: AD helper: subprocess started (pid=34512)
2026-09-14 16:56:30 ERROR   [MainThread] it_asset_app: AD lookup failed for the active Employee ID (showing friendly message to operator): CONFIG -> ad_lookup_ssrs.search_page_url must be set to your real 'Active Directory Search' report URL. See README.md.
Traceback (most recent call last):
  File "C:\Users\srajaamu\OneDrive - UHG\Topaz_automation\WorkFlow_Topaz\app.py", line 4816, in worker
    candidates = self.browser_session.search(emp_id)
  File "C:\Users\srajaamu\OneDrive - UHG\Topaz_automation\WorkFlow_Topaz\app.py", line 765, in search
    raise RuntimeError(result["error"])
RuntimeError: CONFIG -> ad_lookup_ssrs.search_page_url must be set to your real 'Active Directory Search' report URL. See README.md.
2026-09-14 16:56:37 INFO    [MainThread] it_asset_app: SSRS asset report: status='Available' records=1880 error=''
2026-09-14 16:56:42 INFO    [Thread-18 (worker)] it_asset_app: SSRS asset report: downloading (force=True) -> 'C:\\Users\\srajaamu\\OneDrive - UHG\\Topaz_automation\\WorkFlow_Topaz\\cache\\ssrs_asset_report.xlsx'
2026-09-14 16:56:43 INFO    [Thread-19 (worker)] it_asset_app: SSRS asset report: downloading (force=True) -> 'C:\\Users\\srajaamu\\OneDrive - UHG\\Topaz_automation\\WorkFlow_Topaz\\cache\\ssrs_asset_report.xlsx'
2026-09-14 16:56:49 ERROR   [Thread-18 (worker)] it_asset_app: SSRS asset report: download failed (will try existing cache, if any)
Traceback (most recent call last):
  File "C:\Users\srajaamu\OneDrive - UHG\Topaz_automation\WorkFlow_Topaz\app.py", line 4142, in worker
    download_ssrs_asset_report(url, cache_path)
    ~~~~~~~~~~~~~~~~~~~~~~~~~~^^^^^^^^^^^^^^^^^
  File "C:\Users\srajaamu\OneDrive - UHG\Topaz_automation\WorkFlow_Topaz\app.py", line 3677, in download_ssrs_asset_report
    os.replace(tmp_path, dest_path)
    ~~~~~~~~~~^^^^^^^^^^^^^^^^^^^^^
PermissionError: [WinError 5] Access is denied: 'C:\\Users\\srajaamu\\OneDrive - UHG\\Topaz_automation\\WorkFlow_Topaz\\cache\\ssrs_asset_report.xlsx.part' -> 'C:\\Users\\srajaamu\\OneDrive - UHG\\Topaz_automation\\WorkFlow_Topaz\\cache\\ssrs_asset_report.xlsx'
2026-09-14 16:56:51 ERROR   [Thread-19 (worker)] it_asset_app: SSRS asset report: download failed (will try existing cache, if any)
Traceback (most recent call last):
  File "C:\Users\srajaamu\OneDrive - UHG\Topaz_automation\WorkFlow_Topaz\app.py", line 4142, in worker
    download_ssrs_asset_report(url, cache_path)
    ~~~~~~~~~~~~~~~~~~~~~~~~~~^^^^^^^^^^^^^^^^^
  File "C:\Users\srajaamu\OneDrive - UHG\Topaz_automation\WorkFlow_Topaz\app.py", line 3677, in download_ssrs_asset_report
    os.replace(tmp_path, dest_path)
    ~~~~~~~~~~^^^^^^^^^^^^^^^^^^^^^
PermissionError: [WinError 5] Access is denied: 'C:\\Users\\srajaamu\\OneDrive - UHG\\Topaz_automation\\WorkFlow_Topaz\\cache\\ssrs_asset_report.xlsx.part' -> 'C:\\Users\\srajaamu\\OneDrive - UHG\\Topaz_automation\\WorkFlow_Topaz\\cache\\ssrs_asset_report.xlsx'
2026-09-14 16:57:01 INFO    [MainThread] it_asset_app: SSRS asset report: status='Stale' records=1880 error="[WinError 5] Access is denied: 'C:\\\\Users\\\\srajaamu\\\\OneDrive - UHG\\\\Topaz_automation\\\\WorkFlow_Topaz\\\\cache\\\\ssrs_asset_report.xlsx.part' -> 'C:\\\\Users\\\\srajaamu\\\\OneDrive - UHG\\\\Topaz_automation\\\\WorkFlow_Topaz\\\\cache\\\\ssrs_asset_report.xlsx'"
2026-09-14 16:57:05 INFO    [MainThread] it_asset_app: SSRS asset report: status='Stale' records=1880 error="[WinError 5] Access is denied: 'C:\\\\Users\\\\srajaamu\\\\OneDrive - UHG\\\\Topaz_automation\\\\WorkFlow_Topaz\\\\cache\\\\ssrs_asset_report.xlsx.part' -> 'C:\\\\Users\\\\srajaamu\\\\OneDrive - UHG\\\\Topaz_automation\\\\WorkFlow_Topaz\\\\cache\\\\ssrs_asset_report.xlsx'"
2026-09-14 16:57:06 INFO    [MainThread] it_asset_app: SSRS asset report: status='Stale' records=1880 error="[WinError 5] Access is denied: 'C:\\\\Users\\\\srajaamu\\\\OneDrive - UHG\\\\Topaz_automation\\\\WorkFlow_Topaz\\\\cache\\\\ssrs_asset_report.xlsx.part' -> 'C:\\\\Users\\\\srajaamu\\\\OneDrive - UHG\\\\Topaz_automation\\\\WorkFlow_Topaz\\\\cache\\\\ssrs_asset_report.xlsx'"
2026-09-14 16:57:11 INFO    [MainThread] it_asset_app: SSRS asset report: status='Stale' records=1880 error="[WinError 5] Access is denied: 'C:\\\\Users\\\\srajaamu\\\\OneDrive - UHG\\\\Topaz_automation\\\\WorkFlow_Topaz\\\\cache\\\\ssrs_asset_report.xlsx.part' -> 'C:\\\\Users\\\\srajaamu\\\\OneDrive - UHG\\\\Topaz_automation\\\\WorkFlow_Topaz\\\\cache\\\\ssrs_asset_report.xlsx'"
2026-09-14 16:57:13 INFO    [MainThread] it_asset_app: SSRS asset report: status='Stale' records=1880 error="[WinError 5] Access is denied: 'C:\\\\Users\\\\srajaamu\\\\OneDrive - UHG\\\\Topaz_automation\\\\WorkFlow_Topaz\\\\cache\\\\ssrs_asset_report.xlsx.part' -> 'C:\\\\Users\\\\srajaamu\\\\OneDrive - UHG\\\\Topaz_automation\\\\WorkFlow_Topaz\\\\cache\\\\ssrs_asset_report.xlsx'"
2026-09-14 16:57:14 INFO    [MainThread] it_asset_app: SSRS asset report: status='Stale' records=1880 error="[WinError 5] Access is denied: 'C:\\\\Users\\\\srajaamu\\\\OneDrive - UHG\\\\Topaz_automation\\\\WorkFlow_Topaz\\\\cache\\\\ssrs_asset_report.xlsx.part' -> 'C:\\\\Users\\\\srajaamu\\\\OneDrive - UHG\\\\Topaz_automation\\\\WorkFlow_Topaz\\\\cache\\\\ssrs_asset_report.xlsx'"
2026-09-14 16:57:16 INFO    [MainThread] it_asset_app: SSRS asset report: status='Stale' records=1880 error="[WinError 5] Access is denied: 'C:\\\\Users\\\\srajaamu\\\\OneDrive - UHG\\\\Topaz_automation\\\\WorkFlow_Topaz\\\\cache\\\\ssrs_asset_report.xlsx.part' -> 'C:\\\\Users\\\\srajaamu\\\\OneDrive - UHG\\\\Topaz_automation\\\\WorkFlow_Topaz\\\\cache\\\\ssrs_asset_report.xlsx'"
2026-09-14 16:57:17 INFO    [MainThread] it_asset_app: SSRS asset report: status='Stale' records=1880 error="[WinError 5] Access is denied: 'C:\\\\Users\\\\srajaamu\\\\OneDrive - UHG\\\\Topaz_automation\\\\WorkFlow_Topaz\\\\cache\\\\ssrs_asset_report.xlsx.part' -> 'C:\\\\Users\\\\srajaamu\\\\OneDrive - UHG\\\\Topaz_automation\\\\WorkFlow_Topaz\\\\cache\\\\ssrs_asset_report.xlsx'"
2026-09-14 16:57:17 INFO    [MainThread] it_asset_app: SSRS asset report: status='Stale' records=1880 error="[WinError 5] Access is denied: 'C:\\\\Users\\\\srajaamu\\\\OneDrive - UHG\\\\Topaz_automation\\\\WorkFlow_Topaz\\\\cache\\\\ssrs_asset_report.xlsx.part' -> 'C:\\\\Users\\\\srajaamu\\\\OneDrive - UHG\\\\Topaz_automation\\\\WorkFlow_Topaz\\\\cache\\\\ssrs_asset_report.xlsx'"
2026-09-14 16:57:18 INFO    [MainThread] it_asset_app: SSRS asset report: status='Stale' records=1880 error="[WinError 5] Access is denied: 'C:\\\\Users\\\\srajaamu\\\\OneDrive - UHG\\\\Topaz_automation\\\\WorkFlow_Topaz\\\\cache\\\\ssrs_asset_report.xlsx.part' -> 'C:\\\\Users\\\\srajaamu\\\\OneDrive - UHG\\\\Topaz_automation\\\\WorkFlow_Topaz\\\\cache\\\\ssrs_asset_report.xlsx'"
2026-09-14 16:57:24 INFO    [MainThread] it_asset_app: SSRS asset report: status='Stale' records=1880 error="[WinError 5] Access is denied: 'C:\\\\Users\\\\srajaamu\\\\OneDrive - UHG\\\\Topaz_automation\\\\WorkFlow_Topaz\\\\cache\\\\ssrs_asset_report.xlsx.part' -> 'C:\\\\Users\\\\srajaamu\\\\OneDrive - UHG\\\\Topaz_automation\\\\WorkFlow_Topaz\\\\cache\\\\ssrs_asset_report.xlsx'"
2026-09-14 16:57:24 INFO    [MainThread] it_asset_app: SSRS asset report: status='Stale' records=1880 error="[WinError 5] Access is denied: 'C:\\\\Users\\\\srajaamu\\\\OneDrive - UHG\\\\Topaz_automation\\\\WorkFlow_Topaz\\\\cache\\\\ssrs_asset_report.xlsx.part' -> 'C:\\\\Users\\\\srajaamu\\\\OneDrive - UHG\\\\Topaz_automation\\\\WorkFlow_Topaz\\\\cache\\\\ssrs_asset_report.xlsx'"
2026-09-14 17:16:09 INFO    [MainThread] it_asset_app: WizardApp: closing (user closed the window)
2026-09-14 17:16:09 INFO    [MainThread] it_asset_app: WizardApp: closed
2026-09-14 23:49:02 INFO    [MainThread] it_asset_app: ======================================================================
2026-09-14 23:49:02 INFO    [MainThread] it_asset_app: App starting - log file: C:\Users\srajaamu\OneDrive - UHG\Topaz_automation\WorkFlow_Topaz\logs\application.log
2026-09-14 23:49:02 INFO    [MainThread] it_asset_app: Python: 3.14.7 | frozen: False
2026-09-14 23:49:02 INFO    [MainThread] it_asset_app: WizardApp: starting up. ad_lookup_mode='ssrs_report' use_topaz_pad=True bu_templates_folder='bu_templates' root_save_folder='Z:/Topaz_auto' operator_name='Sriram'
2026-09-14 23:49:02 INFO    [MainThread] it_asset_app: WizardApp: GUI ready
2026-09-14 23:49:02 INFO    [Thread-1 (start)] it_asset_app: AD helper: launched new subprocess (pid=24616): ['C:\\Program Files\\Python314\\python.exe', 'C:\\Users\\srajaamu\\OneDrive - UHG\\Topaz_automation\\WorkFlow_Topaz\\app.py', '--webview-helper']
2026-09-14 23:49:04 INFO    [MainThread] it_asset_app: ======================================================================
2026-09-14 23:49:04 INFO    [MainThread] it_asset_app: App starting - log file: C:\Users\srajaamu\OneDrive - UHG\Topaz_automation\WorkFlow_Topaz\logs\application.log
2026-09-14 23:49:04 INFO    [MainThread] it_asset_app: Python: 3.14.7 | frozen: False
2026-09-14 23:49:04 INFO    [MainThread] it_asset_app: AD helper: subprocess started (pid=24616)
2026-09-14 23:49:08 INFO    [MainThread] it_asset_app: Startup health check: [('Microsoft Word', True, ''), ('Signing Certificate', True, ''), ('SSRS Asset Report', True, 'Available'), ('Save Folder', True, 'Z:/Topaz_auto'), ('BU Templates', True, '5 loaded')]
2026-09-14 23:49:13 INFO    [MainThread] it_asset_app: SSRS asset report: status='Available' records=1880 error=''
2026-09-14 23:50:01 INFO    [Thread-4 (worker)] it_asset_app: AD helper: launched new subprocess (pid=16612): ['C:\\Program Files\\Python314\\python.exe', 'C:\\Users\\srajaamu\\OneDrive - UHG\\Topaz_automation\\WorkFlow_Topaz\\app.py', '--webview-helper']
2026-09-14 23:50:02 INFO    [MainThread] it_asset_app: ======================================================================
2026-09-14 23:50:02 INFO    [MainThread] it_asset_app: App starting - log file: C:\Users\srajaamu\OneDrive - UHG\Topaz_automation\WorkFlow_Topaz\logs\application.log
2026-09-14 23:50:02 INFO    [MainThread] it_asset_app: Python: 3.14.7 | frozen: False
2026-09-14 23:50:02 INFO    [MainThread] it_asset_app: AD helper: subprocess started (pid=16612)
2026-09-14 23:50:02 INFO    [Thread-1 (stdin_reader)] it_asset_app: AD helper: received lookup request_id='5980eb93380843958f5762010d1265e6' emp_id='002227478'
2026-09-14 23:50:09 INFO    [Thread-1 (stdin_reader)] it_asset_app: AD lookup: starting search for emp_id='002227478' (header_keyword='EmployeeID', name_column='Employee Name')
2026-09-14 23:50:09 DEBUG   [Thread-1 (stdin_reader)] it_asset_app: AD lookup: filled search textbox OK
2026-09-14 23:50:10 DEBUG   [Thread-1 (stdin_reader)] it_asset_app: AD lookup: clicked 'View Report' button OK
2026-09-14 23:50:17 DEBUG   [Thread-1 (stdin_reader)] it_asset_app: AD lookup: results table ready after 6.9s
2026-09-14 23:50:17 DEBUG   [Thread-1 (stdin_reader)] it_asset_app: AD lookup: extracted 1 row(s) via strategy='single-table'; tables seen on page: [{'headers': ['Search AD for MSID, EmployeeID, or Email Address (one entry per line)\t\n\t\n\t\n\t\t\n\n\n\n\n\t\t\n\t\t\t\tof\t\t1\t\t\n\t\t\n\t\n\t\nPage Width\nWhole Page\n500%\n200%\n150%\n100%\n75%\n50%\n25%\n10%\n\t\n\t\n\t\n\t\tFind\t\t\n\t\t|\t\tNext\t\t\n\n\n\t\t\t\t\t\t\t\n\t\t\n\t\n\t\t\t\nActive Directory Search (MS domain)\n\xa0\n(data is refreshed once every 24 hours) - data current as of: 9/13/2026 2:01:02 AM Central Time\n\t\n\t\n\t\nBookmark this URL (not the site it takes you to): https://goto.optum.com/ActiveDirectoryInfo\nFor additional options, bookmark this url (not the site it takes you to): https://goto.optum.com/ActiveDirectoryInfo2\n\t\n\t\n\t\t\n\t\t\t\t\t\t\t\t\t\t\t\t\t\t\t\t\t\t\n\nEnabled\n\t\nEmployeeID\n\t\nMSID\n\t\nEmployee Name\n\t\nCorporate Email Box\n\t\nuht-IdentityManagment-Mail\n\t\nUserPrincipalName\n\t\nEmployee Type\n\t\nAccountType\n\t\nPostal Code\n\t\nDepartment\n\t\nManager EmployeeID\n\t\nManager MSID\n\t\nManager Name\n\t\nManager Email\n\t\nBusiness Unit\n\t\nOperating Unit\n\t\nLocation\n\t\nDepartment\n\n\nTRUE\n\t\n002227478\n\t\naa99\n\t\nA, Ananthi\n\t\nananthi.alagiri@optum.com\n\t\nananthi.alagiri@optum.com\n\t\nananthi.alagiri@optum.com\n\t\nE\n\t\nP\n\t\nII025\n\t\nOI Operations\n\t\n001361911\n\t\ns95\n\t\n-, Sathish\n\t\nsathish.ranganathan@optum.com\n\t\n48210\n\t\n06290\n\t\nINDIN025\n\t\n804954'], 'rowCount': 1, 'matched': False}, {'headers': ['', 'Loading...\n\t\t\t\t\tCancel'], 'rowCount': 1, 'matched': False}, {'headers': ['', '', ''], 'rowCount': 5, 'matched': False}, {'headers': ['Search AD for MSID, EmployeeID, or Email Address (one entry per line)', '', ''], 'rowCount': 1, 'matched': False}, {'headers': ['', '', '', '', '', '', '', '', ''], 'rowCount': 2, 'matched': False}, {'headers': ['', ''], 'rowCount': 1, 'matched': False}, {'headers': ['', '', '', '', '', '', 'of', '', '1', '', '', '', ''], 'rowCount': 1, 'matched': False}, {'headers': [''], 'rowCount': 1, 'matched': False}, {'headers': [''], 'rowCount': 1, 'matched': False}, {'headers': [''], 'rowCount': 1, 'matched': False}, {'headers': [''], 'rowCount': 1, 'matched': False}, {'headers': [''], 'rowCount': 1, 'matched': False}, {'headers': [''], 'rowCount': 1, 'matched': False}, {'headers': [''], 'rowCount': 1, 'matched': False}, {'headers': [''], 'rowCount': 1, 'matched': False}, {'headers': [''], 'rowCount': 1, 'matched': False}, {'headers': [''], 'rowCount': 1, 'matched': False}, {'headers': [''], 'rowCount': 1, 'matched': False}, {'headers': ['Page Width\nWhole Page\n500%\n200%\n150%\n100%\n75%\n50%\n25%\n10%'], 'rowCount': 1, 'matched': False}, {'headers': ['Word\n\t\t\t\t\t\t\t\t\t\n\t\t\t\t\t\t\t\t\t\tExcel\n\t\t\t\t\t\t\t\t\t\n\t\t\t\t\t\t\t\t\t\tPowerPoint\n\t\t\t\t\t\t\t\t\t\n\t\t\t\t\t\t\t\t\t\tPDF\n\t\t\t\t\t\t\t\t\t\n\t\t\t\t\t\t\t\t\t\tTIFF file\n\t\t\t\t\t\t\t\t\t\n\t\t\t\t\t\t\t\t\t\tMHTML (web archive)\n\t\t\t\t\t\t\t\t\t\n\t\t\t\t\t\t\t\t\t\tCSV (comma delimited)\n\t\t\t\t\t\t\t\t\t\n\t\t\t\t\t\t\t\t\t\tXML file with report data\n\t\t\t\t\t\t\t\t\t\n\t\t\t\t\t\t\t\t\t\tData Feed'], 'rowCount': 1, 'matched': False}, {'headers': [''], 'rowCount': 1, 'matched': False}, {'headers': [''], 'rowCount': 1, 'matched': False}, {'headers': [''], 'rowCount': 1, 'matched': False}, {'headers': [''], 'rowCount': 1, 'matched': False}, {'headers': ['', '', 'Find', '', '', '', '|', '', 'Next', '', ''], 'rowCount': 1, 'matched': False}, {'headers': ['Active Directory Search (MS domain)\n\xa0\n(data is refreshed once every 24 hours) - data current as of: 9/13/2026 2:01:02 AM Central Time\n\t\n\t\n\t\nBookmark this URL (not the site it takes you to): https://goto.optum.com/ActiveDirectoryInfo\nFor additional options, bookmark this url (not the site it takes you to): https://goto.optum.com/ActiveDirectoryInfo2\n\t\n\t\n\t\t\n\t\t\t\t\t\t\t\t\t\t\t\t\t\t\t\t\t\t\n\nEnabled\n\t\nEmployeeID\n\t\nMSID\n\t\nEmployee Name\n\t\nCorporate Email Box\n\t\nuht-IdentityManagment-Mail\n\t\nUserPrincipalName\n\t\nEmployee Type\n\t\nAccountType\n\t\nPostal Code\n\t\nDepartment\n\t\nManager EmployeeID\n\t\nManager MSID\n\t\nManager Name\n\t\nManager Email\n\t\nBusiness Unit\n\t\nOperating Unit\n\t\nLocation\n\t\nDepartment\n\n\nTRUE\n\t\n002227478\n\t\naa99\n\t\nA, Ananthi\n\t\nananthi.alagiri@optum.com\n\t\nananthi.alagiri@optum.com\n\t\nananthi.alagiri@optum.com\n\t\nE\n\t\nP\n\t\nII025\n\t\nOI Operations\n\t\n001361911\n\t\ns95\n\t\n-, Sathish\n\t\nsathish.ranganathan@optum.com\n\t\n48210\n\t\n06290\n\t\nINDIN025\n\t\n804954'], 'rowCount': 1, 'matched': False}, {'headers': ['Active Directory Search (MS domain)\n\xa0\n(data is refreshed once every 24 hours) - data current as of: 9/13/2026 2:01:02 AM Central Time\n\t\n\t\n\t\nBookmark this URL (not the site it takes you to): https://goto.optum.com/ActiveDirectoryInfo\nFor additional options, bookmark this url (not the site it takes you to): https://goto.optum.com/ActiveDirectoryInfo2\n\t\n\t\n\t\t\n\t\t\t\t\t\t\t\t\t\t\t\t\t\t\t\t\t\t\n\nEnabled\n\t\nEmployeeID\n\t\nMSID\n\t\nEmployee Name\n\t\nCorporate Email Box\n\t\nuht-IdentityManagment-Mail\n\t\nUserPrincipalName\n\t\nEmployee Type\n\t\nAccountType\n\t\nPostal Code\n\t\nDepartment\n\t\nManager EmployeeID\n\t\nManager MSID\n\t\nManager Name\n\t\nManager Email\n\t\nBusiness Unit\n\t\nOperating Unit\n\t\nLocation\n\t\nDepartment\n\n\nTRUE\n\t\n002227478\n\t\naa99\n\t\nA, Ananthi\n\t\nananthi.alagiri@optum.com\n\t\nananthi.alagiri@optum.com\n\t\nananthi.alagiri@optum.com\n\t\nE\n\t\nP\n\t\nII025\n\t\nOI Operations\n\t\n001361911\n\t\ns95\n\t\n-, Sathish\n\t\nsathish.ranganathan@optum.com\n\t\n48210\n\t\n06290\n\t\nINDIN025\n\t\n804954'], 'rowCount': 2, 'matched': False}, {'headers': ['Active Directory Search (MS domain)\n\xa0\n(data is refreshed once every 24 hours) - data current as of: 9/13/2026 2:01:02 AM Central Time\n\t\n\t\n\t\nBookmark this URL (not the site it takes you to): https://goto.optum.com/ActiveDirectoryInfo\nFor additional options, bookmark this url (not the site it takes you to): https://goto.optum.com/ActiveDirectoryInfo2\n\t\n\t\n\t\t\n\t\t\t\t\t\t\t\t\t\t\t\t\t\t\t\t\t\t\n\nEnabled\n\t\nEmployeeID\n\t\nMSID\n\t\nEmployee Name\n\t\nCorporate Email Box\n\t\nuht-IdentityManagment-Mail\n\t\nUserPrincipalName\n\t\nEmployee Type\n\t\nAccountType\n\t\nPostal Code\n\t\nDepartment\n\t\nManager EmployeeID\n\t\nManager MSID\n\t\nManager Name\n\t\nManager Email\n\t\nBusiness Unit\n\t\nOperating Unit\n\t\nLocation\n\t\nDepartment\n\n\nTRUE\n\t\n002227478\n\t\naa99\n\t\nA, Ananthi\n\t\nananthi.alagiri@optum.com\n\t\nananthi.alagiri@optum.com\n\t\nananthi.alagiri@optum.com\n\t\nE\n\t\nP\n\t\nII025\n\t\nOI Operations\n\t\n001361911\n\t\ns95\n\t\n-, Sathish\n\t\nsathish.ranganathan@optum.com\n\t\n48210\n\t\n06290\n\t\nINDIN025\n\t\n804954'], 'rowCount': 1, 'matched': False}, {'headers': ['', '', '', '', '', '', '', ''], 'rowCount': 7, 'matched': False}, {'headers': ['Enabled', 'EmployeeID', 'MSID', 'Employee Name', 'Corporate Email Box', 'uht-IdentityManagment-Mail', 'UserPrincipalName', 'Employee Type', 'AccountType', 'Postal Code', 'Department', 'Manager EmployeeID', 'Manager MSID', 'Manager Name', 'Manager Email', 'Business Unit', 'Operating Unit', 'Location', 'Department'], 'rowCount': 1, 'matched': True}]
2026-09-14 23:50:17 DEBUG   [Thread-1 (stdin_reader)] it_asset_app: AD lookup: raw extracted rows: [{'Enabled': 'TRUE', 'EmployeeID': '002227478', 'MSID': 'aa99', 'Employee Name': 'A, Ananthi', 'Corporate Email Box': 'ananthi.alagiri@optum.com', 'uht-IdentityManagment-Mail': 'ananthi.alagiri@optum.com', 'UserPrincipalName': 'ananthi.alagiri@optum.com', 'Employee Type': 'E', 'AccountType': 'P', 'Postal Code': 'II025', 'Department': 'OI Operations', 'Manager EmployeeID': '001361911', 'Manager MSID': 's95', 'Manager Name': '-, Sathish', 'Manager Email': 'sathish.ranganathan@optum.com', 'Business Unit': '48210', 'Operating Unit': '06290', 'Location': 'INDIN025'}]
2026-09-14 23:50:17 DEBUG   [Thread-1 (stdin_reader)] it_asset_app: AD lookup: mapped fields from row: {'emp_name': 'A, Ananthi', 'manager_name': '-, Sathish', 'contact_number': '', 'department': 'OI Operations', 'email': 'ananthi.alagiri@optum.com', 'designation': 'E', 'msid': 'aa99', 'employee_id_confirmed': '002227478', 'manager_email': 'sathish.ranganathan@optum.com', 'manager_msid': 's95', 'manager_employee_id': '001361911', 'account_enabled': 'TRUE'}
2026-09-14 23:50:17 INFO    [Thread-1 (stdin_reader)] it_asset_app: AD lookup: SUCCESS for emp_id='002227478' - 1 candidate(s), emp_name='A, Ananthi' manager_name='-, Sathish'
2026-09-14 23:50:17 INFO    [Thread-1 (stdin_reader)] it_asset_app: AD helper: sending 1 candidate(s) back for request_id='5980eb93380843958f5762010d1265e6'
2026-09-14 23:50:17 INFO    [Thread-1 (stdin_reader)] it_asset_app: AD helper: auto-hid lookup window after successful result (request_id='5980eb93380843958f5762010d1265e6')
2026-09-17 15:41:38 INFO    [MainThread] it_asset_app: ======================================================================
2026-09-17 15:41:38 INFO    [MainThread] it_asset_app: App starting - log file: C:\Users\srajaamu\OneDrive - UHG\Topaz_automation\WorkFlow_Topaz\logs\application.log
2026-09-17 15:41:38 INFO    [MainThread] it_asset_app: Python: 3.14.7 | frozen: False
2026-09-17 15:41:38 INFO    [MainThread] it_asset_app: WizardApp: starting up. ad_lookup_mode='ssrs_report' use_topaz_pad=True bu_templates_folder='bu_templates' root_save_folder='Z:/Topaz_auto' operator_name='Sriram'
2026-09-17 15:41:38 INFO    [MainThread] it_asset_app: WizardApp: GUI ready
2026-09-17 15:41:38 INFO    [Thread-2 (worker)] it_asset_app: SSRS asset report: downloading (force=False) -> 'C:\\Users\\srajaamu\\OneDrive - UHG\\Topaz_automation\\WorkFlow_Topaz\\cache\\ssrs_asset_report.xlsx'
2026-09-17 15:41:38 INFO    [Thread-1 (start)] it_asset_app: AD helper: launched new subprocess (pid=13340): ['C:\\Program Files\\Python314\\python.exe', 'C:\\Users\\srajaamu\\OneDrive - UHG\\Topaz_automation\\WorkFlow_Topaz\\app.py', '--webview-helper']
2026-09-17 15:41:40 INFO    [MainThread] it_asset_app: ======================================================================
2026-09-17 15:41:40 INFO    [MainThread] it_asset_app: App starting - log file: C:\Users\srajaamu\OneDrive - UHG\Topaz_automation\WorkFlow_Topaz\logs\application.log
2026-09-17 15:41:40 INFO    [MainThread] it_asset_app: Python: 3.14.7 | frozen: False
2026-09-17 15:41:40 INFO    [MainThread] it_asset_app: AD helper: subprocess started (pid=13340)
2026-09-17 15:41:40 INFO    [MainThread] it_asset_app: Startup health check: [('Microsoft Word', True, ''), ('Signing Certificate', True, ''), ('SSRS Asset Report', False, 'Stale'), ('Save Folder', True, 'Z:/Topaz_auto'), ('BU Templates', True, '5 loaded')]
2026-09-17 15:41:59 INFO    [MainThread] it_asset_app: SSRS asset report: status='Available' records=1982 error=''
2026-09-17 15:43:38 INFO    [Thread-4 (worker)] it_asset_app: AD helper: launched new subprocess (pid=24424): ['C:\\Program Files\\Python314\\python.exe', 'C:\\Users\\srajaamu\\OneDrive - UHG\\Topaz_automation\\WorkFlow_Topaz\\app.py', '--webview-helper']
2026-09-17 15:43:38 INFO    [MainThread] it_asset_app: ======================================================================
2026-09-17 15:43:38 INFO    [MainThread] it_asset_app: App starting - log file: C:\Users\srajaamu\OneDrive - UHG\Topaz_automation\WorkFlow_Topaz\logs\application.log
2026-09-17 15:43:38 INFO    [MainThread] it_asset_app: Python: 3.14.7 | frozen: False
2026-09-17 15:43:38 INFO    [MainThread] it_asset_app: AD helper: subprocess started (pid=24424)
2026-09-17 15:43:38 INFO    [Thread-1 (stdin_reader)] it_asset_app: AD helper: received lookup request_id='e5d20978afdc4d90a398d6749abd1855' emp_id='002158932'
2026-09-17 15:43:45 INFO    [Thread-1 (stdin_reader)] it_asset_app: AD lookup: starting search for emp_id='002158932' (header_keyword='EmployeeID', name_column='Employee Name')
2026-09-17 15:43:45 DEBUG   [Thread-1 (stdin_reader)] it_asset_app: AD lookup: filled search textbox OK
2026-09-17 15:43:45 DEBUG   [Thread-1 (stdin_reader)] it_asset_app: AD lookup: clicked 'View Report' button OK
2026-09-17 15:43:50 DEBUG   [Thread-1 (stdin_reader)] it_asset_app: AD lookup: results table ready after 4.8s
2026-09-17 15:43:50 DEBUG   [Thread-1 (stdin_reader)] it_asset_app: AD lookup: extracted 1 row(s) via strategy='single-table'; tables seen on page: [{'headers': ['Loading...\nCancel\n\n\n\xa0\t\t\t\xa0\t\t\t\xa0\t\t\n\t\t\t\t\t\tSearch AD for MSID, EmployeeID, or Email Address (one entry per line)\t\n\t\n\t\n\t\t\n\n\n\n\n\t\t\n\t\t\t\tof\t\t0\t\t\n\t\t\n\t\n\t\nPage Width\nWhole Page\n500%\n200%\n150%\n100%\n75%\n50%\n25%\n10%\n\t\n\t\n\t\n\t\tFind\t\t\n\t\t|\t\tNext'], 'rowCount': 1, 'matched': False}, {'headers': ['', 'Loading...\nCancel'], 'rowCount': 1, 'matched': False}, {'headers': ['', '', ''], 'rowCount': 5, 'matched': False}, {'headers': ['Search AD for MSID, EmployeeID, or Email Address (one entry per line)', '', ''], 'rowCount': 1, 'matched': False}, {'headers': ['', '', '', '', '', '', '', '', ''], 'rowCount': 2, 'matched': False}, {'headers': ['', ''], 'rowCount': 1, 'matched': False}, {'headers': ['', '', '', '', '', '', 'of', '', '0', '', '', '', ''], 'rowCount': 1, 'matched': False}, {'headers': [''], 'rowCount': 1, 'matched': False}, {'headers': [''], 'rowCount': 1, 'matched': False}, {'headers': [''], 'rowCount': 1, 'matched': False}, {'headers': [''], 'rowCount': 1, 'matched': False}, {'headers': [''], 'rowCount': 1, 'matched': False}, {'headers': [''], 'rowCount': 1, 'matched': False}, {'headers': [''], 'rowCount': 1, 'matched': False}, {'headers': [''], 'rowCount': 1, 'matched': False}, {'headers': [''], 'rowCount': 1, 'matched': False}, {'headers': [''], 'rowCount': 1, 'matched': False}, {'headers': [''], 'rowCount': 1, 'matched': False}, {'headers': ['Page Width\nWhole Page\n500%\n200%\n150%\n100%\n75%\n50%\n25%\n10%'], 'rowCount': 1, 'matched': False}, {'headers': ['Word\n\t\t\t\t\t\t\t\t\t\n\t\t\t\t\t\t\t\t\t\tExcel\n\t\t\t\t\t\t\t\t\t\n\t\t\t\t\t\t\t\t\t\tPowerPoint\n\t\t\t\t\t\t\t\t\t\n\t\t\t\t\t\t\t\t\t\tPDF\n\t\t\t\t\t\t\t\t\t\n\t\t\t\t\t\t\t\t\t\tTIFF file\n\t\t\t\t\t\t\t\t\t\n\t\t\t\t\t\t\t\t\t\tMHTML (web archive)\n\t\t\t\t\t\t\t\t\t\n\t\t\t\t\t\t\t\t\t\tCSV (comma delimited)\n\t\t\t\t\t\t\t\t\t\n\t\t\t\t\t\t\t\t\t\tXML file with report data\n\t\t\t\t\t\t\t\t\t\n\t\t\t\t\t\t\t\t\t\tData Feed'], 'rowCount': 1, 'matched': False}, {'headers': [''], 'rowCount': 1, 'matched': False}, {'headers': [''], 'rowCount': 1, 'matched': False}, {'headers': [''], 'rowCount': 1, 'matched': False}, {'headers': [''], 'rowCount': 1, 'matched': False}, {'headers': ['', '', 'Find', '', '', '', '|', '', 'Next', '', ''], 'rowCount': 1, 'matched': False}, {'headers': ['Active Directory Search (MS domain)\xa0(data is refreshed once every 24 hours) - data current as of: 9/17/2026 2:01:02 AM Central TimeBookmark this URL (not the site it takes you to): https://goto.optum.com/ActiveDirectoryInfoFor additional options, bookmark this url (not the site it takes you to): https://goto.optum.com/ActiveDirectoryInfo2EnabledEmployeeIDMSIDEmployee NameCorporate Email Boxuht-IdentityManagment-MailUserPrincipalNameEmployee TypeAccountTypePostal CodeDepartmentManager EmployeeIDManager MSIDManager NameManager EmailBusiness UnitOperating UnitLocationDepartmentTRUE002158932msah9Sah, Madhumadhu_sah@optum.commadhu_sah@optum.commadhu_sah@optum.comEPII519OG Adv APAC-1900024921mthotlyThotly, Maheshmahesh_thotly@optum.com1036106870INDIN519846611'], 'rowCount': 1, 'matched': False}, {'headers': ['Active Directory Search (MS domain)\xa0(data is refreshed once every 24 hours) - data current as of: 9/17/2026 2:01:02 AM Central TimeBookmark this URL (not the site it takes you to): https://goto.optum.com/ActiveDirectoryInfoFor additional options, bookmark this url (not the site it takes you to): https://goto.optum.com/ActiveDirectoryInfo2EnabledEmployeeIDMSIDEmployee NameCorporate Email Boxuht-IdentityManagment-MailUserPrincipalNameEmployee TypeAccountTypePostal CodeDepartmentManager EmployeeIDManager MSIDManager NameManager EmailBusiness UnitOperating UnitLocationDepartmentTRUE002158932msah9Sah, Madhumadhu_sah@optum.commadhu_sah@optum.commadhu_sah@optum.comEPII519OG Adv APAC-1900024921mthotlyThotly, Maheshmahesh_thotly@optum.com1036106870INDIN519846611'], 'rowCount': 2, 'matched': False}, {'headers': ['Active Directory Search (MS domain)\xa0(data is refreshed once every 24 hours) - data current as of: 9/17/2026 2:01:02 AM Central TimeBookmark this URL (not the site it takes you to): https://goto.optum.com/ActiveDirectoryInfoFor additional options, bookmark this url (not the site it takes you to): https://goto.optum.com/ActiveDirectoryInfo2EnabledEmployeeIDMSIDEmployee NameCorporate Email Boxuht-IdentityManagment-MailUserPrincipalNameEmployee TypeAccountTypePostal CodeDepartmentManager EmployeeIDManager MSIDManager NameManager EmailBusiness UnitOperating UnitLocationDepartmentTRUE002158932msah9Sah, Madhumadhu_sah@optum.commadhu_sah@optum.commadhu_sah@optum.comEPII519OG Adv APAC-1900024921mthotlyThotly, Maheshmahesh_thotly@optum.com1036106870INDIN519846611'], 'rowCount': 1, 'matched': False}, {'headers': ['', '', '', '', '', '', '', ''], 'rowCount': 7, 'matched': False}, {'headers': ['Enabled', 'EmployeeID', 'MSID', 'Employee Name', 'Corporate Email Box', 'uht-IdentityManagment-Mail', 'UserPrincipalName', 'Employee Type', 'AccountType', 'Postal Code', 'Department', 'Manager EmployeeID', 'Manager MSID', 'Manager Name', 'Manager Email', 'Business Unit', 'Operating Unit', 'Location', 'Department'], 'rowCount': 1, 'matched': True}]
2026-09-17 15:43:50 DEBUG   [Thread-1 (stdin_reader)] it_asset_app: AD lookup: raw extracted rows: [{'Enabled': 'TRUE', 'EmployeeID': '002158932', 'MSID': 'msah9', 'Employee Name': 'Sah, Madhu', 'Corporate Email Box': 'madhu_sah@optum.com', 'uht-IdentityManagment-Mail': 'madhu_sah@optum.com', 'UserPrincipalName': 'madhu_sah@optum.com', 'Employee Type': 'E', 'AccountType': 'P', 'Postal Code': 'II519', 'Department': 'OG Adv APAC-1', 'Manager EmployeeID': '900024921', 'Manager MSID': 'mthotly', 'Manager Name': 'Thotly, Mahesh', 'Manager Email': 'mahesh_thotly@optum.com', 'Business Unit': '10361', 'Operating Unit': '06870', 'Location': 'INDIN519'}]
2026-09-17 15:43:50 DEBUG   [Thread-1 (stdin_reader)] it_asset_app: AD lookup: mapped fields from row: {'emp_name': 'Sah, Madhu', 'manager_name': 'Thotly, Mahesh', 'contact_number': '', 'department': 'OG Adv APAC-1', 'email': 'madhu_sah@optum.com', 'designation': 'E', 'msid': 'msah9', 'employee_id_confirmed': '002158932', 'manager_email': 'mahesh_thotly@optum.com', 'manager_msid': 'mthotly', 'manager_employee_id': '900024921', 'account_enabled': 'TRUE'}
2026-09-17 15:43:50 INFO    [Thread-1 (stdin_reader)] it_asset_app: AD lookup: SUCCESS for emp_id='002158932' - 1 candidate(s), emp_name='Sah, Madhu' manager_name='Thotly, Mahesh'
2026-09-17 15:43:50 INFO    [Thread-1 (stdin_reader)] it_asset_app: AD helper: sending 1 candidate(s) back for request_id='e5d20978afdc4d90a398d6749abd1855'
2026-09-17 15:43:50 INFO    [Thread-1 (stdin_reader)] it_asset_app: AD helper: auto-hid lookup window after successful result (request_id='e5d20978afdc4d90a398d6749abd1855')
2026-09-17 16:03:10 INFO    [Thread-1 (stdin_reader)] it_asset_app: AD helper: received lookup request_id='f7e53291235442fba9927310865beb88' emp_id='900321638'
2026-09-17 16:03:10 INFO    [Thread-1 (stdin_reader)] it_asset_app: AD lookup: starting search for emp_id='900321638' (header_keyword='EmployeeID', name_column='Employee Name')
2026-09-17 16:03:10 DEBUG   [Thread-1 (stdin_reader)] it_asset_app: AD lookup: filled search textbox OK
2026-09-17 16:03:11 DEBUG   [Thread-1 (stdin_reader)] it_asset_app: AD lookup: clicked 'View Report' button OK
2026-09-17 16:03:11 DEBUG   [Thread-1 (stdin_reader)] it_asset_app: AD lookup: results table ready after 0.0s
2026-09-17 16:03:11 DEBUG   [Thread-1 (stdin_reader)] it_asset_app: AD lookup: extracted 1 row(s) via strategy='single-table'; tables seen on page: [{'headers': ['Search AD for MSID, EmployeeID, or Email Address (one entry per line)\t\n\t\n\t\n\t\t\n\n\n\n\n\t\t\n\t\t\t\tof\t\t1\t\t\n\t\t\n\t\n\t\nPage Width\nWhole Page\n500%\n200%\n150%\n100%\n75%\n50%\n25%\n10%\n\t\n\t\n\t\n\t\tFind\t\t\n\t\t|\t\tNext\t\t\n\n\n\t\t\t\t\t\t\t\n\t\t\n\t\n\t\t\t\nActive Directory Search (MS domain)\n\xa0\n(data is refreshed once every 24 hours) - data current as of: 9/17/2026 2:01:02 AM Central Time\n\t\n\t\n\t\nBookmark this URL (not the site it takes you to): https://goto.optum.com/ActiveDirectoryInfo\nFor additional options, bookmark this url (not the site it takes you to): https://goto.optum.com/ActiveDirectoryInfo2\n\t\n\t\n\t\t\n\t\t\t\t\t\t\t\t\t\t\t\t\t\t\t\t\t\t\n\nEnabled\n\t\nEmployeeID\n\t\nMSID\n\t\nEmployee Name\n\t\nCorporate Email Box\n\t\nuht-IdentityManagment-Mail\n\t\nUserPrincipalName\n\t\nEmployee Type\n\t\nAccountType\n\t\nPostal Code\n\t\nDepartment\n\t\nManager EmployeeID\n\t\nManager MSID\n\t\nManager Name\n\t\nManager Email\n\t\nBusiness Unit\n\t\nOperating Unit\n\t\nLocation\n\t\nDepartment\n\n\nTRUE\n\t\n002158932\n\t\nmsah9\n\t\nSah, Madhu\n\t\nmadhu_sah@optum.com\n\t\nmadhu_sah@optum.com\n\t\nmadhu_sah@optum.com\n\t\nE\n\t\nP\n\t\nII519\n\t\nOG Adv APAC-1\n\t\n900024921\n\t\nmthotly\n\t\nThotly, Mahesh\n\t\nmahesh_thotly@optum.com\n\t\n10361\n\t\n06870\n\t\nINDIN519\n\t\n846611'], 'rowCount': 1, 'matched': False}, {'headers': ['', 'Loading...\n\t\t\t\t\tCancel'], 'rowCount': 1, 'matched': False}, {'headers': ['', '', ''], 'rowCount': 5, 'matched': False}, {'headers': ['Search AD for MSID, EmployeeID, or Email Address (one entry per line)', '', ''], 'rowCount': 1, 'matched': False}, {'headers': ['', '', '', '', '', '', '', '', ''], 'rowCount': 2, 'matched': False}, {'headers': ['', ''], 'rowCount': 1, 'matched': False}, {'headers': ['', '', '', '', '', '', 'of', '', '1', '', '', '', ''], 'rowCount': 1, 'matched': False}, {'headers': [''], 'rowCount': 1, 'matched': False}, {'headers': [''], 'rowCount': 1, 'matched': False}, {'headers': [''], 'rowCount': 1, 'matched': False}, {'headers': [''], 'rowCount': 1, 'matched': False}, {'headers': [''], 'rowCount': 1, 'matched': False}, {'headers': [''], 'rowCount': 1, 'matched': False}, {'headers': [''], 'rowCount': 1, 'matched': False}, {'headers': [''], 'rowCount': 1, 'matched': False}, {'headers': [''], 'rowCount': 1, 'matched': False}, {'headers': [''], 'rowCount': 1, 'matched': False}, {'headers': [''], 'rowCount': 1, 'matched': False}, {'headers': ['Page Width\nWhole Page\n500%\n200%\n150%\n100%\n75%\n50%\n25%\n10%'], 'rowCount': 1, 'matched': False}, {'headers': ['Word\n\t\t\t\t\t\t\t\t\t\n\t\t\t\t\t\t\t\t\t\tExcel\n\t\t\t\t\t\t\t\t\t\n\t\t\t\t\t\t\t\t\t\tPowerPoint\n\t\t\t\t\t\t\t\t\t\n\t\t\t\t\t\t\t\t\t\tPDF\n\t\t\t\t\t\t\t\t\t\n\t\t\t\t\t\t\t\t\t\tTIFF file\n\t\t\t\t\t\t\t\t\t\n\t\t\t\t\t\t\t\t\t\tMHTML (web archive)\n\t\t\t\t\t\t\t\t\t\n\t\t\t\t\t\t\t\t\t\tCSV (comma delimited)\n\t\t\t\t\t\t\t\t\t\n\t\t\t\t\t\t\t\t\t\tXML file with report data\n\t\t\t\t\t\t\t\t\t\n\t\t\t\t\t\t\t\t\t\tData Feed'], 'rowCount': 1, 'matched': False}, {'headers': [''], 'rowCount': 1, 'matched': False}, {'headers': [''], 'rowCount': 1, 'matched': False}, {'headers': [''], 'rowCount': 1, 'matched': False}, {'headers': [''], 'rowCount': 1, 'matched': False}, {'headers': ['', '', 'Find', '', '', '', '|', '', 'Next', '', ''], 'rowCount': 1, 'matched': False}, {'headers': ['Active Directory Search (MS domain)\n\xa0\n(data is refreshed once every 24 hours) - data current as of: 9/17/2026 2:01:02 AM Central Time\n\t\n\t\n\t\nBookmark this URL (not the site it takes you to): https://goto.optum.com/ActiveDirectoryInfo\nFor additional options, bookmark this url (not the site it takes you to): https://goto.optum.com/ActiveDirectoryInfo2\n\t\n\t\n\t\t\n\t\t\t\t\t\t\t\t\t\t\t\t\t\t\t\t\t\t\n\nEnabled\n\t\nEmployeeID\n\t\nMSID\n\t\nEmployee Name\n\t\nCorporate Email Box\n\t\nuht-IdentityManagment-Mail\n\t\nUserPrincipalName\n\t\nEmployee Type\n\t\nAccountType\n\t\nPostal Code\n\t\nDepartment\n\t\nManager EmployeeID\n\t\nManager MSID\n\t\nManager Name\n\t\nManager Email\n\t\nBusiness Unit\n\t\nOperating Unit\n\t\nLocation\n\t\nDepartment\n\n\nTRUE\n\t\n002158932\n\t\nmsah9\n\t\nSah, Madhu\n\t\nmadhu_sah@optum.com\n\t\nmadhu_sah@optum.com\n\t\nmadhu_sah@optum.com\n\t\nE\n\t\nP\n\t\nII519\n\t\nOG Adv APAC-1\n\t\n900024921\n\t\nmthotly\n\t\nThotly, Mahesh\n\t\nmahesh_thotly@optum.com\n\t\n10361\n\t\n06870\n\t\nINDIN519\n\t\n846611'], 'rowCount': 1, 'matched': False}, {'headers': ['Active Directory Search (MS domain)\n\xa0\n(data is refreshed once every 24 hours) - data current as of: 9/17/2026 2:01:02 AM Central Time\n\t\n\t\n\t\nBookmark this URL (not the site it takes you to): https://goto.optum.com/ActiveDirectoryInfo\nFor additional options, bookmark this url (not the site it takes you to): https://goto.optum.com/ActiveDirectoryInfo2\n\t\n\t\n\t\t\n\t\t\t\t\t\t\t\t\t\t\t\t\t\t\t\t\t\t\n\nEnabled\n\t\nEmployeeID\n\t\nMSID\n\t\nEmployee Name\n\t\nCorporate Email Box\n\t\nuht-IdentityManagment-Mail\n\t\nUserPrincipalName\n\t\nEmployee Type\n\t\nAccountType\n\t\nPostal Code\n\t\nDepartment\n\t\nManager EmployeeID\n\t\nManager MSID\n\t\nManager Name\n\t\nManager Email\n\t\nBusiness Unit\n\t\nOperating Unit\n\t\nLocation\n\t\nDepartment\n\n\nTRUE\n\t\n002158932\n\t\nmsah9\n\t\nSah, Madhu\n\t\nmadhu_sah@optum.com\n\t\nmadhu_sah@optum.com\n\t\nmadhu_sah@optum.com\n\t\nE\n\t\nP\n\t\nII519\n\t\nOG Adv APAC-1\n\t\n900024921\n\t\nmthotly\n\t\nThotly, Mahesh\n\t\nmahesh_thotly@optum.com\n\t\n10361\n\t\n06870\n\t\nINDIN519\n\t\n846611'], 'rowCount': 2, 'matched': False}, {'headers': ['Active Directory Search (MS domain)\n\xa0\n(data is refreshed once every 24 hours) - data current as of: 9/17/2026 2:01:02 AM Central Time\n\t\n\t\n\t\nBookmark this URL (not the site it takes you to): https://goto.optum.com/ActiveDirectoryInfo\nFor additional options, bookmark this url (not the site it takes you to): https://goto.optum.com/ActiveDirectoryInfo2\n\t\n\t\n\t\t\n\t\t\t\t\t\t\t\t\t\t\t\t\t\t\t\t\t\t\n\nEnabled\n\t\nEmployeeID\n\t\nMSID\n\t\nEmployee Name\n\t\nCorporate Email Box\n\t\nuht-IdentityManagment-Mail\n\t\nUserPrincipalName\n\t\nEmployee Type\n\t\nAccountType\n\t\nPostal Code\n\t\nDepartment\n\t\nManager EmployeeID\n\t\nManager MSID\n\t\nManager Name\n\t\nManager Email\n\t\nBusiness Unit\n\t\nOperating Unit\n\t\nLocation\n\t\nDepartment\n\n\nTRUE\n\t\n002158932\n\t\nmsah9\n\t\nSah, Madhu\n\t\nmadhu_sah@optum.com\n\t\nmadhu_sah@optum.com\n\t\nmadhu_sah@optum.com\n\t\nE\n\t\nP\n\t\nII519\n\t\nOG Adv APAC-1\n\t\n900024921\n\t\nmthotly\n\t\nThotly, Mahesh\n\t\nmahesh_thotly@optum.com\n\t\n10361\n\t\n06870\n\t\nINDIN519\n\t\n846611'], 'rowCount': 1, 'matched': False}, {'headers': ['', '', '', '', '', '', '', ''], 'rowCount': 7, 'matched': False}, {'headers': ['Enabled', 'EmployeeID', 'MSID', 'Employee Name', 'Corporate Email Box', 'uht-IdentityManagment-Mail', 'UserPrincipalName', 'Employee Type', 'AccountType', 'Postal Code', 'Department', 'Manager EmployeeID', 'Manager MSID', 'Manager Name', 'Manager Email', 'Business Unit', 'Operating Unit', 'Location', 'Department'], 'rowCount': 1, 'matched': True}]
2026-09-17 16:03:11 DEBUG   [Thread-1 (stdin_reader)] it_asset_app: AD lookup: raw extracted rows: [{'Enabled': 'TRUE', 'EmployeeID': '002158932', 'MSID': 'msah9', 'Employee Name': 'Sah, Madhu', 'Corporate Email Box': 'madhu_sah@optum.com', 'uht-IdentityManagment-Mail': 'madhu_sah@optum.com', 'UserPrincipalName': 'madhu_sah@optum.com', 'Employee Type': 'E', 'AccountType': 'P', 'Postal Code': 'II519', 'Department': 'OG Adv APAC-1', 'Manager EmployeeID': '900024921', 'Manager MSID': 'mthotly', 'Manager Name': 'Thotly, Mahesh', 'Manager Email': 'mahesh_thotly@optum.com', 'Business Unit': '10361', 'Operating Unit': '06870', 'Location': 'INDIN519'}]
2026-09-17 16:03:11 DEBUG   [Thread-1 (stdin_reader)] it_asset_app: AD lookup: mapped fields from row: {'emp_name': 'Sah, Madhu', 'manager_name': 'Thotly, Mahesh', 'contact_number': '', 'department': 'OG Adv APAC-1', 'email': 'madhu_sah@optum.com', 'designation': 'E', 'msid': 'msah9', 'employee_id_confirmed': '002158932', 'manager_email': 'mahesh_thotly@optum.com', 'manager_msid': 'mthotly', 'manager_employee_id': '900024921', 'account_enabled': 'TRUE'}
2026-09-17 16:03:11 INFO    [Thread-1 (stdin_reader)] it_asset_app: AD lookup: SUCCESS for emp_id='900321638' - 1 candidate(s), emp_name='Sah, Madhu' manager_name='Thotly, Mahesh'
2026-09-17 16:03:11 INFO    [Thread-1 (stdin_reader)] it_asset_app: AD helper: sending 1 candidate(s) back for request_id='f7e53291235442fba9927310865beb88'
2026-09-17 16:03:11 INFO    [Thread-1 (stdin_reader)] it_asset_app: AD helper: auto-hid lookup window after successful result (request_id='f7e53291235442fba9927310865beb88')
2026-09-17 16:03:18 INFO    [Thread-1 (stdin_reader)] it_asset_app: AD helper: received lookup request_id='8bbfc05302a545678aaa4cff3f1c4139' emp_id='900321638'
2026-09-17 16:03:18 INFO    [Thread-1 (stdin_reader)] it_asset_app: AD lookup: starting search for emp_id='900321638' (header_keyword='EmployeeID', name_column='Employee Name')
2026-09-17 16:03:18 DEBUG   [Thread-1 (stdin_reader)] it_asset_app: AD lookup: filled search textbox OK
2026-09-17 16:03:18 DEBUG   [Thread-1 (stdin_reader)] it_asset_app: AD lookup: clicked 'View Report' button OK
2026-09-17 16:03:18 DEBUG   [Thread-1 (stdin_reader)] it_asset_app: AD lookup: results table ready after 0.0s
2026-09-17 16:03:18 DEBUG   [Thread-1 (stdin_reader)] it_asset_app: AD lookup: extracted 1 row(s) via strategy='single-table'; tables seen on page: [{'headers': ['Search AD for MSID, EmployeeID, or Email Address (one entry per line)\t\n\t\n\t\n\t\t\n\n\n\n\n\t\t\n\t\t\t\tof\t\t1\t\t\n\t\t\n\t\n\t\nPage Width\nWhole Page\n500%\n200%\n150%\n100%\n75%\n50%\n25%\n10%\n\t\n\t\n\t\n\t\tFind\t\t\n\t\t|\t\tNext\t\t\n\n\n\t\t\t\t\t\t\t\n\t\t\n\t\n\t\t\t\nActive Directory Search (MS domain)\n\xa0\n(data is refreshed once every 24 hours) - data current as of: 9/17/2026 2:01:02 AM Central Time\n\t\n\t\n\t\nBookmark this URL (not the site it takes you to): https://goto.optum.com/ActiveDirectoryInfo\nFor additional options, bookmark this url (not the site it takes you to): https://goto.optum.com/ActiveDirectoryInfo2\n\t\n\t\n\t\t\n\t\t\t\t\t\t\t\t\t\t\t\t\t\t\t\t\t\t\n\nEnabled\n\t\nEmployeeID\n\t\nMSID\n\t\nEmployee Name\n\t\nCorporate Email Box\n\t\nuht-IdentityManagment-Mail\n\t\nUserPrincipalName\n\t\nEmployee Type\n\t\nAccountType\n\t\nPostal Code\n\t\nDepartment\n\t\nManager EmployeeID\n\t\nManager MSID\n\t\nManager Name\n\t\nManager Email\n\t\nBusiness Unit\n\t\nOperating Unit\n\t\nLocation\n\t\nDepartment\n\n\nTRUE\n\t\n900321638\n\t\nnrohith1\n\t\nRohith, Nichenakolla S\n\t\nnichenakolla_rohith@optum.com\n\t\nnichenakolla_rohith@optum.com\n\t\nnichenakolla_rohith@optum.com\n\t\nE\n\t\nP\n\t\nII550\n\t\nOG Adv APAC-1\n\t\n000777698\n\t\nkkisho6\n\t\nSingh, Kunal K\n\t\nkunalkishore_singh@optum.com\n\t\n10363\n\t\n06870\n\t\nINDIN550\n\t\n846645'], 'rowCount': 1, 'matched': False}, {'headers': ['', 'Loading...\n\t\t\t\t\tCancel'], 'rowCount': 1, 'matched': False}, {'headers': ['', '', ''], 'rowCount': 5, 'matched': False}, {'headers': ['Search AD for MSID, EmployeeID, or Email Address (one entry per line)', '', ''], 'rowCount': 1, 'matched': False}, {'headers': ['', '', '', '', '', '', '', '', ''], 'rowCount': 2, 'matched': False}, {'headers': ['', ''], 'rowCount': 1, 'matched': False}, {'headers': ['', '', '', '', '', '', 'of', '', '1', '', '', '', ''], 'rowCount': 1, 'matched': False}, {'headers': [''], 'rowCount': 1, 'matched': False}, {'headers': [''], 'rowCount': 1, 'matched': False}, {'headers': [''], 'rowCount': 1, 'matched': False}, {'headers': [''], 'rowCount': 1, 'matched': False}, {'headers': [''], 'rowCount': 1, 'matched': False}, {'headers': [''], 'rowCount': 1, 'matched': False}, {'headers': [''], 'rowCount': 1, 'matched': False}, {'headers': [''], 'rowCount': 1, 'matched': False}, {'headers': [''], 'rowCount': 1, 'matched': False}, {'headers': [''], 'rowCount': 1, 'matched': False}, {'headers': [''], 'rowCount': 1, 'matched': False}, {'headers': ['Page Width\nWhole Page\n500%\n200%\n150%\n100%\n75%\n50%\n25%\n10%'], 'rowCount': 1, 'matched': False}, {'headers': ['Word\n\t\t\t\t\t\t\t\t\t\n\t\t\t\t\t\t\t\t\t\tExcel\n\t\t\t\t\t\t\t\t\t\n\t\t\t\t\t\t\t\t\t\tPowerPoint\n\t\t\t\t\t\t\t\t\t\n\t\t\t\t\t\t\t\t\t\tPDF\n\t\t\t\t\t\t\t\t\t\n\t\t\t\t\t\t\t\t\t\tTIFF file\n\t\t\t\t\t\t\t\t\t\n\t\t\t\t\t\t\t\t\t\tMHTML (web archive)\n\t\t\t\t\t\t\t\t\t\n\t\t\t\t\t\t\t\t\t\tCSV (comma delimited)\n\t\t\t\t\t\t\t\t\t\n\t\t\t\t\t\t\t\t\t\tXML file with report data\n\t\t\t\t\t\t\t\t\t\n\t\t\t\t\t\t\t\t\t\tData Feed'], 'rowCount': 1, 'matched': False}, {'headers': [''], 'rowCount': 1, 'matched': False}, {'headers': [''], 'rowCount': 1, 'matched': False}, {'headers': [''], 'rowCount': 1, 'matched': False}, {'headers': [''], 'rowCount': 1, 'matched': False}, {'headers': ['', '', 'Find', '', '', '', '|', '', 'Next', '', ''], 'rowCount': 1, 'matched': False}, {'headers': ['Active Directory Search (MS domain)\n\xa0\n(data is refreshed once every 24 hours) - data current as of: 9/17/2026 2:01:02 AM Central Time\n\t\n\t\n\t\nBookmark this URL (not the site it takes you to): https://goto.optum.com/ActiveDirectoryInfo\nFor additional options, bookmark this url (not the site it takes you to): https://goto.optum.com/ActiveDirectoryInfo2\n\t\n\t\n\t\t\n\t\t\t\t\t\t\t\t\t\t\t\t\t\t\t\t\t\t\n\nEnabled\n\t\nEmployeeID\n\t\nMSID\n\t\nEmployee Name\n\t\nCorporate Email Box\n\t\nuht-IdentityManagment-Mail\n\t\nUserPrincipalName\n\t\nEmployee Type\n\t\nAccountType\n\t\nPostal Code\n\t\nDepartment\n\t\nManager EmployeeID\n\t\nManager MSID\n\t\nManager Name\n\t\nManager Email\n\t\nBusiness Unit\n\t\nOperating Unit\n\t\nLocation\n\t\nDepartment\n\n\nTRUE\n\t\n900321638\n\t\nnrohith1\n\t\nRohith, Nichenakolla S\n\t\nnichenakolla_rohith@optum.com\n\t\nnichenakolla_rohith@optum.com\n\t\nnichenakolla_rohith@optum.com\n\t\nE\n\t\nP\n\t\nII550\n\t\nOG Adv APAC-1\n\t\n000777698\n\t\nkkisho6\n\t\nSingh, Kunal K\n\t\nkunalkishore_singh@optum.com\n\t\n10363\n\t\n06870\n\t\nINDIN550\n\t\n846645'], 'rowCount': 1, 'matched': False}, {'headers': ['Active Directory Search (MS domain)\n\xa0\n(data is refreshed once every 24 hours) - data current as of: 9/17/2026 2:01:02 AM Central Time\n\t\n\t\n\t\nBookmark this URL (not the site it takes you to): https://goto.optum.com/ActiveDirectoryInfo\nFor additional options, bookmark this url (not the site it takes you to): https://goto.optum.com/ActiveDirectoryInfo2\n\t\n\t\n\t\t\n\t\t\t\t\t\t\t\t\t\t\t\t\t\t\t\t\t\t\n\nEnabled\n\t\nEmployeeID\n\t\nMSID\n\t\nEmployee Name\n\t\nCorporate Email Box\n\t\nuht-IdentityManagment-Mail\n\t\nUserPrincipalName\n\t\nEmployee Type\n\t\nAccountType\n\t\nPostal Code\n\t\nDepartment\n\t\nManager EmployeeID\n\t\nManager MSID\n\t\nManager Name\n\t\nManager Email\n\t\nBusiness Unit\n\t\nOperating Unit\n\t\nLocation\n\t\nDepartment\n\n\nTRUE\n\t\n900321638\n\t\nnrohith1\n\t\nRohith, Nichenakolla S\n\t\nnichenakolla_rohith@optum.com\n\t\nnichenakolla_rohith@optum.com\n\t\nnichenakolla_rohith@optum.com\n\t\nE\n\t\nP\n\t\nII550\n\t\nOG Adv APAC-1\n\t\n000777698\n\t\nkkisho6\n\t\nSingh, Kunal K\n\t\nkunalkishore_singh@optum.com\n\t\n10363\n\t\n06870\n\t\nINDIN550\n\t\n846645'], 'rowCount': 2, 'matched': False}, {'headers': ['Active Directory Search (MS domain)\n\xa0\n(data is refreshed once every 24 hours) - data current as of: 9/17/2026 2:01:02 AM Central Time\n\t\n\t\n\t\nBookmark this URL (not the site it takes you to): https://goto.optum.com/ActiveDirectoryInfo\nFor additional options, bookmark this url (not the site it takes you to): https://goto.optum.com/ActiveDirectoryInfo2\n\t\n\t\n\t\t\n\t\t\t\t\t\t\t\t\t\t\t\t\t\t\t\t\t\t\n\nEnabled\n\t\nEmployeeID\n\t\nMSID\n\t\nEmployee Name\n\t\nCorporate Email Box\n\t\nuht-IdentityManagment-Mail\n\t\nUserPrincipalName\n\t\nEmployee Type\n\t\nAccountType\n\t\nPostal Code\n\t\nDepartment\n\t\nManager EmployeeID\n\t\nManager MSID\n\t\nManager Name\n\t\nManager Email\n\t\nBusiness Unit\n\t\nOperating Unit\n\t\nLocation\n\t\nDepartment\n\n\nTRUE\n\t\n900321638\n\t\nnrohith1\n\t\nRohith, Nichenakolla S\n\t\nnichenakolla_rohith@optum.com\n\t\nnichenakolla_rohith@optum.com\n\t\nnichenakolla_rohith@optum.com\n\t\nE\n\t\nP\n\t\nII550\n\t\nOG Adv APAC-1\n\t\n000777698\n\t\nkkisho6\n\t\nSingh, Kunal K\n\t\nkunalkishore_singh@optum.com\n\t\n10363\n\t\n06870\n\t\nINDIN550\n\t\n846645'], 'rowCount': 1, 'matched': False}, {'headers': ['', '', '', '', '', '', '', ''], 'rowCount': 7, 'matched': False}, {'headers': ['Enabled', 'EmployeeID', 'MSID', 'Employee Name', 'Corporate Email Box', 'uht-IdentityManagment-Mail', 'UserPrincipalName', 'Employee Type', 'AccountType', 'Postal Code', 'Department', 'Manager EmployeeID', 'Manager MSID', 'Manager Name', 'Manager Email', 'Business Unit', 'Operating Unit', 'Location', 'Department'], 'rowCount': 1, 'matched': True}]
2026-09-17 16:03:18 DEBUG   [Thread-1 (stdin_reader)] it_asset_app: AD lookup: raw extracted rows: [{'Enabled': 'TRUE', 'EmployeeID': '900321638', 'MSID': 'nrohith1', 'Employee Name': 'Rohith, Nichenakolla S', 'Corporate Email Box': 'nichenakolla_rohith@optum.com', 'uht-IdentityManagment-Mail': 'nichenakolla_rohith@optum.com', 'UserPrincipalName': 'nichenakolla_rohith@optum.com', 'Employee Type': 'E', 'AccountType': 'P', 'Postal Code': 'II550', 'Department': 'OG Adv APAC-1', 'Manager EmployeeID': '000777698', 'Manager MSID': 'kkisho6', 'Manager Name': 'Singh, Kunal K', 'Manager Email': 'kunalkishore_singh@optum.com', 'Business Unit': '10363', 'Operating Unit': '06870', 'Location': 'INDIN550'}]
2026-09-17 16:03:18 DEBUG   [Thread-1 (stdin_reader)] it_asset_app: AD lookup: mapped fields from row: {'emp_name': 'Rohith, Nichenakolla S', 'manager_name': 'Singh, Kunal K', 'contact_number': '', 'department': 'OG Adv APAC-1', 'email': 'nichenakolla_rohith@optum.com', 'designation': 'E', 'msid': 'nrohith1', 'employee_id_confirmed': '900321638', 'manager_email': 'kunalkishore_singh@optum.com', 'manager_msid': 'kkisho6', 'manager_employee_id': '000777698', 'account_enabled': 'TRUE'}
2026-09-17 16:03:18 INFO    [Thread-1 (stdin_reader)] it_asset_app: AD lookup: SUCCESS for emp_id='900321638' - 1 candidate(s), emp_name='Rohith, Nichenakolla S' manager_name='Singh, Kunal K'
2026-09-17 16:03:18 INFO    [Thread-1 (stdin_reader)] it_asset_app: AD helper: sending 1 candidate(s) back for request_id='8bbfc05302a545678aaa4cff3f1c4139'
2026-09-17 16:03:18 INFO    [Thread-1 (stdin_reader)] it_asset_app: AD helper: auto-hid lookup window after successful result (request_id='8bbfc05302a545678aaa4cff3f1c4139')
2026-09-17 16:03:44 INFO    [Thread-1 (stdin_reader)] it_asset_app: AD helper: received lookup request_id='7618c356420a484cb60fbabb1a7d853b' emp_id='900321638'
2026-09-17 16:03:44 INFO    [Thread-1 (stdin_reader)] it_asset_app: AD lookup: starting search for emp_id='900321638' (header_keyword='EmployeeID', name_column='Employee Name')
2026-09-17 16:03:44 DEBUG   [Thread-1 (stdin_reader)] it_asset_app: AD lookup: filled search textbox OK
2026-09-17 16:03:44 DEBUG   [Thread-1 (stdin_reader)] it_asset_app: AD lookup: clicked 'View Report' button OK
2026-09-17 16:03:44 DEBUG   [Thread-1 (stdin_reader)] it_asset_app: AD lookup: results table ready after 0.0s
2026-09-17 16:03:44 DEBUG   [Thread-1 (stdin_reader)] it_asset_app: AD lookup: extracted 1 row(s) via strategy='single-table'; tables seen on page: [{'headers': ['Search AD for MSID, EmployeeID, or Email Address (one entry per line)\t\n\t\n\t\n\t\t\n\n\n\n\n\t\t\n\t\t\t\tof\t\t1\t\t\n\t\t\n\t\n\t\nPage Width\nWhole Page\n500%\n200%\n150%\n100%\n75%\n50%\n25%\n10%\n\t\n\t\n\t\n\t\tFind\t\t\n\t\t|\t\tNext\t\t\n\n\n\t\t\t\t\t\t\t\n\t\t\n\t\n\t\t\t\nActive Directory Search (MS domain)\n\xa0\n(data is refreshed once every 24 hours) - data current as of: 9/17/2026 2:01:02 AM Central Time\n\t\n\t\n\t\nBookmark this URL (not the site it takes you to): https://goto.optum.com/ActiveDirectoryInfo\nFor additional options, bookmark this url (not the site it takes you to): https://goto.optum.com/ActiveDirectoryInfo2\n\t\n\t\n\t\t\n\t\t\t\t\t\t\t\t\t\t\t\t\t\t\t\t\t\t\n\nEnabled\n\t\nEmployeeID\n\t\nMSID\n\t\nEmployee Name\n\t\nCorporate Email Box\n\t\nuht-IdentityManagment-Mail\n\t\nUserPrincipalName\n\t\nEmployee Type\n\t\nAccountType\n\t\nPostal Code\n\t\nDepartment\n\t\nManager EmployeeID\n\t\nManager MSID\n\t\nManager Name\n\t\nManager Email\n\t\nBusiness Unit\n\t\nOperating Unit\n\t\nLocation\n\t\nDepartment\n\n\nTRUE\n\t\n900321638\n\t\nnrohith1\n\t\nRohith, Nichenakolla S\n\t\nnichenakolla_rohith@optum.com\n\t\nnichenakolla_rohith@optum.com\n\t\nnichenakolla_rohith@optum.com\n\t\nE\n\t\nP\n\t\nII550\n\t\nOG Adv APAC-1\n\t\n000777698\n\t\nkkisho6\n\t\nSingh, Kunal K\n\t\nkunalkishore_singh@optum.com\n\t\n10363\n\t\n06870\n\t\nINDIN550\n\t\n846645'], 'rowCount': 1, 'matched': False}, {'headers': ['', 'Loading...\n\t\t\t\t\tCancel'], 'rowCount': 1, 'matched': False}, {'headers': ['', '', ''], 'rowCount': 5, 'matched': False}, {'headers': ['Search AD for MSID, EmployeeID, or Email Address (one entry per line)', '', ''], 'rowCount': 1, 'matched': False}, {'headers': ['', '', '', '', '', '', '', '', ''], 'rowCount': 2, 'matched': False}, {'headers': ['', ''], 'rowCount': 1, 'matched': False}, {'headers': ['', '', '', '', '', '', 'of', '', '1', '', '', '', ''], 'rowCount': 1, 'matched': False}, {'headers': [''], 'rowCount': 1, 'matched': False}, {'headers': [''], 'rowCount': 1, 'matched': False}, {'headers': [''], 'rowCount': 1, 'matched': False}, {'headers': [''], 'rowCount': 1, 'matched': False}, {'headers': [''], 'rowCount': 1, 'matched': False}, {'headers': [''], 'rowCount': 1, 'matched': False}, {'headers': [''], 'rowCount': 1, 'matched': False}, {'headers': [''], 'rowCount': 1, 'matched': False}, {'headers': [''], 'rowCount': 1, 'matched': False}, {'headers': [''], 'rowCount': 1, 'matched': False}, {'headers': [''], 'rowCount': 1, 'matched': False}, {'headers': ['Page Width\nWhole Page\n500%\n200%\n150%\n100%\n75%\n50%\n25%\n10%'], 'rowCount': 1, 'matched': False}, {'headers': ['Word\n\t\t\t\t\t\t\t\t\t\n\t\t\t\t\t\t\t\t\t\tExcel\n\t\t\t\t\t\t\t\t\t\n\t\t\t\t\t\t\t\t\t\tPowerPoint\n\t\t\t\t\t\t\t\t\t\n\t\t\t\t\t\t\t\t\t\tPDF\n\t\t\t\t\t\t\t\t\t\n\t\t\t\t\t\t\t\t\t\tTIFF file\n\t\t\t\t\t\t\t\t\t\n\t\t\t\t\t\t\t\t\t\tMHTML (web archive)\n\t\t\t\t\t\t\t\t\t\n\t\t\t\t\t\t\t\t\t\tCSV (comma delimited)\n\t\t\t\t\t\t\t\t\t\n\t\t\t\t\t\t\t\t\t\tXML file with report data\n\t\t\t\t\t\t\t\t\t\n\t\t\t\t\t\t\t\t\t\tData Feed'], 'rowCount': 1, 'matched': False}, {'headers': [''], 'rowCount': 1, 'matched': False}, {'headers': [''], 'rowCount': 1, 'matched': False}, {'headers': [''], 'rowCount': 1, 'matched': False}, {'headers': [''], 'rowCount': 1, 'matched': False}, {'headers': ['', '', 'Find', '', '', '', '|', '', 'Next', '', ''], 'rowCount': 1, 'matched': False}, {'headers': ['Active Directory Search (MS domain)\n\xa0\n(data is refreshed once every 24 hours) - data current as of: 9/17/2026 2:01:02 AM Central Time\n\t\n\t\n\t\nBookmark this URL (not the site it takes you to): https://goto.optum.com/ActiveDirectoryInfo\nFor additional options, bookmark this url (not the site it takes you to): https://goto.optum.com/ActiveDirectoryInfo2\n\t\n\t\n\t\t\n\t\t\t\t\t\t\t\t\t\t\t\t\t\t\t\t\t\t\n\nEnabled\n\t\nEmployeeID\n\t\nMSID\n\t\nEmployee Name\n\t\nCorporate Email Box\n\t\nuht-IdentityManagment-Mail\n\t\nUserPrincipalName\n\t\nEmployee Type\n\t\nAccountType\n\t\nPostal Code\n\t\nDepartment\n\t\nManager EmployeeID\n\t\nManager MSID\n\t\nManager Name\n\t\nManager Email\n\t\nBusiness Unit\n\t\nOperating Unit\n\t\nLocation\n\t\nDepartment\n\n\nTRUE\n\t\n900321638\n\t\nnrohith1\n\t\nRohith, Nichenakolla S\n\t\nnichenakolla_rohith@optum.com\n\t\nnichenakolla_rohith@optum.com\n\t\nnichenakolla_rohith@optum.com\n\t\nE\n\t\nP\n\t\nII550\n\t\nOG Adv APAC-1\n\t\n000777698\n\t\nkkisho6\n\t\nSingh, Kunal K\n\t\nkunalkishore_singh@optum.com\n\t\n10363\n\t\n06870\n\t\nINDIN550\n\t\n846645'], 'rowCount': 1, 'matched': False}, {'headers': ['Active Directory Search (MS domain)\n\xa0\n(data is refreshed once every 24 hours) - data current as of: 9/17/2026 2:01:02 AM Central Time\n\t\n\t\n\t\nBookmark this URL (not the site it takes you to): https://goto.optum.com/ActiveDirectoryInfo\nFor additional options, bookmark this url (not the site it takes you to): https://goto.optum.com/ActiveDirectoryInfo2\n\t\n\t\n\t\t\n\t\t\t\t\t\t\t\t\t\t\t\t\t\t\t\t\t\t\n\nEnabled\n\t\nEmployeeID\n\t\nMSID\n\t\nEmployee Name\n\t\nCorporate Email Box\n\t\nuht-IdentityManagment-Mail\n\t\nUserPrincipalName\n\t\nEmployee Type\n\t\nAccountType\n\t\nPostal Code\n\t\nDepartment\n\t\nManager EmployeeID\n\t\nManager MSID\n\t\nManager Name\n\t\nManager Email\n\t\nBusiness Unit\n\t\nOperating Unit\n\t\nLocation\n\t\nDepartment\n\n\nTRUE\n\t\n900321638\n\t\nnrohith1\n\t\nRohith, Nichenakolla S\n\t\nnichenakolla_rohith@optum.com\n\t\nnichenakolla_rohith@optum.com\n\t\nnichenakolla_rohith@optum.com\n\t\nE\n\t\nP\n\t\nII550\n\t\nOG Adv APAC-1\n\t\n000777698\n\t\nkkisho6\n\t\nSingh, Kunal K\n\t\nkunalkishore_singh@optum.com\n\t\n10363\n\t\n06870\n\t\nINDIN550\n\t\n846645'], 'rowCount': 2, 'matched': False}, {'headers': ['Active Directory Search (MS domain)\n\xa0\n(data is refreshed once every 24 hours) - data current as of: 9/17/2026 2:01:02 AM Central Time\n\t\n\t\n\t\nBookmark this URL (not the site it takes you to): https://goto.optum.com/ActiveDirectoryInfo\nFor additional options, bookmark this url (not the site it takes you to): https://goto.optum.com/ActiveDirectoryInfo2\n\t\n\t\n\t\t\n\t\t\t\t\t\t\t\t\t\t\t\t\t\t\t\t\t\t\n\nEnabled\n\t\nEmployeeID\n\t\nMSID\n\t\nEmployee Name\n\t\nCorporate Email Box\n\t\nuht-IdentityManagment-Mail\n\t\nUserPrincipalName\n\t\nEmployee Type\n\t\nAccountType\n\t\nPostal Code\n\t\nDepartment\n\t\nManager EmployeeID\n\t\nManager MSID\n\t\nManager Name\n\t\nManager Email\n\t\nBusiness Unit\n\t\nOperating Unit\n\t\nLocation\n\t\nDepartment\n\n\nTRUE\n\t\n900321638\n\t\nnrohith1\n\t\nRohith, Nichenakolla S\n\t\nnichenakolla_rohith@optum.com\n\t\nnichenakolla_rohith@optum.com\n\t\nnichenakolla_rohith@optum.com\n\t\nE\n\t\nP\n\t\nII550\n\t\nOG Adv APAC-1\n\t\n000777698\n\t\nkkisho6\n\t\nSingh, Kunal K\n\t\nkunalkishore_singh@optum.com\n\t\n10363\n\t\n06870\n\t\nINDIN550\n\t\n846645'], 'rowCount': 1, 'matched': False}, {'headers': ['', '', '', '', '', '', '', ''], 'rowCount': 7, 'matched': False}, {'headers': ['Enabled', 'EmployeeID', 'MSID', 'Employee Name', 'Corporate Email Box', 'uht-IdentityManagment-Mail', 'UserPrincipalName', 'Employee Type', 'AccountType', 'Postal Code', 'Department', 'Manager EmployeeID', 'Manager MSID', 'Manager Name', 'Manager Email', 'Business Unit', 'Operating Unit', 'Location', 'Department'], 'rowCount': 1, 'matched': True}]
2026-09-17 16:03:44 DEBUG   [Thread-1 (stdin_reader)] it_asset_app: AD lookup: raw extracted rows: [{'Enabled': 'TRUE', 'EmployeeID': '900321638', 'MSID': 'nrohith1', 'Employee Name': 'Rohith, Nichenakolla S', 'Corporate Email Box': 'nichenakolla_rohith@optum.com', 'uht-IdentityManagment-Mail': 'nichenakolla_rohith@optum.com', 'UserPrincipalName': 'nichenakolla_rohith@optum.com', 'Employee Type': 'E', 'AccountType': 'P', 'Postal Code': 'II550', 'Department': 'OG Adv APAC-1', 'Manager EmployeeID': '000777698', 'Manager MSID': 'kkisho6', 'Manager Name': 'Singh, Kunal K', 'Manager Email': 'kunalkishore_singh@optum.com', 'Business Unit': '10363', 'Operating Unit': '06870', 'Location': 'INDIN550'}]
2026-09-17 16:03:44 DEBUG   [Thread-1 (stdin_reader)] it_asset_app: AD lookup: mapped fields from row: {'emp_name': 'Rohith, Nichenakolla S', 'manager_name': 'Singh, Kunal K', 'contact_number': '', 'department': 'OG Adv APAC-1', 'email': 'nichenakolla_rohith@optum.com', 'designation': 'E', 'msid': 'nrohith1', 'employee_id_confirmed': '900321638', 'manager_email': 'kunalkishore_singh@optum.com', 'manager_msid': 'kkisho6', 'manager_employee_id': '000777698', 'account_enabled': 'TRUE'}
2026-09-17 16:03:44 INFO    [Thread-1 (stdin_reader)] it_asset_app: AD lookup: SUCCESS for emp_id='900321638' - 1 candidate(s), emp_name='Rohith, Nichenakolla S' manager_name='Singh, Kunal K'
2026-09-17 16:03:44 INFO    [Thread-1 (stdin_reader)] it_asset_app: AD helper: sending 1 candidate(s) back for request_id='7618c356420a484cb60fbabb1a7d853b'
2026-09-17 16:03:44 INFO    [Thread-1 (stdin_reader)] it_asset_app: AD helper: auto-hid lookup window after successful result (request_id='7618c356420a484cb60fbabb1a7d853b')
2026-09-17 16:04:13 INFO    [MainThread] it_asset_app: SignatureService.capture: use_topaz_pad=True, title='Employee: sign here'
2026-09-17 16:04:13 INFO    [MainThread] it_asset_app: Topaz: capture() starting
2026-09-17 16:04:13 DEBUG   [Thread-9 (worker)] it_asset_app: Topaz: ProgID 'TOPAZSIGPLUS.SigPlusCtrl.1' failed: (-2147221005, 'Invalid class string', None, None)
2026-09-17 16:04:13 INFO    [Thread-9 (worker)] it_asset_app: Topaz: connected via ProgID 'SigPlus.SigPlusCtrl.1'
2026-09-17 16:04:13 DEBUG   [Thread-9 (worker)] it_asset_app: Topaz: control exposes: ['AboutBox', 'AddSerialByte', 'Annotate', 'AsciiDataMode', 'AutoKeyAddData', 'AutoKeyData', 'AutoKeyFinish', 'AutoKeyStart', 'AutoTimeStamp', 'BackColor', 'BackgroundHandle', 'BitMapBufferByte', 'BitMapBufferClose', 'BitMapBufferSize', 'BitMapBufferWrite', 'BitmapHandle', 'Buffer', 'ByteIndex', 'ClearSigWindow', 'ClearTablet', 'CmdCount', 'CmdData', 'CmdString', 'CoordToUse', 'Coords', 'Data', 'Dest', 'DisableMessageBoxes', 'DisableTabletCapture', 'DisplayAnnotate', 'DisplayAnnotatePosX', 'DisplayAnnotatePosY', 'DisplayAnnotateSize', 'DisplayMode', 'DisplayPenWidth', 'DisplayRotate', 'DisplayRotateSave', 'DisplayTimeStamp', 'DisplayTimeStampPosX', 'DisplayTimeStampPosY', 'DisplayTimeStampSize', 'DisplayWindowRes', 'Enable', 'EnableTabletCapture', 'EnableTabletEncryption', 'EncryptionMode', 'EventMask', 'ExportSigFile', 'FaceName', 'Factor', 'FileName', 'FinalFactor', 'FitToWindow', 'ForeColor', 'Format', 'GetBadPointCounter', 'GetBitmapBufferBytes', 'GetEventEnableMask', 'GetImageScreenResolution', 'GetKey', 'GetKeyReceipt', 'GetKeyReceiptAscii', 'GetLCDSize', 'GetLCDStringSize', 'GetNumPointsForStroke', 'GetNumberOfAttachedTablets', 'GetNumberOfHotSpotPoints', 'GetNumberOfStrokes', 'GetOposPointArray', 'GetOposTotalPoints', 'GetPointPValue', 'GetPointTValue', 'GetPointXValue', 'GetPointYValue', 'GetSavePressureData', 'GetSaveTimeData', 'GetSerialNumberToUse', 'GetSigData', 'GetSigPlusVersionString', 'GetSigReceipt', 'GetSigReceiptAscii', 'GetTabletModelNumber', 'GetTabletPortPath', 'GetTabletSerialNumber', 'GetTrackGemField', 'GreyGain', 'GreyOffset', 'Height', 'HexString', 'HighlightPoint', 'HighlightStroke', 'HostMode', 'IPAddress', 'ImageAnnotate', 'ImageAnnotatePosX', 'ImageAnnotatePosY', 'ImageAnnotateSize', 'ImageFileFormat', 'ImageFileName', 'ImagePenWidth', 'ImageTimeStamp', 'ImageTimeStampPosX', 'ImageTimeStampPosY', 'ImageTimeStampSize', 'ImageXSize', 'ImageYSize', 'ImportSigFile', 'Index', 'InitSigPlus', 'Inside', 'Italic', 'JustifyMode', 'JustifyX', 'JustifyY', 'KeyCode', 'KeyData', 'KeyPadAddHotSpot', 'KeyPadClearHotSpotList', 'KeyPadEnableTapOnly', 'KeyPadQueryHotSpot', 'KeyString', 'LCDCaptureMode', 'LCDCompEnable', 'LCDCompFast', 'LCDCompMode', 'LCDCompSlow', 'LCDCreateImage', 'LCDPlayVideo', 'LCDRefresh', 'LCDSendCmdString', 'LCDSendCommandData', 'LCDSendImage', 'LCDSetFont', 'LCDSetTabletMap', 'LCDSetWindow', 'LCDStopVideo', 'LCDTiffAdd', 'LCDTiffStart', 'LCDTiffWrite', 'LCDType', 'LCDWriteBitmap', 'LCDWriteFile', 'LCDWriteString', 'LCDWriteStringToImage', 'LCDWriteWindowedBitmap', 'LCDXSize', 'LCDXStart', 'LCDXStop', 'LCDYSize', 'LCDYStart', 'LCDYStop', 'LCDZCompMode', 'LineScale', 'LoadTrackGemSig', 'LogEnable', 'LogFilePath', 'MapPoints', 'Message', 'Mode', 'NewPath', 'NewPixelDepth', 'NewPortPath', 'NewValue', 'NumberOfTabletPoints', 'Offset', 'OpaqueMode', 'Param', 'PitchAndFamily', 'PointArray', 'PointIdx', 'PointNumber', 'PortNumber', 'ReplayMode', 'RetryCount', 'ReturnCount', 'SaveSigInfo', 'SerialByte', 'SetAntiAliasEnable', 'SetAntiAliasParameters', 'SetBackground', 'SetBackgroundHandle', 'SetDisplayAnnotateData', 'SetDisplayTimeStampData', 'SetDynamicPressure', 'SetEnableColor', 'SetEventEnableMask', 'SetGreyScaleParams', 'SetIPAddress', 'SetImageAnnotateData', 'SetImageScreenResolution', 'SetImageTimeStampData', 'SetKey', 'SetLCDCompression', 'SetLCDCompressionParameters', 'SetLCDPixelDepth', 'SetLCDRetryCount', 'SetLCDTransferDelay', 'SetLCDTransferSize', 'SetLCDType', 'SetLocalIniFilePath', 'SetLogEnable', 'SetLogFilePath', 'SetMultiUsbEnable', 'SetPressureMap', 'SetPressureMapPoints', 'SetSavePressureData', 'SetSaveTimeData', 'SetSerialNumberToUse', 'SetSigData', 'SetSigSocketPort', 'SetSigWindow', 'SetSpecialCloseDelay', 'SetTabletEncryptionModes', 'SetTabletPortPath', 'SetTranslateBitmapEnable', 'SetUseSHA2Hash', 'SetWMFTempPath', 'SigCompressionMode', 'SigData', 'SigMessage', 'SigSetFont', 'SigString', 'Size', 'SpotSize', 'State', 'Str', 'StrokeIdx', 'StrokeNumber', 'TabletBaudRate', 'TabletClippingMode', 'TabletComPort', 'TabletComTest', 'TabletConnectQuery', 'TabletFilterPoints', 'TabletGraphic', 'TabletGraphicFile', 'TabletIndex', 'TabletInvisible', 'TabletLCDMode', 'TabletLogicalXSize', 'TabletLogicalYSize', 'TabletMode', 'TabletModelNumber', 'TabletResolution', 'TabletRotation', 'TabletSerialNumber', 'TabletState', 'TabletText', 'TabletTextFile', 'TabletTimer', 'TabletTimingAdvance', 'TabletType', 'TabletXStart', 'TabletXStop', 'TabletYStart', 'TabletYStop', 'TestFunction', 'TimeOut', 'TimeStamp', 'TransferDelay', 'TransferSize', 'Underline', 'Value', 'Velocity0', 'VelocityRange', 'VideoNumber', 'Weight', 'Width', 'WriteImageFile', 'X', 'XPos', 'XSize', 'Y', 'YPos', 'YSize', 'ZoomPower', 'ZoomX', 'ZoomY']
2026-09-17 16:04:13 DEBUG   [Thread-9 (worker)] it_asset_app: Topaz: arming the pad (hwnd=593028)
2026-09-17 16:04:16 ERROR   [Thread-9 (worker)] it_asset_app: Topaz: failed to connect/arm the pad
Traceback (most recent call last):
  File "C:\Users\srajaamu\OneDrive - UHG\Topaz_automation\WorkFlow_Topaz\app.py", line 2708, in worker
    self._set_tablet_state(sig, 1, hwnd)
    ~~~~~~~~~~~~~~~~~~~~~~^^^^^^^^^^^^^^
  File "C:\Users\srajaamu\OneDrive - UHG\Topaz_automation\WorkFlow_Topaz\app.py", line 2493, in _set_tablet_state
    raise TopazNotAvailable(
    ...<2 lines>...
    )
TopazNotAvailable: This SigPlus build did not accept any known way of turning the pad on/off. Tried - SetTabletState(state, hwnd): SigPlus.SigPlusCtrl.1.SetTabletState | SetTabletState(state): SigPlus.SigPlusCtrl.1.SetTabletState | TabletState property: TabletState did not stick (wrote 1, read back 0)
2026-09-17 16:04:16 WARNING [MainThread] it_asset_app: Topaz pad not available, falling back to on-screen signing: Topaz pad did not respond (This SigPlus build did not accept any known way of turning the pad on/off. Tried - SetTabletState(state, hwnd): SigPlus.SigPlusCtrl.1.SetTabletState | SetTabletState(state): SigPlus.SigPlusCtrl.1.SetTabletState | TabletState property: TabletState did not stick (wrote 1, read back 0)).
2026-09-17 16:04:23 INFO    [MainThread] it_asset_app: SignatureService.capture: on-screen canvas path returned None
2026-09-18 11:34:01 INFO    [MainThread] it_asset_app: WizardApp: closing (user closed the window)
2026-09-18 11:34:04 INFO    [MainThread] it_asset_app: WizardApp: closed
2026-09-18 11:34:19 INFO    [MainThread] it_asset_app: ======================================================================
2026-09-18 11:34:19 INFO    [MainThread] it_asset_app: App starting - log file: C:\Users\srajaamu\OneDrive - UHG\Topaz_automation\WorkFlow_Topaz\logs\application.log
2026-09-18 11:34:19 INFO    [MainThread] it_asset_app: Python: 3.14.7 | frozen: False
2026-09-18 11:34:19 INFO    [MainThread] it_asset_app: WizardApp: starting up. ad_lookup_mode='ssrs_report' use_topaz_pad=True bu_templates_folder='bu_templates' root_save_folder='Z:/Topaz_auto' operator_name='Sriram'
2026-09-18 11:34:19 INFO    [MainThread] it_asset_app: WizardApp: GUI ready
2026-09-18 11:34:19 INFO    [Thread-2 (worker)] it_asset_app: SSRS asset report: downloading (force=False) -> 'C:\\Users\\srajaamu\\OneDrive - UHG\\Topaz_automation\\WorkFlow_Topaz\\cache\\ssrs_asset_report.xlsx'
2026-09-18 11:34:20 INFO    [Thread-1 (start)] it_asset_app: AD helper: launched new subprocess (pid=19760): ['C:\\Program Files\\Python314\\python.exe', 'C:\\Users\\srajaamu\\OneDrive - UHG\\Topaz_automation\\WorkFlow_Topaz\\app.py', '--webview-helper']
2026-09-18 11:34:20 INFO    [MainThread] it_asset_app: Startup health check: [('Microsoft Word', True, ''), ('Signing Certificate', True, ''), ('SSRS Asset Report', False, 'Stale'), ('Save Folder', True, 'Z:/Topaz_auto'), ('BU Templates', True, '5 loaded')]
2026-09-18 11:34:21 INFO    [MainThread] it_asset_app: ======================================================================
2026-09-18 11:34:21 INFO    [MainThread] it_asset_app: App starting - log file: C:\Users\srajaamu\OneDrive - UHG\Topaz_automation\WorkFlow_Topaz\logs\application.log
2026-09-18 11:34:21 INFO    [MainThread] it_asset_app: Python: 3.14.7 | frozen: False
2026-09-18 11:34:21 INFO    [MainThread] it_asset_app: AD helper: subprocess started (pid=19760)
2026-09-18 11:34:41 INFO    [MainThread] it_asset_app: SSRS asset report: status='Available' records=1915 error=''
2026-09-18 11:34:59 INFO    [MainThread] it_asset_app: WizardApp: closing (user closed the window)
2026-09-18 11:34:59 INFO    [MainThread] it_asset_app: WizardApp: closed
2026-09-18 11:35:22 INFO    [MainThread] it_asset_app: ======================================================================
2026-09-18 11:35:22 INFO    [MainThread] it_asset_app: App starting - log file: C:\Users\srajaamu\OneDrive - UHG\Topaz_automation\WorkFlow_Topaz\logs\application.log
2026-09-18 11:35:22 INFO    [MainThread] it_asset_app: Python: 3.14.7 | frozen: False
2026-09-18 11:35:22 INFO    [MainThread] it_asset_app: WizardApp: starting up. ad_lookup_mode='ssrs_report' use_topaz_pad=True bu_templates_folder='bu_templates' root_save_folder='Z:/Topaz_auto' operator_name='Sriram'
2026-09-18 11:35:22 INFO    [MainThread] it_asset_app: WizardApp: GUI ready
2026-09-18 11:35:23 INFO    [Thread-1 (start)] it_asset_app: AD helper: launched new subprocess (pid=42336): ['C:\\Program Files\\Python314\\python.exe', 'C:\\Users\\srajaamu\\OneDrive - UHG\\Topaz_automation\\WorkFlow_Topaz\\app.py', '--webview-helper']
2026-09-18 11:35:23 INFO    [MainThread] it_asset_app: Startup health check: [('Microsoft Word', True, ''), ('Signing Certificate', True, ''), ('SSRS Asset Report', True, 'Available'), ('Save Folder', True, 'Z:/Topaz_auto'), ('BU Templates', True, '5 loaded')]
2026-09-18 11:35:24 INFO    [MainThread] it_asset_app: ======================================================================
2026-09-18 11:35:24 INFO    [MainThread] it_asset_app: App starting - log file: C:\Users\srajaamu\OneDrive - UHG\Topaz_automation\WorkFlow_Topaz\logs\application.log
2026-09-18 11:35:24 INFO    [MainThread] it_asset_app: Python: 3.14.7 | frozen: False
2026-09-18 11:35:24 INFO    [MainThread] it_asset_app: AD helper: subprocess started (pid=42336)
2026-09-18 11:35:30 INFO    [MainThread] it_asset_app: SSRS asset report: status='Available' records=1915 error=''
2026-09-18 12:23:53 INFO    [Thread-4 (worker)] it_asset_app: AD helper: launched new subprocess (pid=16464): ['C:\\Program Files\\Python314\\python.exe', 'C:\\Users\\srajaamu\\OneDrive - UHG\\Topaz_automation\\WorkFlow_Topaz\\app.py', '--webview-helper']
2026-09-18 12:23:55 INFO    [MainThread] it_asset_app: ======================================================================
2026-09-18 12:23:55 INFO    [MainThread] it_asset_app: App starting - log file: C:\Users\srajaamu\OneDrive - UHG\Topaz_automation\WorkFlow_Topaz\logs\application.log
2026-09-18 12:23:55 INFO    [MainThread] it_asset_app: Python: 3.14.7 | frozen: False
2026-09-18 12:23:55 INFO    [MainThread] it_asset_app: AD helper: subprocess started (pid=16464)
2026-09-18 12:23:55 INFO    [Thread-1 (stdin_reader)] it_asset_app: AD helper: received lookup request_id='ee6a4579db154946a4dc696da881a0c6' emp_id='1691635'
2026-09-18 12:24:02 INFO    [Thread-1 (stdin_reader)] it_asset_app: AD lookup: starting search for emp_id='1691635' (header_keyword='EmployeeID', name_column='Employee Name')
2026-09-18 12:24:02 DEBUG   [Thread-1 (stdin_reader)] it_asset_app: AD lookup: filled search textbox OK
2026-09-18 12:24:02 DEBUG   [Thread-1 (stdin_reader)] it_asset_app: AD lookup: clicked 'View Report' button OK
2026-09-18 12:24:53 ERROR   [MainThread] it_asset_app: AD lookup failed for the active Employee ID (showing friendly message to operator): Timed out waiting for the AD Lookup search result. If a login page appeared, please complete it and try again.
Traceback (most recent call last):
  File "C:\Users\srajaamu\OneDrive - UHG\Topaz_automation\WorkFlow_Topaz\app.py", line 4816, in worker
    candidates = self.browser_session.search(emp_id)
  File "C:\Users\srajaamu\OneDrive - UHG\Topaz_automation\WorkFlow_Topaz\app.py", line 758, in search
    raise RuntimeError(
    ...<2 lines>...
    )
RuntimeError: Timed out waiting for the AD Lookup search result. If a login page appeared, please complete it and try again.
2026-09-18 12:39:13 INFO    [MainThread] it_asset_app: WizardApp: closing (user closed the window)
2026-09-18 12:39:13 INFO    [MainThread] it_asset_app: WizardApp: closed
2026-09-18 12:39:41 INFO    [MainThread] it_asset_app: ======================================================================
2026-09-18 12:39:41 INFO    [MainThread] it_asset_app: App starting - log file: C:\Users\srajaamu\OneDrive - UHG\Topaz_automation\WorkFlow_Topaz\logs\application.log
2026-09-18 12:39:41 INFO    [MainThread] it_asset_app: Python: 3.14.7 | frozen: False
2026-09-18 12:39:41 INFO    [MainThread] it_asset_app: WizardApp: starting up. ad_lookup_mode='ssrs_report' use_topaz_pad=True bu_templates_folder='bu_templates' root_save_folder='Z:/Topaz_auto' operator_name='Sriram'
2026-09-18 12:39:41 INFO    [MainThread] it_asset_app: WizardApp: GUI ready
2026-09-18 12:39:41 INFO    [Thread-1 (start)] it_asset_app: AD helper: launched new subprocess (pid=36388): ['C:\\Program Files\\Python314\\python.exe', 'C:\\Users\\srajaamu\\OneDrive - UHG\\Topaz_automation\\WorkFlow_Topaz\\app.py', '--webview-helper']
2026-09-18 12:39:41 INFO    [MainThread] it_asset_app: Startup health check: [('Microsoft Word', True, ''), ('Signing Certificate', True, ''), ('SSRS Asset Report', True, 'Available'), ('Save Folder', True, 'Z:/Topaz_auto'), ('BU Templates', True, '5 loaded')]
2026-09-18 12:39:42 INFO    [MainThread] it_asset_app: ======================================================================
2026-09-18 12:39:42 INFO    [MainThread] it_asset_app: App starting - log file: C:\Users\srajaamu\OneDrive - UHG\Topaz_automation\WorkFlow_Topaz\logs\application.log
2026-09-18 12:39:42 INFO    [MainThread] it_asset_app: Python: 3.14.7 | frozen: False
2026-09-18 12:39:42 INFO    [MainThread] it_asset_app: AD helper: subprocess started (pid=36388)
2026-09-18 12:39:48 INFO    [MainThread] it_asset_app: SSRS asset report: status='Available' records=1915 error=''
2026-09-18 12:41:21 INFO    [Thread-4 (worker)] it_asset_app: SSRS asset report: downloading (force=True) -> 'C:\\Users\\srajaamu\\OneDrive - UHG\\Topaz_automation\\WorkFlow_Topaz\\cache\\ssrs_asset_report.xlsx'
2026-09-18 12:41:23 INFO    [Thread-5 (worker)] it_asset_app: SSRS asset report: downloading (force=True) -> 'C:\\Users\\srajaamu\\OneDrive - UHG\\Topaz_automation\\WorkFlow_Topaz\\cache\\ssrs_asset_report.xlsx'
2026-09-18 12:41:30 INFO    [Thread-6 (worker)] it_asset_app: SSRS asset report: downloading (force=True) -> 'C:\\Users\\srajaamu\\OneDrive - UHG\\Topaz_automation\\WorkFlow_Topaz\\cache\\ssrs_asset_report.xlsx'
2026-09-18 12:41:40 ERROR   [Thread-5 (worker)] it_asset_app: SSRS asset report: download failed (will try existing cache, if any)
Traceback (most recent call last):
  File "C:\Users\srajaamu\OneDrive - UHG\Topaz_automation\WorkFlow_Topaz\app.py", line 4142, in worker
    download_ssrs_asset_report(url, cache_path)
    ~~~~~~~~~~~~~~~~~~~~~~~~~~^^^^^^^^^^^^^^^^^
  File "C:\Users\srajaamu\OneDrive - UHG\Topaz_automation\WorkFlow_Topaz\app.py", line 3677, in download_ssrs_asset_report
    os.replace(tmp_path, dest_path)
    ~~~~~~~~~~^^^^^^^^^^^^^^^^^^^^^
PermissionError: [WinError 5] Access is denied: 'C:\\Users\\srajaamu\\OneDrive - UHG\\Topaz_automation\\WorkFlow_Topaz\\cache\\ssrs_asset_report.xlsx.part' -> 'C:\\Users\\srajaamu\\OneDrive - UHG\\Topaz_automation\\WorkFlow_Topaz\\cache\\ssrs_asset_report.xlsx'
2026-09-18 12:41:44 ERROR   [Thread-6 (worker)] it_asset_app: SSRS asset report: download failed (will try existing cache, if any)
Traceback (most recent call last):
  File "C:\Users\srajaamu\OneDrive - UHG\Topaz_automation\WorkFlow_Topaz\app.py", line 4142, in worker
    download_ssrs_asset_report(url, cache_path)
    ~~~~~~~~~~~~~~~~~~~~~~~~~~^^^^^^^^^^^^^^^^^
  File "C:\Users\srajaamu\OneDrive - UHG\Topaz_automation\WorkFlow_Topaz\app.py", line 3677, in download_ssrs_asset_report
    os.replace(tmp_path, dest_path)
    ~~~~~~~~~~^^^^^^^^^^^^^^^^^^^^^
PermissionError: [WinError 5] Access is denied: 'C:\\Users\\srajaamu\\OneDrive - UHG\\Topaz_automation\\WorkFlow_Topaz\\cache\\ssrs_asset_report.xlsx.part' -> 'C:\\Users\\srajaamu\\OneDrive - UHG\\Topaz_automation\\WorkFlow_Topaz\\cache\\ssrs_asset_report.xlsx'
2026-09-18 12:41:48 INFO    [MainThread] it_asset_app: SSRS asset report: status='Available' records=1915 error=''
2026-09-18 12:41:51 INFO    [MainThread] it_asset_app: SSRS asset report: status='Stale' records=1915 error="[WinError 5] Access is denied: 'C:\\\\Users\\\\srajaamu\\\\OneDrive - UHG\\\\Topaz_automation\\\\WorkFlow_Topaz\\\\cache\\\\ssrs_asset_report.xlsx.part' -> 'C:\\\\Users\\\\srajaamu\\\\OneDrive - UHG\\\\Topaz_automation\\\\WorkFlow_Topaz\\\\cache\\\\ssrs_asset_report.xlsx'"
2026-09-18 12:41:55 INFO    [MainThread] it_asset_app: SSRS asset report: status='Stale' records=1915 error="[WinError 5] Access is denied: 'C:\\\\Users\\\\srajaamu\\\\OneDrive - UHG\\\\Topaz_automation\\\\WorkFlow_Topaz\\\\cache\\\\ssrs_asset_report.xlsx.part' -> 'C:\\\\Users\\\\srajaamu\\\\OneDrive - UHG\\\\Topaz_automation\\\\WorkFlow_Topaz\\\\cache\\\\ssrs_asset_report.xlsx'"
2026-09-18 12:41:58 INFO    [Thread-8 (worker)] it_asset_app: SSRS asset report: downloading (force=True) -> 'C:\\Users\\srajaamu\\OneDrive - UHG\\Topaz_automation\\WorkFlow_Topaz\\cache\\ssrs_asset_report.xlsx'
2026-09-18 12:41:58 INFO    [Thread-9 (worker)] it_asset_app: SSRS asset report: downloading (force=True) -> 'C:\\Users\\srajaamu\\OneDrive - UHG\\Topaz_automation\\WorkFlow_Topaz\\cache\\ssrs_asset_report.xlsx'
2026-09-18 12:41:58 INFO    [Thread-10 (worker)] it_asset_app: SSRS asset report: downloading (force=True) -> 'C:\\Users\\srajaamu\\OneDrive - UHG\\Topaz_automation\\WorkFlow_Topaz\\cache\\ssrs_asset_report.xlsx'
2026-09-18 12:41:59 INFO    [Thread-11 (worker)] it_asset_app: SSRS asset report: downloading (force=True) -> 'C:\\Users\\srajaamu\\OneDrive - UHG\\Topaz_automation\\WorkFlow_Topaz\\cache\\ssrs_asset_report.xlsx'
2026-09-18 12:41:59 INFO    [Thread-12 (worker)] it_asset_app: SSRS asset report: downloading (force=True) -> 'C:\\Users\\srajaamu\\OneDrive - UHG\\Topaz_automation\\WorkFlow_Topaz\\cache\\ssrs_asset_report.xlsx'
2026-09-18 12:41:59 INFO    [Thread-13 (worker)] it_asset_app: SSRS asset report: downloading (force=True) -> 'C:\\Users\\srajaamu\\OneDrive - UHG\\Topaz_automation\\WorkFlow_Topaz\\cache\\ssrs_asset_report.xlsx'
2026-09-18 12:42:05 ERROR   [Thread-11 (worker)] it_asset_app: SSRS asset report: download failed (will try existing cache, if any)
Traceback (most recent call last):
  File "C:\Users\srajaamu\OneDrive - UHG\Topaz_automation\WorkFlow_Topaz\app.py", line 4142, in worker
    download_ssrs_asset_report(url, cache_path)
    ~~~~~~~~~~~~~~~~~~~~~~~~~~^^^^^^^^^^^^^^^^^
  File "C:\Users\srajaamu\OneDrive - UHG\Topaz_automation\WorkFlow_Topaz\app.py", line 3677, in download_ssrs_asset_report
    os.replace(tmp_path, dest_path)
    ~~~~~~~~~~^^^^^^^^^^^^^^^^^^^^^
PermissionError: [WinError 5] Access is denied: 'C:\\Users\\srajaamu\\OneDrive - UHG\\Topaz_automation\\WorkFlow_Topaz\\cache\\ssrs_asset_report.xlsx.part' -> 'C:\\Users\\srajaamu\\OneDrive - UHG\\Topaz_automation\\WorkFlow_Topaz\\cache\\ssrs_asset_report.xlsx'
2026-09-18 12:42:05 ERROR   [Thread-10 (worker)] it_asset_app: SSRS asset report: download failed (will try existing cache, if any)
Traceback (most recent call last):
  File "C:\Users\srajaamu\OneDrive - UHG\Topaz_automation\WorkFlow_Topaz\app.py", line 4142, in worker
    download_ssrs_asset_report(url, cache_path)
    ~~~~~~~~~~~~~~~~~~~~~~~~~~^^^^^^^^^^^^^^^^^
  File "C:\Users\srajaamu\OneDrive - UHG\Topaz_automation\WorkFlow_Topaz\app.py", line 3677, in download_ssrs_asset_report
    os.replace(tmp_path, dest_path)
    ~~~~~~~~~~^^^^^^^^^^^^^^^^^^^^^
PermissionError: [WinError 5] Access is denied: 'C:\\Users\\srajaamu\\OneDrive - UHG\\Topaz_automation\\WorkFlow_Topaz\\cache\\ssrs_asset_report.xlsx.part' -> 'C:\\Users\\srajaamu\\OneDrive - UHG\\Topaz_automation\\WorkFlow_Topaz\\cache\\ssrs_asset_report.xlsx'
2026-09-18 12:42:05 ERROR   [Thread-12 (worker)] it_asset_app: SSRS asset report: download failed (will try existing cache, if any)
Traceback (most recent call last):
  File "C:\Users\srajaamu\OneDrive - UHG\Topaz_automation\WorkFlow_Topaz\app.py", line 4142, in worker
    download_ssrs_asset_report(url, cache_path)
    ~~~~~~~~~~~~~~~~~~~~~~~~~~^^^^^^^^^^^^^^^^^
  File "C:\Users\srajaamu\OneDrive - UHG\Topaz_automation\WorkFlow_Topaz\app.py", line 3677, in download_ssrs_asset_report
    os.replace(tmp_path, dest_path)
    ~~~~~~~~~~^^^^^^^^^^^^^^^^^^^^^
PermissionError: [WinError 5] Access is denied: 'C:\\Users\\srajaamu\\OneDrive - UHG\\Topaz_automation\\WorkFlow_Topaz\\cache\\ssrs_asset_report.xlsx.part' -> 'C:\\Users\\srajaamu\\OneDrive - UHG\\Topaz_automation\\WorkFlow_Topaz\\cache\\ssrs_asset_report.xlsx'
2026-09-18 12:42:05 ERROR   [Thread-9 (worker)] it_asset_app: SSRS asset report: download failed (will try existing cache, if any)
Traceback (most recent call last):
  File "C:\Users\srajaamu\OneDrive - UHG\Topaz_automation\WorkFlow_Topaz\app.py", line 4142, in worker
    download_ssrs_asset_report(url, cache_path)
    ~~~~~~~~~~~~~~~~~~~~~~~~~~^^^^^^^^^^^^^^^^^
  File "C:\Users\srajaamu\OneDrive - UHG\Topaz_automation\WorkFlow_Topaz\app.py", line 3677, in download_ssrs_asset_report
    os.replace(tmp_path, dest_path)
    ~~~~~~~~~~^^^^^^^^^^^^^^^^^^^^^
PermissionError: [WinError 5] Access is denied: 'C:\\Users\\srajaamu\\OneDrive - UHG\\Topaz_automation\\WorkFlow_Topaz\\cache\\ssrs_asset_report.xlsx.part' -> 'C:\\Users\\srajaamu\\OneDrive - UHG\\Topaz_automation\\WorkFlow_Topaz\\cache\\ssrs_asset_report.xlsx'
2026-09-18 12:42:05 ERROR   [Thread-13 (worker)] it_asset_app: SSRS asset report: download failed (will try existing cache, if any)
Traceback (most recent call last):
  File "C:\Users\srajaamu\OneDrive - UHG\Topaz_automation\WorkFlow_Topaz\app.py", line 4142, in worker
    download_ssrs_asset_report(url, cache_path)
    ~~~~~~~~~~~~~~~~~~~~~~~~~~^^^^^^^^^^^^^^^^^
  File "C:\Users\srajaamu\OneDrive - UHG\Topaz_automation\WorkFlow_Topaz\app.py", line 3677, in download_ssrs_asset_report
    os.replace(tmp_path, dest_path)
    ~~~~~~~~~~^^^^^^^^^^^^^^^^^^^^^
PermissionError: [WinError 5] Access is denied: 'C:\\Users\\srajaamu\\OneDrive - UHG\\Topaz_automation\\WorkFlow_Topaz\\cache\\ssrs_asset_report.xlsx.part' -> 'C:\\Users\\srajaamu\\OneDrive - UHG\\Topaz_automation\\WorkFlow_Topaz\\cache\\ssrs_asset_report.xlsx'
2026-09-18 12:42:14 INFO    [MainThread] it_asset_app: SSRS asset report: status='Available' records=1915 error=''
2026-09-18 12:42:42 ERROR   [MainThread] it_asset_app: AD lookup failed for the active Employee ID (showing friendly message to operator): Timed out waiting for the AD Lookup search result. If a login page appeared, please complete it and try again.
Traceback (most recent call last):
  File "C:\Users\srajaamu\OneDrive - UHG\Topaz_automation\WorkFlow_Topaz\app.py", line 4816, in worker
    candidates = self.browser_session.search(emp_id)
  File "C:\Users\srajaamu\OneDrive - UHG\Topaz_automation\WorkFlow_Topaz\app.py", line 758, in search
    raise RuntimeError(
    ...<2 lines>...
    )
RuntimeError: Timed out waiting for the AD Lookup search result. If a login page appeared, please complete it and try again.
2026-09-18 12:42:45 INFO    [MainThread] it_asset_app: SSRS asset report: status='Stale' records=1915 error="[WinError 5] Access is denied: 'C:\\\\Users\\\\srajaamu\\\\OneDrive - UHG\\\\Topaz_automation\\\\WorkFlow_Topaz\\\\cache\\\\ssrs_asset_report.xlsx.part' -> 'C:\\\\Users\\\\srajaamu\\\\OneDrive - UHG\\\\Topaz_automation\\\\WorkFlow_Topaz\\\\cache\\\\ssrs_asset_report.xlsx'"
2026-09-18 12:42:45 INFO    [MainThread] it_asset_app: SSRS asset report: status='Stale' records=1915 error="[WinError 5] Access is denied: 'C:\\\\Users\\\\srajaamu\\\\OneDrive - UHG\\\\Topaz_automation\\\\WorkFlow_Topaz\\\\cache\\\\ssrs_asset_report.xlsx.part' -> 'C:\\\\Users\\\\srajaamu\\\\OneDrive - UHG\\\\Topaz_automation\\\\WorkFlow_Topaz\\\\cache\\\\ssrs_asset_report.xlsx'"
2026-09-18 12:42:46 INFO    [MainThread] it_asset_app: SSRS asset report: status='Stale' records=1915 error="[WinError 5] Access is denied: 'C:\\\\Users\\\\srajaamu\\\\OneDrive - UHG\\\\Topaz_automation\\\\WorkFlow_Topaz\\\\cache\\\\ssrs_asset_report.xlsx.part' -> 'C:\\\\Users\\\\srajaamu\\\\OneDrive - UHG\\\\Topaz_automation\\\\WorkFlow_Topaz\\\\cache\\\\ssrs_asset_report.xlsx'"
2026-09-18 12:42:46 INFO    [MainThread] it_asset_app: SSRS asset report: status='Stale' records=1915 error="[WinError 5] Access is denied: 'C:\\\\Users\\\\srajaamu\\\\OneDrive - UHG\\\\Topaz_automation\\\\WorkFlow_Topaz\\\\cache\\\\ssrs_asset_report.xlsx.part' -> 'C:\\\\Users\\\\srajaamu\\\\OneDrive - UHG\\\\Topaz_automation\\\\WorkFlow_Topaz\\\\cache\\\\ssrs_asset_report.xlsx'"
2026-09-18 12:42:46 INFO    [MainThread] it_asset_app: SSRS asset report: status='Stale' records=1915 error="[WinError 5] Access is denied: 'C:\\\\Users\\\\srajaamu\\\\OneDrive - UHG\\\\Topaz_automation\\\\WorkFlow_Topaz\\\\cache\\\\ssrs_asset_report.xlsx.part' -> 'C:\\\\Users\\\\srajaamu\\\\OneDrive - UHG\\\\Topaz_automation\\\\WorkFlow_Topaz\\\\cache\\\\ssrs_asset_report.xlsx'"
2026-09-18 12:43:55 CRITICAL [MainThread] it_asset_app: UNCAUGHT EXCEPTION
Traceback (most recent call last):
  File "C:\Users\srajaamu\OneDrive - UHG\Topaz_automation\WorkFlow_Topaz\app.py", line 6479, in <module>
    app.mainloop()
    ~~~~~~~~~~~~^^
  File "C:\Program Files\Python314\Lib\tkinter\__init__.py", line 1625, in mainloop
    self.tk.mainloop(n)
    ~~~~~~~~~~~~~~~~^^^
KeyboardInterrupt
2026-09-18 12:44:16 INFO    [MainThread] it_asset_app: ======================================================================
2026-09-18 12:44:16 INFO    [MainThread] it_asset_app: App starting - log file: C:\Users\srajaamu\OneDrive - UHG\Topaz_automation\WorkFlow_Topaz\logs\application.log
2026-09-18 12:44:16 INFO    [MainThread] it_asset_app: Python: 3.14.7 | frozen: False
2026-09-18 12:44:16 INFO    [MainThread] it_asset_app: WizardApp: starting up. ad_lookup_mode='ssrs_report' use_topaz_pad=True bu_templates_folder='bu_templates' root_save_folder='Z:/Topaz_auto' operator_name='Sriram'
2026-09-18 12:44:16 INFO    [MainThread] it_asset_app: WizardApp: GUI ready
2026-09-18 12:44:16 INFO    [Thread-1 (start)] it_asset_app: AD helper: launched new subprocess (pid=35852): ['C:\\Program Files\\Python314\\python.exe', 'C:\\Users\\srajaamu\\OneDrive - UHG\\Topaz_automation\\WorkFlow_Topaz\\app.py', '--webview-helper']
2026-09-18 12:44:17 INFO    [MainThread] it_asset_app: Startup health check: [('Microsoft Word', True, ''), ('Signing Certificate', True, ''), ('SSRS Asset Report', True, 'Available'), ('Save Folder', True, 'Z:/Topaz_auto'), ('BU Templates', True, '5 loaded')]
2026-09-18 12:44:17 INFO    [MainThread] it_asset_app: ======================================================================
2026-09-18 12:44:17 INFO    [MainThread] it_asset_app: App starting - log file: C:\Users\srajaamu\OneDrive - UHG\Topaz_automation\WorkFlow_Topaz\logs\application.log
2026-09-18 12:44:17 INFO    [MainThread] it_asset_app: Python: 3.14.7 | frozen: False
2026-09-18 12:44:17 INFO    [MainThread] it_asset_app: AD helper: subprocess started (pid=35852)
2026-09-18 12:44:22 INFO    [MainThread] it_asset_app: SSRS asset report: status='Available' records=1915 error=''
2026-09-18 12:47:58 INFO    [Thread-4 (worker)] it_asset_app: AD helper: launched new subprocess (pid=39848): ['C:\\Program Files\\Python314\\python.exe', 'C:\\Users\\srajaamu\\OneDrive - UHG\\Topaz_automation\\WorkFlow_Topaz\\app.py', '--webview-helper']
2026-09-18 12:47:59 INFO    [MainThread] it_asset_app: ======================================================================
2026-09-18 12:47:59 INFO    [MainThread] it_asset_app: App starting - log file: C:\Users\srajaamu\OneDrive - UHG\Topaz_automation\WorkFlow_Topaz\logs\application.log
2026-09-18 12:47:59 INFO    [MainThread] it_asset_app: Python: 3.14.7 | frozen: False
2026-09-18 12:47:59 INFO    [MainThread] it_asset_app: AD helper: subprocess started (pid=39848)
2026-09-18 12:47:59 INFO    [Thread-1 (stdin_reader)] it_asset_app: AD helper: received lookup request_id='24531aff3aa5471083376538d98082da' emp_id='900292859'
2026-09-18 12:48:04 INFO    [Thread-1 (stdin_reader)] it_asset_app: AD lookup: starting search for emp_id='900292859' (header_keyword='EmployeeID', name_column='Employee Name')
2026-09-18 12:48:04 DEBUG   [Thread-1 (stdin_reader)] it_asset_app: AD lookup: filled search textbox OK
2026-09-18 12:48:04 DEBUG   [Thread-1 (stdin_reader)] it_asset_app: AD lookup: clicked 'View Report' button OK
2026-09-18 12:48:06 DEBUG   [Thread-1 (stdin_reader)] it_asset_app: AD lookup: results table ready after 2.4s
2026-09-18 12:48:06 DEBUG   [Thread-1 (stdin_reader)] it_asset_app: AD lookup: extracted 1 row(s) via strategy='single-table'; tables seen on page: [{'headers': ['Search AD for MSID, EmployeeID, or Email Address (one entry per line)\t\n\t\n\t\n\t\t\n\n\n\n\n\t\t\n\t\t\t\tof\t\t1\t\t\n\t\t\n\t\n\t\nPage Width\nWhole Page\n500%\n200%\n150%\n100%\n75%\n50%\n25%\n10%\n\t\n\t\n\t\n\t\tFind\t\t\n\t\t|\t\tNext\t\t\n\n\n\t\t\t\t\t\t\t\n\t\t\n\t\n\t\t\t\nActive Directory Search (MS domain)\n\xa0\n(data is refreshed once every 24 hours) - data current as of: 9/17/2026 2:01:02 AM Central Time\n\t\n\t\n\t\nBookmark this URL (not the site it takes you to): https://goto.optum.com/ActiveDirectoryInfo\nFor additional options, bookmark this url (not the site it takes you to): https://goto.optum.com/ActiveDirectoryInfo2\n\t\n\t\n\t\t\n\t\t\t\t\t\t\t\t\t\t\t\t\t\t\t\t\t\t\n\nEnabled\n\t\nEmployeeID\n\t\nMSID\n\t\nEmployee Name\n\t\nCorporate Email Box\n\t\nuht-IdentityManagment-Mail\n\t\nUserPrincipalName\n\t\nEmployee Type\n\t\nAccountType\n\t\nPostal Code\n\t\nDepartment\n\t\nManager EmployeeID\n\t\nManager MSID\n\t\nManager Name\n\t\nManager Email\n\t\nBusiness Unit\n\t\nOperating Unit\n\t\nLocation\n\t\nDepartment\n\n\nTRUE\n\t\n900292859\n\t\nmjahnav7\n\t\nJahnavi, Miyyapuram\n\t\nmiyyapuram_jahnavi@optum.com\n\t\nmiyyapuram_jahnavi@optum.com\n\t\nmiyyapuram_jahnavi@optum.com\n\t\nE\n\t\nP\n\t\nII550\n\t\nOG Adv APAC-1\n\t\n000727935\n\t\nsdonth6\n\t\nSaidi, Reddy D\n\t\ndontham.reddy@optum.com\n\t\n10363\n\t\n06870\n\t\nINDIN550\n\t\n846862'], 'rowCount': 1, 'matched': False}, {'headers': ['', 'Loading...\n\t\t\t\t\tCancel'], 'rowCount': 1, 'matched': False}, {'headers': ['', '', ''], 'rowCount': 5, 'matched': False}, {'headers': ['Search AD for MSID, EmployeeID, or Email Address (one entry per line)', '', ''], 'rowCount': 1, 'matched': False}, {'headers': ['', '', '', '', '', '', '', '', ''], 'rowCount': 2, 'matched': False}, {'headers': ['', ''], 'rowCount': 1, 'matched': False}, {'headers': ['', '', '', '', '', '', 'of', '', '1', '', '', '', ''], 'rowCount': 1, 'matched': False}, {'headers': [''], 'rowCount': 1, 'matched': False}, {'headers': [''], 'rowCount': 1, 'matched': False}, {'headers': [''], 'rowCount': 1, 'matched': False}, {'headers': [''], 'rowCount': 1, 'matched': False}, {'headers': [''], 'rowCount': 1, 'matched': False}, {'headers': [''], 'rowCount': 1, 'matched': False}, {'headers': [''], 'rowCount': 1, 'matched': False}, {'headers': [''], 'rowCount': 1, 'matched': False}, {'headers': [''], 'rowCount': 1, 'matched': False}, {'headers': [''], 'rowCount': 1, 'matched': False}, {'headers': [''], 'rowCount': 1, 'matched': False}, {'headers': ['Page Width\nWhole Page\n500%\n200%\n150%\n100%\n75%\n50%\n25%\n10%'], 'rowCount': 1, 'matched': False}, {'headers': ['Word\n\t\t\t\t\t\t\t\t\t\n\t\t\t\t\t\t\t\t\t\tExcel\n\t\t\t\t\t\t\t\t\t\n\t\t\t\t\t\t\t\t\t\tPowerPoint\n\t\t\t\t\t\t\t\t\t\n\t\t\t\t\t\t\t\t\t\tPDF\n\t\t\t\t\t\t\t\t\t\n\t\t\t\t\t\t\t\t\t\tTIFF file\n\t\t\t\t\t\t\t\t\t\n\t\t\t\t\t\t\t\t\t\tMHTML (web archive)\n\t\t\t\t\t\t\t\t\t\n\t\t\t\t\t\t\t\t\t\tCSV (comma delimited)\n\t\t\t\t\t\t\t\t\t\n\t\t\t\t\t\t\t\t\t\tXML file with report data\n\t\t\t\t\t\t\t\t\t\n\t\t\t\t\t\t\t\t\t\tData Feed'], 'rowCount': 1, 'matched': False}, {'headers': [''], 'rowCount': 1, 'matched': False}, {'headers': [''], 'rowCount': 1, 'matched': False}, {'headers': [''], 'rowCount': 1, 'matched': False}, {'headers': [''], 'rowCount': 1, 'matched': False}, {'headers': ['', '', 'Find', '', '', '', '|', '', 'Next', '', ''], 'rowCount': 1, 'matched': False}, {'headers': ['Active Directory Search (MS domain)\n\xa0\n(data is refreshed once every 24 hours) - data current as of: 9/17/2026 2:01:02 AM Central Time\n\t\n\t\n\t\nBookmark this URL (not the site it takes you to): https://goto.optum.com/ActiveDirectoryInfo\nFor additional options, bookmark this url (not the site it takes you to): https://goto.optum.com/ActiveDirectoryInfo2\n\t\n\t\n\t\t\n\t\t\t\t\t\t\t\t\t\t\t\t\t\t\t\t\t\t\n\nEnabled\n\t\nEmployeeID\n\t\nMSID\n\t\nEmployee Name\n\t\nCorporate Email Box\n\t\nuht-IdentityManagment-Mail\n\t\nUserPrincipalName\n\t\nEmployee Type\n\t\nAccountType\n\t\nPostal Code\n\t\nDepartment\n\t\nManager EmployeeID\n\t\nManager MSID\n\t\nManager Name\n\t\nManager Email\n\t\nBusiness Unit\n\t\nOperating Unit\n\t\nLocation\n\t\nDepartment\n\n\nTRUE\n\t\n900292859\n\t\nmjahnav7\n\t\nJahnavi, Miyyapuram\n\t\nmiyyapuram_jahnavi@optum.com\n\t\nmiyyapuram_jahnavi@optum.com\n\t\nmiyyapuram_jahnavi@optum.com\n\t\nE\n\t\nP\n\t\nII550\n\t\nOG Adv APAC-1\n\t\n000727935\n\t\nsdonth6\n\t\nSaidi, Reddy D\n\t\ndontham.reddy@optum.com\n\t\n10363\n\t\n06870\n\t\nINDIN550\n\t\n846862'], 'rowCount': 1, 'matched': False}, {'headers': ['Active Directory Search (MS domain)\n\xa0\n(data is refreshed once every 24 hours) - data current as of: 9/17/2026 2:01:02 AM Central Time\n\t\n\t\n\t\nBookmark this URL (not the site it takes you to): https://goto.optum.com/ActiveDirectoryInfo\nFor additional options, bookmark this url (not the site it takes you to): https://goto.optum.com/ActiveDirectoryInfo2\n\t\n\t\n\t\t\n\t\t\t\t\t\t\t\t\t\t\t\t\t\t\t\t\t\t\n\nEnabled\n\t\nEmployeeID\n\t\nMSID\n\t\nEmployee Name\n\t\nCorporate Email Box\n\t\nuht-IdentityManagment-Mail\n\t\nUserPrincipalName\n\t\nEmployee Type\n\t\nAccountType\n\t\nPostal Code\n\t\nDepartment\n\t\nManager EmployeeID\n\t\nManager MSID\n\t\nManager Name\n\t\nManager Email\n\t\nBusiness Unit\n\t\nOperating Unit\n\t\nLocation\n\t\nDepartment\n\n\nTRUE\n\t\n900292859\n\t\nmjahnav7\n\t\nJahnavi, Miyyapuram\n\t\nmiyyapuram_jahnavi@optum.com\n\t\nmiyyapuram_jahnavi@optum.com\n\t\nmiyyapuram_jahnavi@optum.com\n\t\nE\n\t\nP\n\t\nII550\n\t\nOG Adv APAC-1\n\t\n000727935\n\t\nsdonth6\n\t\nSaidi, Reddy D\n\t\ndontham.reddy@optum.com\n\t\n10363\n\t\n06870\n\t\nINDIN550\n\t\n846862'], 'rowCount': 2, 'matched': False}, {'headers': ['Active Directory Search (MS domain)\n\xa0\n(data is refreshed once every 24 hours) - data current as of: 9/17/2026 2:01:02 AM Central Time\n\t\n\t\n\t\nBookmark this URL (not the site it takes you to): https://goto.optum.com/ActiveDirectoryInfo\nFor additional options, bookmark this url (not the site it takes you to): https://goto.optum.com/ActiveDirectoryInfo2\n\t\n\t\n\t\t\n\t\t\t\t\t\t\t\t\t\t\t\t\t\t\t\t\t\t\n\nEnabled\n\t\nEmployeeID\n\t\nMSID\n\t\nEmployee Name\n\t\nCorporate Email Box\n\t\nuht-IdentityManagment-Mail\n\t\nUserPrincipalName\n\t\nEmployee Type\n\t\nAccountType\n\t\nPostal Code\n\t\nDepartment\n\t\nManager EmployeeID\n\t\nManager MSID\n\t\nManager Name\n\t\nManager Email\n\t\nBusiness Unit\n\t\nOperating Unit\n\t\nLocation\n\t\nDepartment\n\n\nTRUE\n\t\n900292859\n\t\nmjahnav7\n\t\nJahnavi, Miyyapuram\n\t\nmiyyapuram_jahnavi@optum.com\n\t\nmiyyapuram_jahnavi@optum.com\n\t\nmiyyapuram_jahnavi@optum.com\n\t\nE\n\t\nP\n\t\nII550\n\t\nOG Adv APAC-1\n\t\n000727935\n\t\nsdonth6\n\t\nSaidi, Reddy D\n\t\ndontham.reddy@optum.com\n\t\n10363\n\t\n06870\n\t\nINDIN550\n\t\n846862'], 'rowCount': 1, 'matched': False}, {'headers': ['', '', '', '', '', '', '', ''], 'rowCount': 7, 'matched': False}, {'headers': ['Enabled', 'EmployeeID', 'MSID', 'Employee Name', 'Corporate Email Box', 'uht-IdentityManagment-Mail', 'UserPrincipalName', 'Employee Type', 'AccountType', 'Postal Code', 'Department', 'Manager EmployeeID', 'Manager MSID', 'Manager Name', 'Manager Email', 'Business Unit', 'Operating Unit', 'Location', 'Department'], 'rowCount': 1, 'matched': True}]
2026-09-18 12:48:06 DEBUG   [Thread-1 (stdin_reader)] it_asset_app: AD lookup: raw extracted rows: [{'Enabled': 'TRUE', 'EmployeeID': '900292859', 'MSID': 'mjahnav7', 'Employee Name': 'Jahnavi, Miyyapuram', 'Corporate Email Box': 'miyyapuram_jahnavi@optum.com', 'uht-IdentityManagment-Mail': 'miyyapuram_jahnavi@optum.com', 'UserPrincipalName': 'miyyapuram_jahnavi@optum.com', 'Employee Type': 'E', 'AccountType': 'P', 'Postal Code': 'II550', 'Department': 'OG Adv APAC-1', 'Manager EmployeeID': '000727935', 'Manager MSID': 'sdonth6', 'Manager Name': 'Saidi, Reddy D', 'Manager Email': 'dontham.reddy@optum.com', 'Business Unit': '10363', 'Operating Unit': '06870', 'Location': 'INDIN550'}]
2026-09-18 12:48:06 DEBUG   [Thread-1 (stdin_reader)] it_asset_app: AD lookup: mapped fields from row: {'emp_name': 'Jahnavi, Miyyapuram', 'manager_name': 'Saidi, Reddy D', 'contact_number': '', 'department': 'OG Adv APAC-1', 'email': 'miyyapuram_jahnavi@optum.com', 'designation': 'E', 'msid': 'mjahnav7', 'employee_id_confirmed': '900292859', 'manager_email': 'dontham.reddy@optum.com', 'manager_msid': 'sdonth6', 'manager_employee_id': '000727935', 'account_enabled': 'TRUE'}
2026-09-18 12:48:06 INFO    [Thread-1 (stdin_reader)] it_asset_app: AD lookup: SUCCESS for emp_id='900292859' - 1 candidate(s), emp_name='Jahnavi, Miyyapuram' manager_name='Saidi, Reddy D'
2026-09-18 12:48:06 INFO    [Thread-1 (stdin_reader)] it_asset_app: AD helper: sending 1 candidate(s) back for request_id='24531aff3aa5471083376538d98082da'
2026-09-18 12:48:06 INFO    [Thread-1 (stdin_reader)] it_asset_app: AD helper: auto-hid lookup window after successful result (request_id='24531aff3aa5471083376538d98082da')
2026-09-18 12:49:17 INFO    [MainThread] it_asset_app: SignatureService.capture: use_topaz_pad=True, title='Employee: sign here'
2026-09-18 12:49:17 INFO    [MainThread] it_asset_app: Topaz: capture() starting
2026-09-18 12:49:17 DEBUG   [Thread-6 (worker)] it_asset_app: Topaz: ProgID 'TOPAZSIGPLUS.SigPlusCtrl.1' failed: (-2147221005, 'Invalid class string', None, None)
2026-09-18 12:49:17 INFO    [Thread-6 (worker)] it_asset_app: Topaz: connected via ProgID 'SigPlus.SigPlusCtrl.1'
2026-09-18 12:49:17 DEBUG   [Thread-6 (worker)] it_asset_app: Topaz: control exposes: ['AboutBox', 'AddSerialByte', 'Annotate', 'AsciiDataMode', 'AutoKeyAddData', 'AutoKeyData', 'AutoKeyFinish', 'AutoKeyStart', 'AutoTimeStamp', 'BackColor', 'BackgroundHandle', 'BitMapBufferByte', 'BitMapBufferClose', 'BitMapBufferSize', 'BitMapBufferWrite', 'BitmapHandle', 'Buffer', 'ByteIndex', 'ClearSigWindow', 'ClearTablet', 'CmdCount', 'CmdData', 'CmdString', 'CoordToUse', 'Coords', 'Data', 'Dest', 'DisableMessageBoxes', 'DisableTabletCapture', 'DisplayAnnotate', 'DisplayAnnotatePosX', 'DisplayAnnotatePosY', 'DisplayAnnotateSize', 'DisplayMode', 'DisplayPenWidth', 'DisplayRotate', 'DisplayRotateSave', 'DisplayTimeStamp', 'DisplayTimeStampPosX', 'DisplayTimeStampPosY', 'DisplayTimeStampSize', 'DisplayWindowRes', 'Enable', 'EnableTabletCapture', 'EnableTabletEncryption', 'EncryptionMode', 'EventMask', 'ExportSigFile', 'FaceName', 'Factor', 'FileName', 'FinalFactor', 'FitToWindow', 'ForeColor', 'Format', 'GetBadPointCounter', 'GetBitmapBufferBytes', 'GetEventEnableMask', 'GetImageScreenResolution', 'GetKey', 'GetKeyReceipt', 'GetKeyReceiptAscii', 'GetLCDSize', 'GetLCDStringSize', 'GetNumPointsForStroke', 'GetNumberOfAttachedTablets', 'GetNumberOfHotSpotPoints', 'GetNumberOfStrokes', 'GetOposPointArray', 'GetOposTotalPoints', 'GetPointPValue', 'GetPointTValue', 'GetPointXValue', 'GetPointYValue', 'GetSavePressureData', 'GetSaveTimeData', 'GetSerialNumberToUse', 'GetSigData', 'GetSigPlusVersionString', 'GetSigReceipt', 'GetSigReceiptAscii', 'GetTabletModelNumber', 'GetTabletPortPath', 'GetTabletSerialNumber', 'GetTrackGemField', 'GreyGain', 'GreyOffset', 'Height', 'HexString', 'HighlightPoint', 'HighlightStroke', 'HostMode', 'IPAddress', 'ImageAnnotate', 'ImageAnnotatePosX', 'ImageAnnotatePosY', 'ImageAnnotateSize', 'ImageFileFormat', 'ImageFileName', 'ImagePenWidth', 'ImageTimeStamp', 'ImageTimeStampPosX', 'ImageTimeStampPosY', 'ImageTimeStampSize', 'ImageXSize', 'ImageYSize', 'ImportSigFile', 'Index', 'InitSigPlus', 'Inside', 'Italic', 'JustifyMode', 'JustifyX', 'JustifyY', 'KeyCode', 'KeyData', 'KeyPadAddHotSpot', 'KeyPadClearHotSpotList', 'KeyPadEnableTapOnly', 'KeyPadQueryHotSpot', 'KeyString', 'LCDCaptureMode', 'LCDCompEnable', 'LCDCompFast', 'LCDCompMode', 'LCDCompSlow', 'LCDCreateImage', 'LCDPlayVideo', 'LCDRefresh', 'LCDSendCmdString', 'LCDSendCommandData', 'LCDSendImage', 'LCDSetFont', 'LCDSetTabletMap', 'LCDSetWindow', 'LCDStopVideo', 'LCDTiffAdd', 'LCDTiffStart', 'LCDTiffWrite', 'LCDType', 'LCDWriteBitmap', 'LCDWriteFile', 'LCDWriteString', 'LCDWriteStringToImage', 'LCDWriteWindowedBitmap', 'LCDXSize', 'LCDXStart', 'LCDXStop', 'LCDYSize', 'LCDYStart', 'LCDYStop', 'LCDZCompMode', 'LineScale', 'LoadTrackGemSig', 'LogEnable', 'LogFilePath', 'MapPoints', 'Message', 'Mode', 'NewPath', 'NewPixelDepth', 'NewPortPath', 'NewValue', 'NumberOfTabletPoints', 'Offset', 'OpaqueMode', 'Param', 'PitchAndFamily', 'PointArray', 'PointIdx', 'PointNumber', 'PortNumber', 'ReplayMode', 'RetryCount', 'ReturnCount', 'SaveSigInfo', 'SerialByte', 'SetAntiAliasEnable', 'SetAntiAliasParameters', 'SetBackground', 'SetBackgroundHandle', 'SetDisplayAnnotateData', 'SetDisplayTimeStampData', 'SetDynamicPressure', 'SetEnableColor', 'SetEventEnableMask', 'SetGreyScaleParams', 'SetIPAddress', 'SetImageAnnotateData', 'SetImageScreenResolution', 'SetImageTimeStampData', 'SetKey', 'SetLCDCompression', 'SetLCDCompressionParameters', 'SetLCDPixelDepth', 'SetLCDRetryCount', 'SetLCDTransferDelay', 'SetLCDTransferSize', 'SetLCDType', 'SetLocalIniFilePath', 'SetLogEnable', 'SetLogFilePath', 'SetMultiUsbEnable', 'SetPressureMap', 'SetPressureMapPoints', 'SetSavePressureData', 'SetSaveTimeData', 'SetSerialNumberToUse', 'SetSigData', 'SetSigSocketPort', 'SetSigWindow', 'SetSpecialCloseDelay', 'SetTabletEncryptionModes', 'SetTabletPortPath', 'SetTranslateBitmapEnable', 'SetUseSHA2Hash', 'SetWMFTempPath', 'SigCompressionMode', 'SigData', 'SigMessage', 'SigSetFont', 'SigString', 'Size', 'SpotSize', 'State', 'Str', 'StrokeIdx', 'StrokeNumber', 'TabletBaudRate', 'TabletClippingMode', 'TabletComPort', 'TabletComTest', 'TabletConnectQuery', 'TabletFilterPoints', 'TabletGraphic', 'TabletGraphicFile', 'TabletIndex', 'TabletInvisible', 'TabletLCDMode', 'TabletLogicalXSize', 'TabletLogicalYSize', 'TabletMode', 'TabletModelNumber', 'TabletResolution', 'TabletRotation', 'TabletSerialNumber', 'TabletState', 'TabletText', 'TabletTextFile', 'TabletTimer', 'TabletTimingAdvance', 'TabletType', 'TabletXStart', 'TabletXStop', 'TabletYStart', 'TabletYStop', 'TestFunction', 'TimeOut', 'TimeStamp', 'TransferDelay', 'TransferSize', 'Underline', 'Value', 'Velocity0', 'VelocityRange', 'VideoNumber', 'Weight', 'Width', 'WriteImageFile', 'X', 'XPos', 'XSize', 'Y', 'YPos', 'YSize', 'ZoomPower', 'ZoomX', 'ZoomY']
2026-09-18 12:49:17 DEBUG   [Thread-6 (worker)] it_asset_app: Topaz: arming the pad (hwnd=397674)
2026-09-18 12:49:17 DEBUG   [Thread-6 (worker)] it_asset_app: Topaz: tablet state set to 1 via TabletState property
2026-09-18 12:49:17 INFO    [Thread-6 (worker)] it_asset_app: Topaz: pad armed OK
2026-09-18 12:49:20 INFO    [Thread-6 (worker)] it_asset_app: Topaz: NumberOfTabletPoints=0 after Accept
2026-09-18 12:49:20 DEBUG   [Thread-6 (worker)] it_asset_app: Topaz: tablet state set to 0 via TabletState property
2026-09-18 12:49:20 DEBUG   [Thread-6 (worker)] it_asset_app: Topaz: pad disarmed OK
2026-09-18 12:49:20 ERROR   [MainThread] it_asset_app: Topaz: capture failed: No signature was captured on the pad.
2026-09-18 12:49:20 WARNING [MainThread] it_asset_app: Topaz pad not available, falling back to on-screen signing: No signature was captured on the pad.
2026-09-18 12:49:25 INFO    [MainThread] it_asset_app: SignatureService.capture: on-screen canvas path returned None
2026-09-18 12:49:28 INFO    [MainThread] it_asset_app: SignatureService.capture: use_topaz_pad=True, title='Employee: sign here'
2026-09-18 12:49:28 INFO    [MainThread] it_asset_app: Topaz: capture() starting
2026-09-18 12:49:28 DEBUG   [Thread-7 (worker)] it_asset_app: Topaz: ProgID 'TOPAZSIGPLUS.SigPlusCtrl.1' failed: (-2147221005, 'Invalid class string', None, None)
2026-09-18 12:49:28 INFO    [Thread-7 (worker)] it_asset_app: Topaz: connected via ProgID 'SigPlus.SigPlusCtrl.1'
2026-09-18 12:49:28 DEBUG   [Thread-7 (worker)] it_asset_app: Topaz: control exposes: ['AboutBox', 'AddSerialByte', 'Annotate', 'AsciiDataMode', 'AutoKeyAddData', 'AutoKeyData', 'AutoKeyFinish', 'AutoKeyStart', 'AutoTimeStamp', 'BackColor', 'BackgroundHandle', 'BitMapBufferByte', 'BitMapBufferClose', 'BitMapBufferSize', 'BitMapBufferWrite', 'BitmapHandle', 'Buffer', 'ByteIndex', 'ClearSigWindow', 'ClearTablet', 'CmdCount', 'CmdData', 'CmdString', 'CoordToUse', 'Coords', 'Data', 'Dest', 'DisableMessageBoxes', 'DisableTabletCapture', 'DisplayAnnotate', 'DisplayAnnotatePosX', 'DisplayAnnotatePosY', 'DisplayAnnotateSize', 'DisplayMode', 'DisplayPenWidth', 'DisplayRotate', 'DisplayRotateSave', 'DisplayTimeStamp', 'DisplayTimeStampPosX', 'DisplayTimeStampPosY', 'DisplayTimeStampSize', 'DisplayWindowRes', 'Enable', 'EnableTabletCapture', 'EnableTabletEncryption', 'EncryptionMode', 'EventMask', 'ExportSigFile', 'FaceName', 'Factor', 'FileName', 'FinalFactor', 'FitToWindow', 'ForeColor', 'Format', 'GetBadPointCounter', 'GetBitmapBufferBytes', 'GetEventEnableMask', 'GetImageScreenResolution', 'GetKey', 'GetKeyReceipt', 'GetKeyReceiptAscii', 'GetLCDSize', 'GetLCDStringSize', 'GetNumPointsForStroke', 'GetNumberOfAttachedTablets', 'GetNumberOfHotSpotPoints', 'GetNumberOfStrokes', 'GetOposPointArray', 'GetOposTotalPoints', 'GetPointPValue', 'GetPointTValue', 'GetPointXValue', 'GetPointYValue', 'GetSavePressureData', 'GetSaveTimeData', 'GetSerialNumberToUse', 'GetSigData', 'GetSigPlusVersionString', 'GetSigReceipt', 'GetSigReceiptAscii', 'GetTabletModelNumber', 'GetTabletPortPath', 'GetTabletSerialNumber', 'GetTrackGemField', 'GreyGain', 'GreyOffset', 'Height', 'HexString', 'HighlightPoint', 'HighlightStroke', 'HostMode', 'IPAddress', 'ImageAnnotate', 'ImageAnnotatePosX', 'ImageAnnotatePosY', 'ImageAnnotateSize', 'ImageFileFormat', 'ImageFileName', 'ImagePenWidth', 'ImageTimeStamp', 'ImageTimeStampPosX', 'ImageTimeStampPosY', 'ImageTimeStampSize', 'ImageXSize', 'ImageYSize', 'ImportSigFile', 'Index', 'InitSigPlus', 'Inside', 'Italic', 'JustifyMode', 'JustifyX', 'JustifyY', 'KeyCode', 'KeyData', 'KeyPadAddHotSpot', 'KeyPadClearHotSpotList', 'KeyPadEnableTapOnly', 'KeyPadQueryHotSpot', 'KeyString', 'LCDCaptureMode', 'LCDCompEnable', 'LCDCompFast', 'LCDCompMode', 'LCDCompSlow', 'LCDCreateImage', 'LCDPlayVideo', 'LCDRefresh', 'LCDSendCmdString', 'LCDSendCommandData', 'LCDSendImage', 'LCDSetFont', 'LCDSetTabletMap', 'LCDSetWindow', 'LCDStopVideo', 'LCDTiffAdd', 'LCDTiffStart', 'LCDTiffWrite', 'LCDType', 'LCDWriteBitmap', 'LCDWriteFile', 'LCDWriteString', 'LCDWriteStringToImage', 'LCDWriteWindowedBitmap', 'LCDXSize', 'LCDXStart', 'LCDXStop', 'LCDYSize', 'LCDYStart', 'LCDYStop', 'LCDZCompMode', 'LineScale', 'LoadTrackGemSig', 'LogEnable', 'LogFilePath', 'MapPoints', 'Message', 'Mode', 'NewPath', 'NewPixelDepth', 'NewPortPath', 'NewValue', 'NumberOfTabletPoints', 'Offset', 'OpaqueMode', 'Param', 'PitchAndFamily', 'PointArray', 'PointIdx', 'PointNumber', 'PortNumber', 'ReplayMode', 'RetryCount', 'ReturnCount', 'SaveSigInfo', 'SerialByte', 'SetAntiAliasEnable', 'SetAntiAliasParameters', 'SetBackground', 'SetBackgroundHandle', 'SetDisplayAnnotateData', 'SetDisplayTimeStampData', 'SetDynamicPressure', 'SetEnableColor', 'SetEventEnableMask', 'SetGreyScaleParams', 'SetIPAddress', 'SetImageAnnotateData', 'SetImageScreenResolution', 'SetImageTimeStampData', 'SetKey', 'SetLCDCompression', 'SetLCDCompressionParameters', 'SetLCDPixelDepth', 'SetLCDRetryCount', 'SetLCDTransferDelay', 'SetLCDTransferSize', 'SetLCDType', 'SetLocalIniFilePath', 'SetLogEnable', 'SetLogFilePath', 'SetMultiUsbEnable', 'SetPressureMap', 'SetPressureMapPoints', 'SetSavePressureData', 'SetSaveTimeData', 'SetSerialNumberToUse', 'SetSigData', 'SetSigSocketPort', 'SetSigWindow', 'SetSpecialCloseDelay', 'SetTabletEncryptionModes', 'SetTabletPortPath', 'SetTranslateBitmapEnable', 'SetUseSHA2Hash', 'SetWMFTempPath', 'SigCompressionMode', 'SigData', 'SigMessage', 'SigSetFont', 'SigString', 'Size', 'SpotSize', 'State', 'Str', 'StrokeIdx', 'StrokeNumber', 'TabletBaudRate', 'TabletClippingMode', 'TabletComPort', 'TabletComTest', 'TabletConnectQuery', 'TabletFilterPoints', 'TabletGraphic', 'TabletGraphicFile', 'TabletIndex', 'TabletInvisible', 'TabletLCDMode', 'TabletLogicalXSize', 'TabletLogicalYSize', 'TabletMode', 'TabletModelNumber', 'TabletResolution', 'TabletRotation', 'TabletSerialNumber', 'TabletState', 'TabletText', 'TabletTextFile', 'TabletTimer', 'TabletTimingAdvance', 'TabletType', 'TabletXStart', 'TabletXStop', 'TabletYStart', 'TabletYStop', 'TestFunction', 'TimeOut', 'TimeStamp', 'TransferDelay', 'TransferSize', 'Underline', 'Value', 'Velocity0', 'VelocityRange', 'VideoNumber', 'Weight', 'Width', 'WriteImageFile', 'X', 'XPos', 'XSize', 'Y', 'YPos', 'YSize', 'ZoomPower', 'ZoomX', 'ZoomY']
2026-09-18 12:49:28 DEBUG   [Thread-7 (worker)] it_asset_app: Topaz: arming the pad (hwnd=397674)
2026-09-18 12:49:28 DEBUG   [Thread-7 (worker)] it_asset_app: Topaz: tablet state set to 1 via TabletState property
2026-09-18 12:49:28 INFO    [Thread-7 (worker)] it_asset_app: Topaz: pad armed OK
2026-09-18 12:49:32 INFO    [Thread-7 (worker)] it_asset_app: Topaz: NumberOfTabletPoints=0 after Accept
2026-09-18 12:49:32 DEBUG   [Thread-7 (worker)] it_asset_app: Topaz: tablet state set to 0 via TabletState property
2026-09-18 12:49:32 DEBUG   [Thread-7 (worker)] it_asset_app: Topaz: pad disarmed OK
2026-09-18 12:49:32 ERROR   [MainThread] it_asset_app: Topaz: capture failed: No signature was captured on the pad.
2026-09-18 12:49:32 WARNING [MainThread] it_asset_app: Topaz pad not available, falling back to on-screen signing: No signature was captured on the pad.
2026-09-18 12:49:37 INFO    [MainThread] it_asset_app: SignatureService.capture: on-screen canvas path returned None
2026-09-18 12:50:00 INFO    [MainThread] it_asset_app: SignatureService.capture: use_topaz_pad=True, title='Employee: sign here'
2026-09-18 12:50:00 INFO    [MainThread] it_asset_app: Topaz: capture() starting
2026-09-18 12:50:00 DEBUG   [Thread-8 (worker)] it_asset_app: Topaz: ProgID 'TOPAZSIGPLUS.SigPlusCtrl.1' failed: (-2147221005, 'Invalid class string', None, None)
2026-09-18 12:50:01 INFO    [Thread-8 (worker)] it_asset_app: Topaz: connected via ProgID 'SigPlus.SigPlusCtrl.1'
2026-09-18 12:50:01 DEBUG   [Thread-8 (worker)] it_asset_app: Topaz: control exposes: ['AboutBox', 'AddSerialByte', 'Annotate', 'AsciiDataMode', 'AutoKeyAddData', 'AutoKeyData', 'AutoKeyFinish', 'AutoKeyStart', 'AutoTimeStamp', 'BackColor', 'BackgroundHandle', 'BitMapBufferByte', 'BitMapBufferClose', 'BitMapBufferSize', 'BitMapBufferWrite', 'BitmapHandle', 'Buffer', 'ByteIndex', 'ClearSigWindow', 'ClearTablet', 'CmdCount', 'CmdData', 'CmdString', 'CoordToUse', 'Coords', 'Data', 'Dest', 'DisableMessageBoxes', 'DisableTabletCapture', 'DisplayAnnotate', 'DisplayAnnotatePosX', 'DisplayAnnotatePosY', 'DisplayAnnotateSize', 'DisplayMode', 'DisplayPenWidth', 'DisplayRotate', 'DisplayRotateSave', 'DisplayTimeStamp', 'DisplayTimeStampPosX', 'DisplayTimeStampPosY', 'DisplayTimeStampSize', 'DisplayWindowRes', 'Enable', 'EnableTabletCapture', 'EnableTabletEncryption', 'EncryptionMode', 'EventMask', 'ExportSigFile', 'FaceName', 'Factor', 'FileName', 'FinalFactor', 'FitToWindow', 'ForeColor', 'Format', 'GetBadPointCounter', 'GetBitmapBufferBytes', 'GetEventEnableMask', 'GetImageScreenResolution', 'GetKey', 'GetKeyReceipt', 'GetKeyReceiptAscii', 'GetLCDSize', 'GetLCDStringSize', 'GetNumPointsForStroke', 'GetNumberOfAttachedTablets', 'GetNumberOfHotSpotPoints', 'GetNumberOfStrokes', 'GetOposPointArray', 'GetOposTotalPoints', 'GetPointPValue', 'GetPointTValue', 'GetPointXValue', 'GetPointYValue', 'GetSavePressureData', 'GetSaveTimeData', 'GetSerialNumberToUse', 'GetSigData', 'GetSigPlusVersionString', 'GetSigReceipt', 'GetSigReceiptAscii', 'GetTabletModelNumber', 'GetTabletPortPath', 'GetTabletSerialNumber', 'GetTrackGemField', 'GreyGain', 'GreyOffset', 'Height', 'HexString', 'HighlightPoint', 'HighlightStroke', 'HostMode', 'IPAddress', 'ImageAnnotate', 'ImageAnnotatePosX', 'ImageAnnotatePosY', 'ImageAnnotateSize', 'ImageFileFormat', 'ImageFileName', 'ImagePenWidth', 'ImageTimeStamp', 'ImageTimeStampPosX', 'ImageTimeStampPosY', 'ImageTimeStampSize', 'ImageXSize', 'ImageYSize', 'ImportSigFile', 'Index', 'InitSigPlus', 'Inside', 'Italic', 'JustifyMode', 'JustifyX', 'JustifyY', 'KeyCode', 'KeyData', 'KeyPadAddHotSpot', 'KeyPadClearHotSpotList', 'KeyPadEnableTapOnly', 'KeyPadQueryHotSpot', 'KeyString', 'LCDCaptureMode', 'LCDCompEnable', 'LCDCompFast', 'LCDCompMode', 'LCDCompSlow', 'LCDCreateImage', 'LCDPlayVideo', 'LCDRefresh', 'LCDSendCmdString', 'LCDSendCommandData', 'LCDSendImage', 'LCDSetFont', 'LCDSetTabletMap', 'LCDSetWindow', 'LCDStopVideo', 'LCDTiffAdd', 'LCDTiffStart', 'LCDTiffWrite', 'LCDType', 'LCDWriteBitmap', 'LCDWriteFile', 'LCDWriteString', 'LCDWriteStringToImage', 'LCDWriteWindowedBitmap', 'LCDXSize', 'LCDXStart', 'LCDXStop', 'LCDYSize', 'LCDYStart', 'LCDYStop', 'LCDZCompMode', 'LineScale', 'LoadTrackGemSig', 'LogEnable', 'LogFilePath', 'MapPoints', 'Message', 'Mode', 'NewPath', 'NewPixelDepth', 'NewPortPath', 'NewValue', 'NumberOfTabletPoints', 'Offset', 'OpaqueMode', 'Param', 'PitchAndFamily', 'PointArray', 'PointIdx', 'PointNumber', 'PortNumber', 'ReplayMode', 'RetryCount', 'ReturnCount', 'SaveSigInfo', 'SerialByte', 'SetAntiAliasEnable', 'SetAntiAliasParameters', 'SetBackground', 'SetBackgroundHandle', 'SetDisplayAnnotateData', 'SetDisplayTimeStampData', 'SetDynamicPressure', 'SetEnableColor', 'SetEventEnableMask', 'SetGreyScaleParams', 'SetIPAddress', 'SetImageAnnotateData', 'SetImageScreenResolution', 'SetImageTimeStampData', 'SetKey', 'SetLCDCompression', 'SetLCDCompressionParameters', 'SetLCDPixelDepth', 'SetLCDRetryCount', 'SetLCDTransferDelay', 'SetLCDTransferSize', 'SetLCDType', 'SetLocalIniFilePath', 'SetLogEnable', 'SetLogFilePath', 'SetMultiUsbEnable', 'SetPressureMap', 'SetPressureMapPoints', 'SetSavePressureData', 'SetSaveTimeData', 'SetSerialNumberToUse', 'SetSigData', 'SetSigSocketPort', 'SetSigWindow', 'SetSpecialCloseDelay', 'SetTabletEncryptionModes', 'SetTabletPortPath', 'SetTranslateBitmapEnable', 'SetUseSHA2Hash', 'SetWMFTempPath', 'SigCompressionMode', 'SigData', 'SigMessage', 'SigSetFont', 'SigString', 'Size', 'SpotSize', 'State', 'Str', 'StrokeIdx', 'StrokeNumber', 'TabletBaudRate', 'TabletClippingMode', 'TabletComPort', 'TabletComTest', 'TabletConnectQuery', 'TabletFilterPoints', 'TabletGraphic', 'TabletGraphicFile', 'TabletIndex', 'TabletInvisible', 'TabletLCDMode', 'TabletLogicalXSize', 'TabletLogicalYSize', 'TabletMode', 'TabletModelNumber', 'TabletResolution', 'TabletRotation', 'TabletSerialNumber', 'TabletState', 'TabletText', 'TabletTextFile', 'TabletTimer', 'TabletTimingAdvance', 'TabletType', 'TabletXStart', 'TabletXStop', 'TabletYStart', 'TabletYStop', 'TestFunction', 'TimeOut', 'TimeStamp', 'TransferDelay', 'TransferSize', 'Underline', 'Value', 'Velocity0', 'VelocityRange', 'VideoNumber', 'Weight', 'Width', 'WriteImageFile', 'X', 'XPos', 'XSize', 'Y', 'YPos', 'YSize', 'ZoomPower', 'ZoomX', 'ZoomY']
2026-09-18 12:50:01 DEBUG   [Thread-8 (worker)] it_asset_app: Topaz: arming the pad (hwnd=397674)
2026-09-18 12:50:01 DEBUG   [Thread-8 (worker)] it_asset_app: Topaz: tablet state set to 1 via TabletState property
2026-09-18 12:50:01 INFO    [Thread-8 (worker)] it_asset_app: Topaz: pad armed OK
2026-09-18 12:50:02 INFO    [Thread-8 (worker)] it_asset_app: Topaz: NumberOfTabletPoints=0 after Accept
2026-09-18 12:50:02 DEBUG   [Thread-8 (worker)] it_asset_app: Topaz: tablet state set to 0 via TabletState property
2026-09-18 12:50:02 DEBUG   [Thread-8 (worker)] it_asset_app: Topaz: pad disarmed OK
2026-09-18 12:50:02 ERROR   [MainThread] it_asset_app: Topaz: capture failed: No signature was captured on the pad.
2026-09-18 12:50:02 WARNING [MainThread] it_asset_app: Topaz pad not available, falling back to on-screen signing: No signature was captured on the pad.
2026-09-18 12:50:06 INFO    [MainThread] it_asset_app: SignatureService.capture: on-screen canvas path returned None
2026-09-18 12:50:15 INFO    [MainThread] it_asset_app: WizardApp: closing (user closed the window)
2026-09-18 12:50:16 INFO    [MainThread] it_asset_app: WizardApp: closed
2026-09-18 12:50:21 INFO    [MainThread] it_asset_app: ======================================================================
2026-09-18 12:50:21 INFO    [MainThread] it_asset_app: App starting - log file: C:\Users\srajaamu\OneDrive - UHG\Topaz_automation\WorkFlow_Topaz\logs\application.log
2026-09-18 12:50:21 INFO    [MainThread] it_asset_app: Python: 3.14.7 | frozen: False
2026-09-18 12:50:21 INFO    [MainThread] it_asset_app: WizardApp: starting up. ad_lookup_mode='ssrs_report' use_topaz_pad=True bu_templates_folder='bu_templates' root_save_folder='Z:/Topaz_auto' operator_name='Sriram'
2026-09-18 12:50:21 INFO    [MainThread] it_asset_app: WizardApp: GUI ready
2026-09-18 12:50:21 INFO    [Thread-1 (start)] it_asset_app: AD helper: launched new subprocess (pid=29612): ['C:\\Program Files\\Python314\\python.exe', 'C:\\Users\\srajaamu\\OneDrive - UHG\\Topaz_automation\\WorkFlow_Topaz\\app.py', '--webview-helper']
2026-09-18 12:50:22 INFO    [MainThread] it_asset_app: Startup health check: [('Microsoft Word', True, ''), ('Signing Certificate', True, ''), ('SSRS Asset Report', True, 'Available'), ('Save Folder', True, 'Z:/Topaz_auto'), ('BU Templates', True, '5 loaded')]
2026-09-18 12:50:23 INFO    [MainThread] it_asset_app: ======================================================================
2026-09-18 12:50:23 INFO    [MainThread] it_asset_app: App starting - log file: C:\Users\srajaamu\OneDrive - UHG\Topaz_automation\WorkFlow_Topaz\logs\application.log
2026-09-18 12:50:23 INFO    [MainThread] it_asset_app: Python: 3.14.7 | frozen: False
2026-09-18 12:50:23 INFO    [MainThread] it_asset_app: AD helper: subprocess started (pid=29612)
2026-09-18 12:50:29 INFO    [MainThread] it_asset_app: SSRS asset report: status='Available' records=1915 error=''
2026-09-18 12:50:39 INFO    [Thread-1 (stdin_reader)] it_asset_app: AD helper: received lookup request_id='632f1a67bc4444659aa5c333db3fbf66' emp_id='900292859'
2026-09-18 12:50:39 INFO    [Thread-1 (stdin_reader)] it_asset_app: AD lookup: starting search for emp_id='900292859' (header_keyword='EmployeeID', name_column='Employee Name')
2026-09-18 12:50:39 DEBUG   [Thread-1 (stdin_reader)] it_asset_app: AD lookup: filled search textbox OK
2026-09-18 12:50:39 DEBUG   [Thread-1 (stdin_reader)] it_asset_app: AD lookup: clicked 'View Report' button OK
2026-09-18 12:50:44 DEBUG   [Thread-1 (stdin_reader)] it_asset_app: AD lookup: results table ready after 4.8s
2026-09-18 12:50:44 DEBUG   [Thread-1 (stdin_reader)] it_asset_app: AD lookup: extracted 1 row(s) via strategy='single-table'; tables seen on page: [{'headers': ['Loading...\nCancel\n\n\n\xa0\t\t\t\xa0\t\t\t\xa0\t\t\n\t\t\t\t\t\tSearch AD for MSID, EmployeeID, or Email Address (one entry per line)\t\n\t\n\t\n\t\t\n\n\n\n\n\t\t\n\t\t\t\tof\t\t0\t\t\n\t\t\n\t\n\t\nPage Width\nWhole Page\n500%\n200%\n150%\n100%\n75%\n50%\n25%\n10%\n\t\n\t\n\t\n\t\tFind\t\t\n\t\t|\t\tNext'], 'rowCount': 1, 'matched': False}, {'headers': ['', 'Loading...\nCancel'], 'rowCount': 1, 'matched': False}, {'headers': ['', '', ''], 'rowCount': 5, 'matched': False}, {'headers': ['Search AD for MSID, EmployeeID, or Email Address (one entry per line)', '', ''], 'rowCount': 1, 'matched': False}, {'headers': ['', '', '', '', '', '', '', '', ''], 'rowCount': 2, 'matched': False}, {'headers': ['', ''], 'rowCount': 1, 'matched': False}, {'headers': ['', '', '', '', '', '', 'of', '', '0', '', '', '', ''], 'rowCount': 1, 'matched': False}, {'headers': [''], 'rowCount': 1, 'matched': False}, {'headers': [''], 'rowCount': 1, 'matched': False}, {'headers': [''], 'rowCount': 1, 'matched': False}, {'headers': [''], 'rowCount': 1, 'matched': False}, {'headers': [''], 'rowCount': 1, 'matched': False}, {'headers': [''], 'rowCount': 1, 'matched': False}, {'headers': [''], 'rowCount': 1, 'matched': False}, {'headers': [''], 'rowCount': 1, 'matched': False}, {'headers': [''], 'rowCount': 1, 'matched': False}, {'headers': [''], 'rowCount': 1, 'matched': False}, {'headers': [''], 'rowCount': 1, 'matched': False}, {'headers': ['Page Width\nWhole Page\n500%\n200%\n150%\n100%\n75%\n50%\n25%\n10%'], 'rowCount': 1, 'matched': False}, {'headers': ['Word\n\t\t\t\t\t\t\t\t\t\n\t\t\t\t\t\t\t\t\t\tExcel\n\t\t\t\t\t\t\t\t\t\n\t\t\t\t\t\t\t\t\t\tPowerPoint\n\t\t\t\t\t\t\t\t\t\n\t\t\t\t\t\t\t\t\t\tPDF\n\t\t\t\t\t\t\t\t\t\n\t\t\t\t\t\t\t\t\t\tTIFF file\n\t\t\t\t\t\t\t\t\t\n\t\t\t\t\t\t\t\t\t\tMHTML (web archive)\n\t\t\t\t\t\t\t\t\t\n\t\t\t\t\t\t\t\t\t\tCSV (comma delimited)\n\t\t\t\t\t\t\t\t\t\n\t\t\t\t\t\t\t\t\t\tXML file with report data\n\t\t\t\t\t\t\t\t\t\n\t\t\t\t\t\t\t\t\t\tData Feed'], 'rowCount': 1, 'matched': False}, {'headers': [''], 'rowCount': 1, 'matched': False}, {'headers': [''], 'rowCount': 1, 'matched': False}, {'headers': [''], 'rowCount': 1, 'matched': False}, {'headers': [''], 'rowCount': 1, 'matched': False}, {'headers': ['', '', 'Find', '', '', '', '|', '', 'Next', '', ''], 'rowCount': 1, 'matched': False}, {'headers': ['Active Directory Search (MS domain)\xa0(data is refreshed once every 24 hours) - data current as of: 9/17/2026 2:01:02 AM Central TimeBookmark this URL (not the site it takes you to): https://goto.optum.com/ActiveDirectoryInfoFor additional options, bookmark this url (not the site it takes you to): https://goto.optum.com/ActiveDirectoryInfo2EnabledEmployeeIDMSIDEmployee NameCorporate Email Boxuht-IdentityManagment-MailUserPrincipalNameEmployee TypeAccountTypePostal CodeDepartmentManager EmployeeIDManager MSIDManager NameManager EmailBusiness UnitOperating UnitLocationDepartmentTRUE900292859mjahnav7Jahnavi, Miyyapurammiyyapuram_jahnavi@optum.commiyyapuram_jahnavi@optum.commiyyapuram_jahnavi@optum.comEPII550OG Adv APAC-1000727935sdonth6Saidi, Reddy Ddontham.reddy@optum.com1036306870INDIN550846862'], 'rowCount': 1, 'matched': False}, {'headers': ['Active Directory Search (MS domain)\xa0(data is refreshed once every 24 hours) - data current as of: 9/17/2026 2:01:02 AM Central TimeBookmark this URL (not the site it takes you to): https://goto.optum.com/ActiveDirectoryInfoFor additional options, bookmark this url (not the site it takes you to): https://goto.optum.com/ActiveDirectoryInfo2EnabledEmployeeIDMSIDEmployee NameCorporate Email Boxuht-IdentityManagment-MailUserPrincipalNameEmployee TypeAccountTypePostal CodeDepartmentManager EmployeeIDManager MSIDManager NameManager EmailBusiness UnitOperating UnitLocationDepartmentTRUE900292859mjahnav7Jahnavi, Miyyapurammiyyapuram_jahnavi@optum.commiyyapuram_jahnavi@optum.commiyyapuram_jahnavi@optum.comEPII550OG Adv APAC-1000727935sdonth6Saidi, Reddy Ddontham.reddy@optum.com1036306870INDIN550846862'], 'rowCount': 2, 'matched': False}, {'headers': ['Active Directory Search (MS domain)\xa0(data is refreshed once every 24 hours) - data current as of: 9/17/2026 2:01:02 AM Central TimeBookmark this URL (not the site it takes you to): https://goto.optum.com/ActiveDirectoryInfoFor additional options, bookmark this url (not the site it takes you to): https://goto.optum.com/ActiveDirectoryInfo2EnabledEmployeeIDMSIDEmployee NameCorporate Email Boxuht-IdentityManagment-MailUserPrincipalNameEmployee TypeAccountTypePostal CodeDepartmentManager EmployeeIDManager MSIDManager NameManager EmailBusiness UnitOperating UnitLocationDepartmentTRUE900292859mjahnav7Jahnavi, Miyyapurammiyyapuram_jahnavi@optum.commiyyapuram_jahnavi@optum.commiyyapuram_jahnavi@optum.comEPII550OG Adv APAC-1000727935sdonth6Saidi, Reddy Ddontham.reddy@optum.com1036306870INDIN550846862'], 'rowCount': 1, 'matched': False}, {'headers': ['', '', '', '', '', '', '', ''], 'rowCount': 7, 'matched': False}, {'headers': ['Enabled', 'EmployeeID', 'MSID', 'Employee Name', 'Corporate Email Box', 'uht-IdentityManagment-Mail', 'UserPrincipalName', 'Employee Type', 'AccountType', 'Postal Code', 'Department', 'Manager EmployeeID', 'Manager MSID', 'Manager Name', 'Manager Email', 'Business Unit', 'Operating Unit', 'Location', 'Department'], 'rowCount': 1, 'matched': True}]
2026-09-18 12:50:44 DEBUG   [Thread-1 (stdin_reader)] it_asset_app: AD lookup: raw extracted rows: [{'Enabled': 'TRUE', 'EmployeeID': '900292859', 'MSID': 'mjahnav7', 'Employee Name': 'Jahnavi, Miyyapuram', 'Corporate Email Box': 'miyyapuram_jahnavi@optum.com', 'uht-IdentityManagment-Mail': 'miyyapuram_jahnavi@optum.com', 'UserPrincipalName': 'miyyapuram_jahnavi@optum.com', 'Employee Type': 'E', 'AccountType': 'P', 'Postal Code': 'II550', 'Department': 'OG Adv APAC-1', 'Manager EmployeeID': '000727935', 'Manager MSID': 'sdonth6', 'Manager Name': 'Saidi, Reddy D', 'Manager Email': 'dontham.reddy@optum.com', 'Business Unit': '10363', 'Operating Unit': '06870', 'Location': 'INDIN550'}]
2026-09-18 12:50:44 DEBUG   [Thread-1 (stdin_reader)] it_asset_app: AD lookup: mapped fields from row: {'emp_name': 'Jahnavi, Miyyapuram', 'manager_name': 'Saidi, Reddy D', 'contact_number': '', 'department': 'OG Adv APAC-1', 'email': 'miyyapuram_jahnavi@optum.com', 'designation': 'E', 'msid': 'mjahnav7', 'employee_id_confirmed': '900292859', 'manager_email': 'dontham.reddy@optum.com', 'manager_msid': 'sdonth6', 'manager_employee_id': '000727935', 'account_enabled': 'TRUE'}
2026-09-18 12:50:44 INFO    [Thread-1 (stdin_reader)] it_asset_app: AD lookup: SUCCESS for emp_id='900292859' - 1 candidate(s), emp_name='Jahnavi, Miyyapuram' manager_name='Saidi, Reddy D'
2026-09-18 12:50:44 INFO    [Thread-1 (stdin_reader)] it_asset_app: AD helper: sending 1 candidate(s) back for request_id='632f1a67bc4444659aa5c333db3fbf66'
2026-09-18 12:50:44 INFO    [Thread-1 (stdin_reader)] it_asset_app: AD helper: auto-hid lookup window after successful result (request_id='632f1a67bc4444659aa5c333db3fbf66')
2026-09-18 12:50:57 INFO    [MainThread] it_asset_app: SignatureService.capture: use_topaz_pad=True, title='Employee: sign here'
2026-09-18 12:50:57 INFO    [MainThread] it_asset_app: Topaz: capture() starting
2026-09-18 12:50:57 DEBUG   [Thread-5 (worker)] it_asset_app: Topaz: ProgID 'TOPAZSIGPLUS.SigPlusCtrl.1' failed: (-2147221005, 'Invalid class string', None, None)
2026-09-18 12:50:57 INFO    [Thread-5 (worker)] it_asset_app: Topaz: connected via ProgID 'SigPlus.SigPlusCtrl.1'
2026-09-18 12:50:57 DEBUG   [Thread-5 (worker)] it_asset_app: Topaz: control exposes: ['AboutBox', 'AddSerialByte', 'Annotate', 'AsciiDataMode', 'AutoKeyAddData', 'AutoKeyData', 'AutoKeyFinish', 'AutoKeyStart', 'AutoTimeStamp', 'BackColor', 'BackgroundHandle', 'BitMapBufferByte', 'BitMapBufferClose', 'BitMapBufferSize', 'BitMapBufferWrite', 'BitmapHandle', 'Buffer', 'ByteIndex', 'ClearSigWindow', 'ClearTablet', 'CmdCount', 'CmdData', 'CmdString', 'CoordToUse', 'Coords', 'Data', 'Dest', 'DisableMessageBoxes', 'DisableTabletCapture', 'DisplayAnnotate', 'DisplayAnnotatePosX', 'DisplayAnnotatePosY', 'DisplayAnnotateSize', 'DisplayMode', 'DisplayPenWidth', 'DisplayRotate', 'DisplayRotateSave', 'DisplayTimeStamp', 'DisplayTimeStampPosX', 'DisplayTimeStampPosY', 'DisplayTimeStampSize', 'DisplayWindowRes', 'Enable', 'EnableTabletCapture', 'EnableTabletEncryption', 'EncryptionMode', 'EventMask', 'ExportSigFile', 'FaceName', 'Factor', 'FileName', 'FinalFactor', 'FitToWindow', 'ForeColor', 'Format', 'GetBadPointCounter', 'GetBitmapBufferBytes', 'GetEventEnableMask', 'GetImageScreenResolution', 'GetKey', 'GetKeyReceipt', 'GetKeyReceiptAscii', 'GetLCDSize', 'GetLCDStringSize', 'GetNumPointsForStroke', 'GetNumberOfAttachedTablets', 'GetNumberOfHotSpotPoints', 'GetNumberOfStrokes', 'GetOposPointArray', 'GetOposTotalPoints', 'GetPointPValue', 'GetPointTValue', 'GetPointXValue', 'GetPointYValue', 'GetSavePressureData', 'GetSaveTimeData', 'GetSerialNumberToUse', 'GetSigData', 'GetSigPlusVersionString', 'GetSigReceipt', 'GetSigReceiptAscii', 'GetTabletModelNumber', 'GetTabletPortPath', 'GetTabletSerialNumber', 'GetTrackGemField', 'GreyGain', 'GreyOffset', 'Height', 'HexString', 'HighlightPoint', 'HighlightStroke', 'HostMode', 'IPAddress', 'ImageAnnotate', 'ImageAnnotatePosX', 'ImageAnnotatePosY', 'ImageAnnotateSize', 'ImageFileFormat', 'ImageFileName', 'ImagePenWidth', 'ImageTimeStamp', 'ImageTimeStampPosX', 'ImageTimeStampPosY', 'ImageTimeStampSize', 'ImageXSize', 'ImageYSize', 'ImportSigFile', 'Index', 'InitSigPlus', 'Inside', 'Italic', 'JustifyMode', 'JustifyX', 'JustifyY', 'KeyCode', 'KeyData', 'KeyPadAddHotSpot', 'KeyPadClearHotSpotList', 'KeyPadEnableTapOnly', 'KeyPadQueryHotSpot', 'KeyString', 'LCDCaptureMode', 'LCDCompEnable', 'LCDCompFast', 'LCDCompMode', 'LCDCompSlow', 'LCDCreateImage', 'LCDPlayVideo', 'LCDRefresh', 'LCDSendCmdString', 'LCDSendCommandData', 'LCDSendImage', 'LCDSetFont', 'LCDSetTabletMap', 'LCDSetWindow', 'LCDStopVideo', 'LCDTiffAdd', 'LCDTiffStart', 'LCDTiffWrite', 'LCDType', 'LCDWriteBitmap', 'LCDWriteFile', 'LCDWriteString', 'LCDWriteStringToImage', 'LCDWriteWindowedBitmap', 'LCDXSize', 'LCDXStart', 'LCDXStop', 'LCDYSize', 'LCDYStart', 'LCDYStop', 'LCDZCompMode', 'LineScale', 'LoadTrackGemSig', 'LogEnable', 'LogFilePath', 'MapPoints', 'Message', 'Mode', 'NewPath', 'NewPixelDepth', 'NewPortPath', 'NewValue', 'NumberOfTabletPoints', 'Offset', 'OpaqueMode', 'Param', 'PitchAndFamily', 'PointArray', 'PointIdx', 'PointNumber', 'PortNumber', 'ReplayMode', 'RetryCount', 'ReturnCount', 'SaveSigInfo', 'SerialByte', 'SetAntiAliasEnable', 'SetAntiAliasParameters', 'SetBackground', 'SetBackgroundHandle', 'SetDisplayAnnotateData', 'SetDisplayTimeStampData', 'SetDynamicPressure', 'SetEnableColor', 'SetEventEnableMask', 'SetGreyScaleParams', 'SetIPAddress', 'SetImageAnnotateData', 'SetImageScreenResolution', 'SetImageTimeStampData', 'SetKey', 'SetLCDCompression', 'SetLCDCompressionParameters', 'SetLCDPixelDepth', 'SetLCDRetryCount', 'SetLCDTransferDelay', 'SetLCDTransferSize', 'SetLCDType', 'SetLocalIniFilePath', 'SetLogEnable', 'SetLogFilePath', 'SetMultiUsbEnable', 'SetPressureMap', 'SetPressureMapPoints', 'SetSavePressureData', 'SetSaveTimeData', 'SetSerialNumberToUse', 'SetSigData', 'SetSigSocketPort', 'SetSigWindow', 'SetSpecialCloseDelay', 'SetTabletEncryptionModes', 'SetTabletPortPath', 'SetTranslateBitmapEnable', 'SetUseSHA2Hash', 'SetWMFTempPath', 'SigCompressionMode', 'SigData', 'SigMessage', 'SigSetFont', 'SigString', 'Size', 'SpotSize', 'State', 'Str', 'StrokeIdx', 'StrokeNumber', 'TabletBaudRate', 'TabletClippingMode', 'TabletComPort', 'TabletComTest', 'TabletConnectQuery', 'TabletFilterPoints', 'TabletGraphic', 'TabletGraphicFile', 'TabletIndex', 'TabletInvisible', 'TabletLCDMode', 'TabletLogicalXSize', 'TabletLogicalYSize', 'TabletMode', 'TabletModelNumber', 'TabletResolution', 'TabletRotation', 'TabletSerialNumber', 'TabletState', 'TabletText', 'TabletTextFile', 'TabletTimer', 'TabletTimingAdvance', 'TabletType', 'TabletXStart', 'TabletXStop', 'TabletYStart', 'TabletYStop', 'TestFunction', 'TimeOut', 'TimeStamp', 'TransferDelay', 'TransferSize', 'Underline', 'Value', 'Velocity0', 'VelocityRange', 'VideoNumber', 'Weight', 'Width', 'WriteImageFile', 'X', 'XPos', 'XSize', 'Y', 'YPos', 'YSize', 'ZoomPower', 'ZoomX', 'ZoomY']
2026-09-18 12:50:57 DEBUG   [Thread-5 (worker)] it_asset_app: Topaz: arming the pad (hwnd=396626)
2026-09-18 12:50:57 DEBUG   [Thread-5 (worker)] it_asset_app: Topaz: tablet state set to 1 via TabletState property
2026-09-18 12:50:57 INFO    [Thread-5 (worker)] it_asset_app: Topaz: pad armed OK
2026-09-18 12:50:58 INFO    [Thread-5 (worker)] it_asset_app: Topaz: NumberOfTabletPoints=0 after Accept
2026-09-18 12:50:58 DEBUG   [Thread-5 (worker)] it_asset_app: Topaz: tablet state set to 0 via TabletState property
2026-09-18 12:50:58 DEBUG   [Thread-5 (worker)] it_asset_app: Topaz: pad disarmed OK
2026-09-18 12:50:58 ERROR   [MainThread] it_asset_app: Topaz: capture failed: No signature was captured on the pad.
2026-09-18 12:50:58 WARNING [MainThread] it_asset_app: Topaz pad not available, falling back to on-screen signing: No signature was captured on the pad.
2026-09-18 12:51:18 INFO    [MainThread] it_asset_app: SignatureService.capture: on-screen canvas path returned 'C:\\Users\\srajaamu\\AppData\\Local\\Temp\\sig_29ad5026372c49eea886fc9c014d1026.png'
2026-09-18 12:51:19 INFO    [MainThread] it_asset_app: SignatureService.capture: use_topaz_pad=True, title='Asset Receiver: sign here'
2026-09-18 12:51:19 INFO    [MainThread] it_asset_app: Topaz: capture() starting
2026-09-18 12:51:19 DEBUG   [Thread-6 (worker)] it_asset_app: Topaz: ProgID 'TOPAZSIGPLUS.SigPlusCtrl.1' failed: (-2147221005, 'Invalid class string', None, None)
2026-09-18 12:51:19 INFO    [Thread-6 (worker)] it_asset_app: Topaz: connected via ProgID 'SigPlus.SigPlusCtrl.1'
2026-09-18 12:51:19 DEBUG   [Thread-6 (worker)] it_asset_app: Topaz: control exposes: ['AboutBox', 'AddSerialByte', 'Annotate', 'AsciiDataMode', 'AutoKeyAddData', 'AutoKeyData', 'AutoKeyFinish', 'AutoKeyStart', 'AutoTimeStamp', 'BackColor', 'BackgroundHandle', 'BitMapBufferByte', 'BitMapBufferClose', 'BitMapBufferSize', 'BitMapBufferWrite', 'BitmapHandle', 'Buffer', 'ByteIndex', 'ClearSigWindow', 'ClearTablet', 'CmdCount', 'CmdData', 'CmdString', 'CoordToUse', 'Coords', 'Data', 'Dest', 'DisableMessageBoxes', 'DisableTabletCapture', 'DisplayAnnotate', 'DisplayAnnotatePosX', 'DisplayAnnotatePosY', 'DisplayAnnotateSize', 'DisplayMode', 'DisplayPenWidth', 'DisplayRotate', 'DisplayRotateSave', 'DisplayTimeStamp', 'DisplayTimeStampPosX', 'DisplayTimeStampPosY', 'DisplayTimeStampSize', 'DisplayWindowRes', 'Enable', 'EnableTabletCapture', 'EnableTabletEncryption', 'EncryptionMode', 'EventMask', 'ExportSigFile', 'FaceName', 'Factor', 'FileName', 'FinalFactor', 'FitToWindow', 'ForeColor', 'Format', 'GetBadPointCounter', 'GetBitmapBufferBytes', 'GetEventEnableMask', 'GetImageScreenResolution', 'GetKey', 'GetKeyReceipt', 'GetKeyReceiptAscii', 'GetLCDSize', 'GetLCDStringSize', 'GetNumPointsForStroke', 'GetNumberOfAttachedTablets', 'GetNumberOfHotSpotPoints', 'GetNumberOfStrokes', 'GetOposPointArray', 'GetOposTotalPoints', 'GetPointPValue', 'GetPointTValue', 'GetPointXValue', 'GetPointYValue', 'GetSavePressureData', 'GetSaveTimeData', 'GetSerialNumberToUse', 'GetSigData', 'GetSigPlusVersionString', 'GetSigReceipt', 'GetSigReceiptAscii', 'GetTabletModelNumber', 'GetTabletPortPath', 'GetTabletSerialNumber', 'GetTrackGemField', 'GreyGain', 'GreyOffset', 'Height', 'HexString', 'HighlightPoint', 'HighlightStroke', 'HostMode', 'IPAddress', 'ImageAnnotate', 'ImageAnnotatePosX', 'ImageAnnotatePosY', 'ImageAnnotateSize', 'ImageFileFormat', 'ImageFileName', 'ImagePenWidth', 'ImageTimeStamp', 'ImageTimeStampPosX', 'ImageTimeStampPosY', 'ImageTimeStampSize', 'ImageXSize', 'ImageYSize', 'ImportSigFile', 'Index', 'InitSigPlus', 'Inside', 'Italic', 'JustifyMode', 'JustifyX', 'JustifyY', 'KeyCode', 'KeyData', 'KeyPadAddHotSpot', 'KeyPadClearHotSpotList', 'KeyPadEnableTapOnly', 'KeyPadQueryHotSpot', 'KeyString', 'LCDCaptureMode', 'LCDCompEnable', 'LCDCompFast', 'LCDCompMode', 'LCDCompSlow', 'LCDCreateImage', 'LCDPlayVideo', 'LCDRefresh', 'LCDSendCmdString', 'LCDSendCommandData', 'LCDSendImage', 'LCDSetFont', 'LCDSetTabletMap', 'LCDSetWindow', 'LCDStopVideo', 'LCDTiffAdd', 'LCDTiffStart', 'LCDTiffWrite', 'LCDType', 'LCDWriteBitmap', 'LCDWriteFile', 'LCDWriteString', 'LCDWriteStringToImage', 'LCDWriteWindowedBitmap', 'LCDXSize', 'LCDXStart', 'LCDXStop', 'LCDYSize', 'LCDYStart', 'LCDYStop', 'LCDZCompMode', 'LineScale', 'LoadTrackGemSig', 'LogEnable', 'LogFilePath', 'MapPoints', 'Message', 'Mode', 'NewPath', 'NewPixelDepth', 'NewPortPath', 'NewValue', 'NumberOfTabletPoints', 'Offset', 'OpaqueMode', 'Param', 'PitchAndFamily', 'PointArray', 'PointIdx', 'PointNumber', 'PortNumber', 'ReplayMode', 'RetryCount', 'ReturnCount', 'SaveSigInfo', 'SerialByte', 'SetAntiAliasEnable', 'SetAntiAliasParameters', 'SetBackground', 'SetBackgroundHandle', 'SetDisplayAnnotateData', 'SetDisplayTimeStampData', 'SetDynamicPressure', 'SetEnableColor', 'SetEventEnableMask', 'SetGreyScaleParams', 'SetIPAddress', 'SetImageAnnotateData', 'SetImageScreenResolution', 'SetImageTimeStampData', 'SetKey', 'SetLCDCompression', 'SetLCDCompressionParameters', 'SetLCDPixelDepth', 'SetLCDRetryCount', 'SetLCDTransferDelay', 'SetLCDTransferSize', 'SetLCDType', 'SetLocalIniFilePath', 'SetLogEnable', 'SetLogFilePath', 'SetMultiUsbEnable', 'SetPressureMap', 'SetPressureMapPoints', 'SetSavePressureData', 'SetSaveTimeData', 'SetSerialNumberToUse', 'SetSigData', 'SetSigSocketPort', 'SetSigWindow', 'SetSpecialCloseDelay', 'SetTabletEncryptionModes', 'SetTabletPortPath', 'SetTranslateBitmapEnable', 'SetUseSHA2Hash', 'SetWMFTempPath', 'SigCompressionMode', 'SigData', 'SigMessage', 'SigSetFont', 'SigString', 'Size', 'SpotSize', 'State', 'Str', 'StrokeIdx', 'StrokeNumber', 'TabletBaudRate', 'TabletClippingMode', 'TabletComPort', 'TabletComTest', 'TabletConnectQuery', 'TabletFilterPoints', 'TabletGraphic', 'TabletGraphicFile', 'TabletIndex', 'TabletInvisible', 'TabletLCDMode', 'TabletLogicalXSize', 'TabletLogicalYSize', 'TabletMode', 'TabletModelNumber', 'TabletResolution', 'TabletRotation', 'TabletSerialNumber', 'TabletState', 'TabletText', 'TabletTextFile', 'TabletTimer', 'TabletTimingAdvance', 'TabletType', 'TabletXStart', 'TabletXStop', 'TabletYStart', 'TabletYStop', 'TestFunction', 'TimeOut', 'TimeStamp', 'TransferDelay', 'TransferSize', 'Underline', 'Value', 'Velocity0', 'VelocityRange', 'VideoNumber', 'Weight', 'Width', 'WriteImageFile', 'X', 'XPos', 'XSize', 'Y', 'YPos', 'YSize', 'ZoomPower', 'ZoomX', 'ZoomY']
2026-09-18 12:51:19 DEBUG   [Thread-6 (worker)] it_asset_app: Topaz: arming the pad (hwnd=396626)
2026-09-18 12:51:19 DEBUG   [Thread-6 (worker)] it_asset_app: Topaz: tablet state set to 1 via TabletState property
2026-09-18 12:51:19 INFO    [Thread-6 (worker)] it_asset_app: Topaz: pad armed OK
2026-09-18 12:51:21 INFO    [Thread-6 (worker)] it_asset_app: Topaz: NumberOfTabletPoints=0 after Accept
2026-09-18 12:51:21 DEBUG   [Thread-6 (worker)] it_asset_app: Topaz: tablet state set to 0 via TabletState property
2026-09-18 12:51:21 DEBUG   [Thread-6 (worker)] it_asset_app: Topaz: pad disarmed OK
2026-09-18 12:51:21 ERROR   [MainThread] it_asset_app: Topaz: capture failed: No signature was captured on the pad.
2026-09-18 12:51:21 WARNING [MainThread] it_asset_app: Topaz pad not available, falling back to on-screen signing: No signature was captured on the pad.
2026-09-18 12:51:26 INFO    [MainThread] it_asset_app: SignatureService.capture: on-screen canvas path returned 'C:\\Users\\srajaamu\\AppData\\Local\\Temp\\sig_26e1f58a97f7497e9354f8147d117235.png'
2026-09-18 12:51:30 INFO    [MainThread] it_asset_app: Generate clicked: emp_id='900292859' bu='Embassy_ii033' submission_type='New Hire'
2026-09-18 12:51:32 INFO    [MainThread] it_asset_app: Generate: form validation failed, stopping
2026-09-18 12:52:27 INFO    [MainThread] it_asset_app: Generate clicked: emp_id='900292859' bu='Embassy_ii033' submission_type='New Hire'
2026-09-18 12:52:27 INFO    [MainThread] it_asset_app: fill_docx: starting for 'C:\\Users\\srajaamu\\OneDrive - UHG\\Topaz_automation\\WorkFlow_Topaz\\bu_templates\\3a1864d284\\fillable.docx' -> 'C:\\Users\\srajaamu\\AppData\\Local\\Temp\\itasset_qdvnw_fc\\filled.docx' (fields=10, checked_tags=['NewHire'], signatures={'EmployeeSignature': True, 'AssetReceiverSignature': True})
2026-09-18 12:52:27 INFO    [MainThread] it_asset_app: fill_docx: SUCCESS -> 'C:\\Users\\srajaamu\\AppData\\Local\\Temp\\itasset_qdvnw_fc\\filled.docx'
2026-09-18 12:52:27 INFO    [MainThread] it_asset_app: Word export: starting for 'C:\\Users\\srajaamu\\AppData\\Local\\Temp\\itasset_qdvnw_fc\\filled.docx' -> 'C:\\Users\\srajaamu\\AppData\\Local\\Temp\\itasset_qdvnw_fc\\unsigned.pdf'
2026-09-18 12:52:27 DEBUG   [MainThread] it_asset_app: Word export: launching Word.Application (DispatchEx)
2026-09-18 12:52:30 DEBUG   [MainThread] it_asset_app: Word export: opening 'C:\\Users\\srajaamu\\AppData\\Local\\Temp\\itasset_qdvnw_fc\\filled.docx'
2026-09-18 12:52:30 DEBUG   [MainThread] it_asset_app: Word export: saving as PDF -> 'C:\\Users\\srajaamu\\AppData\\Local\\Temp\\itasset_qdvnw_fc\\unsigned.pdf'
2026-09-18 12:52:32 INFO    [MainThread] it_asset_app: Word export: SUCCESS -> 'C:\\Users\\srajaamu\\AppData\\Local\\Temp\\itasset_qdvnw_fc\\unsigned.pdf' (4.9s)
2026-09-18 12:52:35 INFO    [MainThread] it_asset_app: Signed-on caption: stamped 2 box(es) on 'C:\\Users\\srajaamu\\AppData\\Local\\Temp\\itasset_qdvnw_fc\\unsigned.pdf'
2026-09-18 12:52:35 DEBUG   [MainThread] it_asset_app: PDF metadata: wrote 11 field(s) into 'C:\\Users\\srajaamu\\AppData\\Local\\Temp\\itasset_qdvnw_fc\\unsigned.pdf'
2026-09-18 12:52:35 INFO    [MainThread] it_asset_app: Signing: starting for 'C:\\Users\\srajaamu\\AppData\\Local\\Temp\\itasset_qdvnw_fc\\unsigned.pdf' -> 'Z:/Topaz_auto\\New_Hire\\18-Sep-2026\\Sriram\\900292859_NewHire_20260918_125227.pdf' (2 signature field(s): ['EmployeeSignature', 'AssetReceiverSignature'])
2026-09-18 12:52:36 DEBUG   [MainThread] it_asset_app: Signing: detected 2 on-page signature box(es)
2026-09-18 12:52:36 DEBUG   [MainThread] it_asset_app: Signing: applied field 'EmployeeSignature' (box=(291.85, 268.0, 433.45000000000005, 315.2)) -> 'Z:/Topaz_auto\\New_Hire\\18-Sep-2026\\Sriram\\900292859_NewHire_20260918_125227.pdf.step0.pdf'
2026-09-18 12:52:38 DEBUG   [MainThread] it_asset_app: Signing: applied field 'AssetReceiverSignature' (box=(291.85, 220.3, 433.45000000000005, 267.5)) -> 'Z:/Topaz_auto\\New_Hire\\18-Sep-2026\\Sriram\\900292859_NewHire_20260918_125227.pdf'
2026-09-18 12:52:38 INFO    [MainThread] it_asset_app: Signing: SUCCESS -> 'Z:/Topaz_auto\\New_Hire\\18-Sep-2026\\Sriram\\900292859_NewHire_20260918_125227.pdf' (2.8s)
2026-09-18 12:52:38 INFO    [MainThread] it_asset_app: Generate SUCCESS for emp_id='900292859' -> Z:/Topaz_auto\New_Hire\18-Sep-2026\Sriram\900292859_NewHire_20260918_125227.pdf
2026-09-18 14:49:33 INFO    [Thread-1 (stdin_reader)] it_asset_app: AD helper: received lookup request_id='67d9caf184784a78b40a6c48959941aa' emp_id='900273273'
2026-09-18 14:49:33 INFO    [Thread-1 (stdin_reader)] it_asset_app: AD lookup: starting search for emp_id='900273273' (header_keyword='EmployeeID', name_column='Employee Name')
2026-09-18 14:49:33 DEBUG   [Thread-1 (stdin_reader)] it_asset_app: AD lookup: filled search textbox OK
2026-09-18 14:49:33 DEBUG   [Thread-1 (stdin_reader)] it_asset_app: AD lookup: clicked 'View Report' button OK
2026-09-18 14:49:33 DEBUG   [Thread-1 (stdin_reader)] it_asset_app: AD lookup: results table ready after 0.0s
2026-09-18 14:49:33 DEBUG   [Thread-1 (stdin_reader)] it_asset_app: AD lookup: extracted 1 row(s) via strategy='single-table'; tables seen on page: [{'headers': ['Search AD for MSID, EmployeeID, or Email Address (one entry per line)\t\n\t\n\t\n\t\t\n\n\n\n\n\t\t\n\t\t\t\tof\t\t1\t\t\n\t\t\n\t\n\t\nPage Width\nWhole Page\n500%\n200%\n150%\n100%\n75%\n50%\n25%\n10%\n\t\n\t\n\t\n\t\tFind\t\t\n\t\t|\t\tNext\t\t\n\n\n\t\t\t\t\t\t\t\n\t\t\n\t\n\t\t\t\nActive Directory Search (MS domain)\n\xa0\n(data is refreshed once every 24 hours) - data current as of: 9/17/2026 2:01:02 AM Central Time\n\t\n\t\n\t\nBookmark this URL (not the site it takes you to): https://goto.optum.com/ActiveDirectoryInfo\nFor additional options, bookmark this url (not the site it takes you to): https://goto.optum.com/ActiveDirectoryInfo2\n\t\n\t\n\t\t\n\t\t\t\t\t\t\t\t\t\t\t\t\t\t\t\t\t\t\n\nEnabled\n\t\nEmployeeID\n\t\nMSID\n\t\nEmployee Name\n\t\nCorporate Email Box\n\t\nuht-IdentityManagment-Mail\n\t\nUserPrincipalName\n\t\nEmployee Type\n\t\nAccountType\n\t\nPostal Code\n\t\nDepartment\n\t\nManager EmployeeID\n\t\nManager MSID\n\t\nManager Name\n\t\nManager Email\n\t\nBusiness Unit\n\t\nOperating Unit\n\t\nLocation\n\t\nDepartment\n\n\nTRUE\n\t\n900292859\n\t\nmjahnav7\n\t\nJahnavi, Miyyapuram\n\t\nmiyyapuram_jahnavi@optum.com\n\t\nmiyyapuram_jahnavi@optum.com\n\t\nmiyyapuram_jahnavi@optum.com\n\t\nE\n\t\nP\n\t\nII550\n\t\nOG Adv APAC-1\n\t\n000727935\n\t\nsdonth6\n\t\nSaidi, Reddy D\n\t\ndontham.reddy@optum.com\n\t\n10363\n\t\n06870\n\t\nINDIN550\n\t\n846862'], 'rowCount': 1, 'matched': False}, {'headers': ['', 'Loading...\n\t\t\t\t\tCancel'], 'rowCount': 1, 'matched': False}, {'headers': ['', '', ''], 'rowCount': 5, 'matched': False}, {'headers': ['Search AD for MSID, EmployeeID, or Email Address (one entry per line)', '', ''], 'rowCount': 1, 'matched': False}, {'headers': ['', '', '', '', '', '', '', '', ''], 'rowCount': 2, 'matched': False}, {'headers': ['', ''], 'rowCount': 1, 'matched': False}, {'headers': ['', '', '', '', '', '', 'of', '', '1', '', '', '', ''], 'rowCount': 1, 'matched': False}, {'headers': [''], 'rowCount': 1, 'matched': False}, {'headers': [''], 'rowCount': 1, 'matched': False}, {'headers': [''], 'rowCount': 1, 'matched': False}, {'headers': [''], 'rowCount': 1, 'matched': False}, {'headers': [''], 'rowCount': 1, 'matched': False}, {'headers': [''], 'rowCount': 1, 'matched': False}, {'headers': [''], 'rowCount': 1, 'matched': False}, {'headers': [''], 'rowCount': 1, 'matched': False}, {'headers': [''], 'rowCount': 1, 'matched': False}, {'headers': [''], 'rowCount': 1, 'matched': False}, {'headers': [''], 'rowCount': 1, 'matched': False}, {'headers': ['Page Width\nWhole Page\n500%\n200%\n150%\n100%\n75%\n50%\n25%\n10%'], 'rowCount': 1, 'matched': False}, {'headers': ['Word\n\t\t\t\t\t\t\t\t\t\n\t\t\t\t\t\t\t\t\t\tExcel\n\t\t\t\t\t\t\t\t\t\n\t\t\t\t\t\t\t\t\t\tPowerPoint\n\t\t\t\t\t\t\t\t\t\n\t\t\t\t\t\t\t\t\t\tPDF\n\t\t\t\t\t\t\t\t\t\n\t\t\t\t\t\t\t\t\t\tTIFF file\n\t\t\t\t\t\t\t\t\t\n\t\t\t\t\t\t\t\t\t\tMHTML (web archive)\n\t\t\t\t\t\t\t\t\t\n\t\t\t\t\t\t\t\t\t\tCSV (comma delimited)\n\t\t\t\t\t\t\t\t\t\n\t\t\t\t\t\t\t\t\t\tXML file with report data\n\t\t\t\t\t\t\t\t\t\n\t\t\t\t\t\t\t\t\t\tData Feed'], 'rowCount': 1, 'matched': False}, {'headers': [''], 'rowCount': 1, 'matched': False}, {'headers': [''], 'rowCount': 1, 'matched': False}, {'headers': [''], 'rowCount': 1, 'matched': False}, {'headers': [''], 'rowCount': 1, 'matched': False}, {'headers': ['', '', 'Find', '', '', '', '|', '', 'Next', '', ''], 'rowCount': 1, 'matched': False}, {'headers': ['Active Directory Search (MS domain)\n\xa0\n(data is refreshed once every 24 hours) - data current as of: 9/17/2026 2:01:02 AM Central Time\n\t\n\t\n\t\nBookmark this URL (not the site it takes you to): https://goto.optum.com/ActiveDirectoryInfo\nFor additional options, bookmark this url (not the site it takes you to): https://goto.optum.com/ActiveDirectoryInfo2\n\t\n\t\n\t\t\n\t\t\t\t\t\t\t\t\t\t\t\t\t\t\t\t\t\t\n\nEnabled\n\t\nEmployeeID\n\t\nMSID\n\t\nEmployee Name\n\t\nCorporate Email Box\n\t\nuht-IdentityManagment-Mail\n\t\nUserPrincipalName\n\t\nEmployee Type\n\t\nAccountType\n\t\nPostal Code\n\t\nDepartment\n\t\nManager EmployeeID\n\t\nManager MSID\n\t\nManager Name\n\t\nManager Email\n\t\nBusiness Unit\n\t\nOperating Unit\n\t\nLocation\n\t\nDepartment\n\n\nTRUE\n\t\n900292859\n\t\nmjahnav7\n\t\nJahnavi, Miyyapuram\n\t\nmiyyapuram_jahnavi@optum.com\n\t\nmiyyapuram_jahnavi@optum.com\n\t\nmiyyapuram_jahnavi@optum.com\n\t\nE\n\t\nP\n\t\nII550\n\t\nOG Adv APAC-1\n\t\n000727935\n\t\nsdonth6\n\t\nSaidi, Reddy D\n\t\ndontham.reddy@optum.com\n\t\n10363\n\t\n06870\n\t\nINDIN550\n\t\n846862'], 'rowCount': 1, 'matched': False}, {'headers': ['Active Directory Search (MS domain)\n\xa0\n(data is refreshed once every 24 hours) - data current as of: 9/17/2026 2:01:02 AM Central Time\n\t\n\t\n\t\nBookmark this URL (not the site it takes you to): https://goto.optum.com/ActiveDirectoryInfo\nFor additional options, bookmark this url (not the site it takes you to): https://goto.optum.com/ActiveDirectoryInfo2\n\t\n\t\n\t\t\n\t\t\t\t\t\t\t\t\t\t\t\t\t\t\t\t\t\t\n\nEnabled\n\t\nEmployeeID\n\t\nMSID\n\t\nEmployee Name\n\t\nCorporate Email Box\n\t\nuht-IdentityManagment-Mail\n\t\nUserPrincipalName\n\t\nEmployee Type\n\t\nAccountType\n\t\nPostal Code\n\t\nDepartment\n\t\nManager EmployeeID\n\t\nManager MSID\n\t\nManager Name\n\t\nManager Email\n\t\nBusiness Unit\n\t\nOperating Unit\n\t\nLocation\n\t\nDepartment\n\n\nTRUE\n\t\n900292859\n\t\nmjahnav7\n\t\nJahnavi, Miyyapuram\n\t\nmiyyapuram_jahnavi@optum.com\n\t\nmiyyapuram_jahnavi@optum.com\n\t\nmiyyapuram_jahnavi@optum.com\n\t\nE\n\t\nP\n\t\nII550\n\t\nOG Adv APAC-1\n\t\n000727935\n\t\nsdonth6\n\t\nSaidi, Reddy D\n\t\ndontham.reddy@optum.com\n\t\n10363\n\t\n06870\n\t\nINDIN550\n\t\n846862'], 'rowCount': 2, 'matched': False}, {'headers': ['Active Directory Search (MS domain)\n\xa0\n(data is refreshed once every 24 hours) - data current as of: 9/17/2026 2:01:02 AM Central Time\n\t\n\t\n\t\nBookmark this URL (not the site it takes you to): https://goto.optum.com/ActiveDirectoryInfo\nFor additional options, bookmark this url (not the site it takes you to): https://goto.optum.com/ActiveDirectoryInfo2\n\t\n\t\n\t\t\n\t\t\t\t\t\t\t\t\t\t\t\t\t\t\t\t\t\t\n\nEnabled\n\t\nEmployeeID\n\t\nMSID\n\t\nEmployee Name\n\t\nCorporate Email Box\n\t\nuht-IdentityManagment-Mail\n\t\nUserPrincipalName\n\t\nEmployee Type\n\t\nAccountType\n\t\nPostal Code\n\t\nDepartment\n\t\nManager EmployeeID\n\t\nManager MSID\n\t\nManager Name\n\t\nManager Email\n\t\nBusiness Unit\n\t\nOperating Unit\n\t\nLocation\n\t\nDepartment\n\n\nTRUE\n\t\n900292859\n\t\nmjahnav7\n\t\nJahnavi, Miyyapuram\n\t\nmiyyapuram_jahnavi@optum.com\n\t\nmiyyapuram_jahnavi@optum.com\n\t\nmiyyapuram_jahnavi@optum.com\n\t\nE\n\t\nP\n\t\nII550\n\t\nOG Adv APAC-1\n\t\n000727935\n\t\nsdonth6\n\t\nSaidi, Reddy D\n\t\ndontham.reddy@optum.com\n\t\n10363\n\t\n06870\n\t\nINDIN550\n\t\n846862'], 'rowCount': 1, 'matched': False}, {'headers': ['', '', '', '', '', '', '', ''], 'rowCount': 7, 'matched': False}, {'headers': ['Enabled', 'EmployeeID', 'MSID', 'Employee Name', 'Corporate Email Box', 'uht-IdentityManagment-Mail', 'UserPrincipalName', 'Employee Type', 'AccountType', 'Postal Code', 'Department', 'Manager EmployeeID', 'Manager MSID', 'Manager Name', 'Manager Email', 'Business Unit', 'Operating Unit', 'Location', 'Department'], 'rowCount': 1, 'matched': True}]
2026-09-18 14:49:33 DEBUG   [Thread-1 (stdin_reader)] it_asset_app: AD lookup: raw extracted rows: [{'Enabled': 'TRUE', 'EmployeeID': '900292859', 'MSID': 'mjahnav7', 'Employee Name': 'Jahnavi, Miyyapuram', 'Corporate Email Box': 'miyyapuram_jahnavi@optum.com', 'uht-IdentityManagment-Mail': 'miyyapuram_jahnavi@optum.com', 'UserPrincipalName': 'miyyapuram_jahnavi@optum.com', 'Employee Type': 'E', 'AccountType': 'P', 'Postal Code': 'II550', 'Department': 'OG Adv APAC-1', 'Manager EmployeeID': '000727935', 'Manager MSID': 'sdonth6', 'Manager Name': 'Saidi, Reddy D', 'Manager Email': 'dontham.reddy@optum.com', 'Business Unit': '10363', 'Operating Unit': '06870', 'Location': 'INDIN550'}]
2026-09-18 14:49:33 DEBUG   [Thread-1 (stdin_reader)] it_asset_app: AD lookup: mapped fields from row: {'emp_name': 'Jahnavi, Miyyapuram', 'manager_name': 'Saidi, Reddy D', 'contact_number': '', 'department': 'OG Adv APAC-1', 'email': 'miyyapuram_jahnavi@optum.com', 'designation': 'E', 'msid': 'mjahnav7', 'employee_id_confirmed': '900292859', 'manager_email': 'dontham.reddy@optum.com', 'manager_msid': 'sdonth6', 'manager_employee_id': '000727935', 'account_enabled': 'TRUE'}
2026-09-18 14:49:33 INFO    [Thread-1 (stdin_reader)] it_asset_app: AD lookup: SUCCESS for emp_id='900273273' - 1 candidate(s), emp_name='Jahnavi, Miyyapuram' manager_name='Saidi, Reddy D'
2026-09-18 14:49:33 INFO    [Thread-1 (stdin_reader)] it_asset_app: AD helper: sending 1 candidate(s) back for request_id='67d9caf184784a78b40a6c48959941aa'
2026-09-18 14:49:33 INFO    [Thread-1 (stdin_reader)] it_asset_app: AD helper: auto-hid lookup window after successful result (request_id='67d9caf184784a78b40a6c48959941aa')
2026-09-18 14:49:52 INFO    [Thread-1 (stdin_reader)] it_asset_app: AD helper: received lookup request_id='198c0b47a87949b0aa85e0c35e3e5958' emp_id='900273273'
2026-09-18 14:49:52 INFO    [Thread-1 (stdin_reader)] it_asset_app: AD lookup: starting search for emp_id='900273273' (header_keyword='EmployeeID', name_column='Employee Name')
2026-09-18 14:49:52 DEBUG   [Thread-1 (stdin_reader)] it_asset_app: AD lookup: filled search textbox OK
2026-09-18 14:49:52 DEBUG   [Thread-1 (stdin_reader)] it_asset_app: AD lookup: clicked 'View Report' button OK
2026-09-18 14:49:52 DEBUG   [Thread-1 (stdin_reader)] it_asset_app: AD lookup: results table ready after 0.0s
2026-09-18 14:49:52 DEBUG   [Thread-1 (stdin_reader)] it_asset_app: AD lookup: extracted 1 row(s) via strategy='single-table'; tables seen on page: [{'headers': ['Search AD for MSID, EmployeeID, or Email Address (one entry per line)\t\n\t\n\t\n\t\t\n\n\n\n\n\t\t\n\t\t\t\tof\t\t1\t\t\n\t\t\n\t\n\t\nPage Width\nWhole Page\n500%\n200%\n150%\n100%\n75%\n50%\n25%\n10%\n\t\n\t\n\t\n\t\tFind\t\t\n\t\t|\t\tNext\t\t\n\n\n\t\t\t\t\t\t\t\n\t\t\n\t\n\t\t\t\nActive Directory Search (MS domain)\n\xa0\n(data is refreshed once every 24 hours) - data current as of: 9/17/2026 2:01:02 AM Central Time\n\t\n\t\n\t\nBookmark this URL (not the site it takes you to): https://goto.optum.com/ActiveDirectoryInfo\nFor additional options, bookmark this url (not the site it takes you to): https://goto.optum.com/ActiveDirectoryInfo2\n\t\n\t\n\t\t\n\t\t\t\t\t\t\t\t\t\t\t\t\t\t\t\t\t\t\n\nEnabled\n\t\nEmployeeID\n\t\nMSID\n\t\nEmployee Name\n\t\nCorporate Email Box\n\t\nuht-IdentityManagment-Mail\n\t\nUserPrincipalName\n\t\nEmployee Type\n\t\nAccountType\n\t\nPostal Code\n\t\nDepartment\n\t\nManager EmployeeID\n\t\nManager MSID\n\t\nManager Name\n\t\nManager Email\n\t\nBusiness Unit\n\t\nOperating Unit\n\t\nLocation\n\t\nDepartment\n\n\nTRUE\n\t\n900273273\n\t\nsselv175\n\t\nSelvam, Shrishanth\n\t\nshrishanth_selvam@optum.com\n\t\nshrishanth_selvam@optum.com\n\t\nshrishanth_selvam@optum.com\n\t\nC\n\t\nP\n\t\nII033\n\t\nOG Adv APAC-1\n\t\n001341886\n\t\nsganes23\n\t\nGanesan, Sathish Kumar\n\t\nGanesanS@Optum.com\n\t\n10368\n\t\n06870\n\t\nINDIN033\n\t\n846817'], 'rowCount': 1, 'matched': False}, {'headers': ['', 'Loading...\n\t\t\t\t\tCancel'], 'rowCount': 1, 'matched': False}, {'headers': ['', '', ''], 'rowCount': 5, 'matched': False}, {'headers': ['Search AD for MSID, EmployeeID, or Email Address (one entry per line)', '', ''], 'rowCount': 1, 'matched': False}, {'headers': ['', '', '', '', '', '', '', '', ''], 'rowCount': 2, 'matched': False}, {'headers': ['', ''], 'rowCount': 1, 'matched': False}, {'headers': ['', '', '', '', '', '', 'of', '', '1', '', '', '', ''], 'rowCount': 1, 'matched': False}, {'headers': [''], 'rowCount': 1, 'matched': False}, {'headers': [''], 'rowCount': 1, 'matched': False}, {'headers': [''], 'rowCount': 1, 'matched': False}, {'headers': [''], 'rowCount': 1, 'matched': False}, {'headers': [''], 'rowCount': 1, 'matched': False}, {'headers': [''], 'rowCount': 1, 'matched': False}, {'headers': [''], 'rowCount': 1, 'matched': False}, {'headers': [''], 'rowCount': 1, 'matched': False}, {'headers': [''], 'rowCount': 1, 'matched': False}, {'headers': [''], 'rowCount': 1, 'matched': False}, {'headers': [''], 'rowCount': 1, 'matched': False}, {'headers': ['Page Width\nWhole Page\n500%\n200%\n150%\n100%\n75%\n50%\n25%\n10%'], 'rowCount': 1, 'matched': False}, {'headers': ['Word\n\t\t\t\t\t\t\t\t\t\n\t\t\t\t\t\t\t\t\t\tExcel\n\t\t\t\t\t\t\t\t\t\n\t\t\t\t\t\t\t\t\t\tPowerPoint\n\t\t\t\t\t\t\t\t\t\n\t\t\t\t\t\t\t\t\t\tPDF\n\t\t\t\t\t\t\t\t\t\n\t\t\t\t\t\t\t\t\t\tTIFF file\n\t\t\t\t\t\t\t\t\t\n\t\t\t\t\t\t\t\t\t\tMHTML (web archive)\n\t\t\t\t\t\t\t\t\t\n\t\t\t\t\t\t\t\t\t\tCSV (comma delimited)\n\t\t\t\t\t\t\t\t\t\n\t\t\t\t\t\t\t\t\t\tXML file with report data\n\t\t\t\t\t\t\t\t\t\n\t\t\t\t\t\t\t\t\t\tData Feed'], 'rowCount': 1, 'matched': False}, {'headers': [''], 'rowCount': 1, 'matched': False}, {'headers': [''], 'rowCount': 1, 'matched': False}, {'headers': [''], 'rowCount': 1, 'matched': False}, {'headers': [''], 'rowCount': 1, 'matched': False}, {'headers': ['', '', 'Find', '', '', '', '|', '', 'Next', '', ''], 'rowCount': 1, 'matched': False}, {'headers': ['Active Directory Search (MS domain)\n\xa0\n(data is refreshed once every 24 hours) - data current as of: 9/17/2026 2:01:02 AM Central Time\n\t\n\t\n\t\nBookmark this URL (not the site it takes you to): https://goto.optum.com/ActiveDirectoryInfo\nFor additional options, bookmark this url (not the site it takes you to): https://goto.optum.com/ActiveDirectoryInfo2\n\t\n\t\n\t\t\n\t\t\t\t\t\t\t\t\t\t\t\t\t\t\t\t\t\t\n\nEnabled\n\t\nEmployeeID\n\t\nMSID\n\t\nEmployee Name\n\t\nCorporate Email Box\n\t\nuht-IdentityManagment-Mail\n\t\nUserPrincipalName\n\t\nEmployee Type\n\t\nAccountType\n\t\nPostal Code\n\t\nDepartment\n\t\nManager EmployeeID\n\t\nManager MSID\n\t\nManager Name\n\t\nManager Email\n\t\nBusiness Unit\n\t\nOperating Unit\n\t\nLocation\n\t\nDepartment\n\n\nTRUE\n\t\n900273273\n\t\nsselv175\n\t\nSelvam, Shrishanth\n\t\nshrishanth_selvam@optum.com\n\t\nshrishanth_selvam@optum.com\n\t\nshrishanth_selvam@optum.com\n\t\nC\n\t\nP\n\t\nII033\n\t\nOG Adv APAC-1\n\t\n001341886\n\t\nsganes23\n\t\nGanesan, Sathish Kumar\n\t\nGanesanS@Optum.com\n\t\n10368\n\t\n06870\n\t\nINDIN033\n\t\n846817'], 'rowCount': 1, 'matched': False}, {'headers': ['Active Directory Search (MS domain)\n\xa0\n(data is refreshed once every 24 hours) - data current as of: 9/17/2026 2:01:02 AM Central Time\n\t\n\t\n\t\nBookmark this URL (not the site it takes you to): https://goto.optum.com/ActiveDirectoryInfo\nFor additional options, bookmark this url (not the site it takes you to): https://goto.optum.com/ActiveDirectoryInfo2\n\t\n\t\n\t\t\n\t\t\t\t\t\t\t\t\t\t\t\t\t\t\t\t\t\t\n\nEnabled\n\t\nEmployeeID\n\t\nMSID\n\t\nEmployee Name\n\t\nCorporate Email Box\n\t\nuht-IdentityManagment-Mail\n\t\nUserPrincipalName\n\t\nEmployee Type\n\t\nAccountType\n\t\nPostal Code\n\t\nDepartment\n\t\nManager EmployeeID\n\t\nManager MSID\n\t\nManager Name\n\t\nManager Email\n\t\nBusiness Unit\n\t\nOperating Unit\n\t\nLocation\n\t\nDepartment\n\n\nTRUE\n\t\n900273273\n\t\nsselv175\n\t\nSelvam, Shrishanth\n\t\nshrishanth_selvam@optum.com\n\t\nshrishanth_selvam@optum.com\n\t\nshrishanth_selvam@optum.com\n\t\nC\n\t\nP\n\t\nII033\n\t\nOG Adv APAC-1\n\t\n001341886\n\t\nsganes23\n\t\nGanesan, Sathish Kumar\n\t\nGanesanS@Optum.com\n\t\n10368\n\t\n06870\n\t\nINDIN033\n\t\n846817'], 'rowCount': 2, 'matched': False}, {'headers': ['Active Directory Search (MS domain)\n\xa0\n(data is refreshed once every 24 hours) - data current as of: 9/17/2026 2:01:02 AM Central Time\n\t\n\t\n\t\nBookmark this URL (not the site it takes you to): https://goto.optum.com/ActiveDirectoryInfo\nFor additional options, bookmark this url (not the site it takes you to): https://goto.optum.com/ActiveDirectoryInfo2\n\t\n\t\n\t\t\n\t\t\t\t\t\t\t\t\t\t\t\t\t\t\t\t\t\t\n\nEnabled\n\t\nEmployeeID\n\t\nMSID\n\t\nEmployee Name\n\t\nCorporate Email Box\n\t\nuht-IdentityManagment-Mail\n\t\nUserPrincipalName\n\t\nEmployee Type\n\t\nAccountType\n\t\nPostal Code\n\t\nDepartment\n\t\nManager EmployeeID\n\t\nManager MSID\n\t\nManager Name\n\t\nManager Email\n\t\nBusiness Unit\n\t\nOperating Unit\n\t\nLocation\n\t\nDepartment\n\n\nTRUE\n\t\n900273273\n\t\nsselv175\n\t\nSelvam, Shrishanth\n\t\nshrishanth_selvam@optum.com\n\t\nshrishanth_selvam@optum.com\n\t\nshrishanth_selvam@optum.com\n\t\nC\n\t\nP\n\t\nII033\n\t\nOG Adv APAC-1\n\t\n001341886\n\t\nsganes23\n\t\nGanesan, Sathish Kumar\n\t\nGanesanS@Optum.com\n\t\n10368\n\t\n06870\n\t\nINDIN033\n\t\n846817'], 'rowCount': 1, 'matched': False}, {'headers': ['', '', '', '', '', '', '', ''], 'rowCount': 7, 'matched': False}, {'headers': ['Enabled', 'EmployeeID', 'MSID', 'Employee Name', 'Corporate Email Box', 'uht-IdentityManagment-Mail', 'UserPrincipalName', 'Employee Type', 'AccountType', 'Postal Code', 'Department', 'Manager EmployeeID', 'Manager MSID', 'Manager Name', 'Manager Email', 'Business Unit', 'Operating Unit', 'Location', 'Department'], 'rowCount': 1, 'matched': True}]
2026-09-18 14:49:52 DEBUG   [Thread-1 (stdin_reader)] it_asset_app: AD lookup: raw extracted rows: [{'Enabled': 'TRUE', 'EmployeeID': '900273273', 'MSID': 'sselv175', 'Employee Name': 'Selvam, Shrishanth', 'Corporate Email Box': 'shrishanth_selvam@optum.com', 'uht-IdentityManagment-Mail': 'shrishanth_selvam@optum.com', 'UserPrincipalName': 'shrishanth_selvam@optum.com', 'Employee Type': 'C', 'AccountType': 'P', 'Postal Code': 'II033', 'Department': 'OG Adv APAC-1', 'Manager EmployeeID': '001341886', 'Manager MSID': 'sganes23', 'Manager Name': 'Ganesan, Sathish Kumar', 'Manager Email': 'GanesanS@Optum.com', 'Business Unit': '10368', 'Operating Unit': '06870', 'Location': 'INDIN033'}]
2026-09-18 14:49:52 DEBUG   [Thread-1 (stdin_reader)] it_asset_app: AD lookup: mapped fields from row: {'emp_name': 'Selvam, Shrishanth', 'manager_name': 'Ganesan, Sathish Kumar', 'contact_number': '', 'department': 'OG Adv APAC-1', 'email': 'shrishanth_selvam@optum.com', 'designation': 'C', 'msid': 'sselv175', 'employee_id_confirmed': '900273273', 'manager_email': 'GanesanS@Optum.com', 'manager_msid': 'sganes23', 'manager_employee_id': '001341886', 'account_enabled': 'TRUE'}
2026-09-18 14:49:52 INFO    [Thread-1 (stdin_reader)] it_asset_app: AD lookup: SUCCESS for emp_id='900273273' - 1 candidate(s), emp_name='Selvam, Shrishanth' manager_name='Ganesan, Sathish Kumar'
2026-09-18 14:49:52 INFO    [Thread-1 (stdin_reader)] it_asset_app: AD helper: sending 1 candidate(s) back for request_id='198c0b47a87949b0aa85e0c35e3e5958'
2026-09-18 14:49:52 INFO    [Thread-1 (stdin_reader)] it_asset_app: AD helper: auto-hid lookup window after successful result (request_id='198c0b47a87949b0aa85e0c35e3e5958')
2026-09-18 14:50:56 INFO    [Thread-1 (stdin_reader)] it_asset_app: AD helper: received lookup request_id='f8e26cbf9a584d6780e56be733cabf1d' emp_id='002225893'
2026-09-18 14:50:56 INFO    [Thread-1 (stdin_reader)] it_asset_app: AD lookup: starting search for emp_id='002225893' (header_keyword='EmployeeID', name_column='Employee Name')
2026-09-18 14:50:56 DEBUG   [Thread-1 (stdin_reader)] it_asset_app: AD lookup: filled search textbox OK
2026-09-18 14:50:57 DEBUG   [Thread-1 (stdin_reader)] it_asset_app: AD lookup: clicked 'View Report' button OK
2026-09-18 14:50:57 DEBUG   [Thread-1 (stdin_reader)] it_asset_app: AD lookup: results table ready after 0.0s
2026-09-18 14:50:57 DEBUG   [Thread-1 (stdin_reader)] it_asset_app: AD lookup: extracted 1 row(s) via strategy='single-table'; tables seen on page: [{'headers': ['Search AD for MSID, EmployeeID, or Email Address (one entry per line)\t\n\t\n\t\n\t\t\n\n\n\n\n\t\t\n\t\t\t\tof\t\t1\t\t\n\t\t\n\t\n\t\nPage Width\nWhole Page\n500%\n200%\n150%\n100%\n75%\n50%\n25%\n10%\n\t\n\t\n\t\n\t\tFind\t\t\n\t\t|\t\tNext\t\t\n\n\n\t\t\t\t\t\t\t\n\t\t\n\t\n\t\t\t\nActive Directory Search (MS domain)\n\xa0\n(data is refreshed once every 24 hours) - data current as of: 9/17/2026 2:01:02 AM Central Time\n\t\n\t\n\t\nBookmark this URL (not the site it takes you to): https://goto.optum.com/ActiveDirectoryInfo\nFor additional options, bookmark this url (not the site it takes you to): https://goto.optum.com/ActiveDirectoryInfo2\n\t\n\t\n\t\t\n\t\t\t\t\t\t\t\t\t\t\t\t\t\t\t\t\t\t\n\nEnabled\n\t\nEmployeeID\n\t\nMSID\n\t\nEmployee Name\n\t\nCorporate Email Box\n\t\nuht-IdentityManagment-Mail\n\t\nUserPrincipalName\n\t\nEmployee Type\n\t\nAccountType\n\t\nPostal Code\n\t\nDepartment\n\t\nManager EmployeeID\n\t\nManager MSID\n\t\nManager Name\n\t\nManager Email\n\t\nBusiness Unit\n\t\nOperating Unit\n\t\nLocation\n\t\nDepartment\n\n\nTRUE\n\t\n900273273\n\t\nsselv175\n\t\nSelvam, Shrishanth\n\t\nshrishanth_selvam@optum.com\n\t\nshrishanth_selvam@optum.com\n\t\nshrishanth_selvam@optum.com\n\t\nC\n\t\nP\n\t\nII033\n\t\nOG Adv APAC-1\n\t\n001341886\n\t\nsganes23\n\t\nGanesan, Sathish Kumar\n\t\nGanesanS@Optum.com\n\t\n10368\n\t\n06870\n\t\nINDIN033\n\t\n846817'], 'rowCount': 1, 'matched': False}, {'headers': ['', 'Loading...\n\t\t\t\t\tCancel'], 'rowCount': 1, 'matched': False}, {'headers': ['', '', ''], 'rowCount': 5, 'matched': False}, {'headers': ['Search AD for MSID, EmployeeID, or Email Address (one entry per line)', '', ''], 'rowCount': 1, 'matched': False}, {'headers': ['', '', '', '', '', '', '', '', ''], 'rowCount': 2, 'matched': False}, {'headers': ['', ''], 'rowCount': 1, 'matched': False}, {'headers': ['', '', '', '', '', '', 'of', '', '1', '', '', '', ''], 'rowCount': 1, 'matched': False}, {'headers': [''], 'rowCount': 1, 'matched': False}, {'headers': [''], 'rowCount': 1, 'matched': False}, {'headers': [''], 'rowCount': 1, 'matched': False}, {'headers': [''], 'rowCount': 1, 'matched': False}, {'headers': [''], 'rowCount': 1, 'matched': False}, {'headers': [''], 'rowCount': 1, 'matched': False}, {'headers': [''], 'rowCount': 1, 'matched': False}, {'headers': [''], 'rowCount': 1, 'matched': False}, {'headers': [''], 'rowCount': 1, 'matched': False}, {'headers': [''], 'rowCount': 1, 'matched': False}, {'headers': [''], 'rowCount': 1, 'matched': False}, {'headers': ['Page Width\nWhole Page\n500%\n200%\n150%\n100%\n75%\n50%\n25%\n10%'], 'rowCount': 1, 'matched': False}, {'headers': ['Word\n\t\t\t\t\t\t\t\t\t\n\t\t\t\t\t\t\t\t\t\tExcel\n\t\t\t\t\t\t\t\t\t\n\t\t\t\t\t\t\t\t\t\tPowerPoint\n\t\t\t\t\t\t\t\t\t\n\t\t\t\t\t\t\t\t\t\tPDF\n\t\t\t\t\t\t\t\t\t\n\t\t\t\t\t\t\t\t\t\tTIFF file\n\t\t\t\t\t\t\t\t\t\n\t\t\t\t\t\t\t\t\t\tMHTML (web archive)\n\t\t\t\t\t\t\t\t\t\n\t\t\t\t\t\t\t\t\t\tCSV (comma delimited)\n\t\t\t\t\t\t\t\t\t\n\t\t\t\t\t\t\t\t\t\tXML file with report data\n\t\t\t\t\t\t\t\t\t\n\t\t\t\t\t\t\t\t\t\tData Feed'], 'rowCount': 1, 'matched': False}, {'headers': [''], 'rowCount': 1, 'matched': False}, {'headers': [''], 'rowCount': 1, 'matched': False}, {'headers': [''], 'rowCount': 1, 'matched': False}, {'headers': [''], 'rowCount': 1, 'matched': False}, {'headers': ['', '', 'Find', '', '', '', '|', '', 'Next', '', ''], 'rowCount': 1, 'matched': False}, {'headers': ['Active Directory Search (MS domain)\n\xa0\n(data is refreshed once every 24 hours) - data current as of: 9/17/2026 2:01:02 AM Central Time\n\t\n\t\n\t\nBookmark this URL (not the site it takes you to): https://goto.optum.com/ActiveDirectoryInfo\nFor additional options, bookmark this url (not the site it takes you to): https://goto.optum.com/ActiveDirectoryInfo2\n\t\n\t\n\t\t\n\t\t\t\t\t\t\t\t\t\t\t\t\t\t\t\t\t\t\n\nEnabled\n\t\nEmployeeID\n\t\nMSID\n\t\nEmployee Name\n\t\nCorporate Email Box\n\t\nuht-IdentityManagment-Mail\n\t\nUserPrincipalName\n\t\nEmployee Type\n\t\nAccountType\n\t\nPostal Code\n\t\nDepartment\n\t\nManager EmployeeID\n\t\nManager MSID\n\t\nManager Name\n\t\nManager Email\n\t\nBusiness Unit\n\t\nOperating Unit\n\t\nLocation\n\t\nDepartment\n\n\nTRUE\n\t\n900273273\n\t\nsselv175\n\t\nSelvam, Shrishanth\n\t\nshrishanth_selvam@optum.com\n\t\nshrishanth_selvam@optum.com\n\t\nshrishanth_selvam@optum.com\n\t\nC\n\t\nP\n\t\nII033\n\t\nOG Adv APAC-1\n\t\n001341886\n\t\nsganes23\n\t\nGanesan, Sathish Kumar\n\t\nGanesanS@Optum.com\n\t\n10368\n\t\n06870\n\t\nINDIN033\n\t\n846817'], 'rowCount': 1, 'matched': False}, {'headers': ['Active Directory Search (MS domain)\n\xa0\n(data is refreshed once every 24 hours) - data current as of: 9/17/2026 2:01:02 AM Central Time\n\t\n\t\n\t\nBookmark this URL (not the site it takes you to): https://goto.optum.com/ActiveDirectoryInfo\nFor additional options, bookmark this url (not the site it takes you to): https://goto.optum.com/ActiveDirectoryInfo2\n\t\n\t\n\t\t\n\t\t\t\t\t\t\t\t\t\t\t\t\t\t\t\t\t\t\n\nEnabled\n\t\nEmployeeID\n\t\nMSID\n\t\nEmployee Name\n\t\nCorporate Email Box\n\t\nuht-IdentityManagment-Mail\n\t\nUserPrincipalName\n\t\nEmployee Type\n\t\nAccountType\n\t\nPostal Code\n\t\nDepartment\n\t\nManager EmployeeID\n\t\nManager MSID\n\t\nManager Name\n\t\nManager Email\n\t\nBusiness Unit\n\t\nOperating Unit\n\t\nLocation\n\t\nDepartment\n\n\nTRUE\n\t\n900273273\n\t\nsselv175\n\t\nSelvam, Shrishanth\n\t\nshrishanth_selvam@optum.com\n\t\nshrishanth_selvam@optum.com\n\t\nshrishanth_selvam@optum.com\n\t\nC\n\t\nP\n\t\nII033\n\t\nOG Adv APAC-1\n\t\n001341886\n\t\nsganes23\n\t\nGanesan, Sathish Kumar\n\t\nGanesanS@Optum.com\n\t\n10368\n\t\n06870\n\t\nINDIN033\n\t\n846817'], 'rowCount': 2, 'matched': False}, {'headers': ['Active Directory Search (MS domain)\n\xa0\n(data is refreshed once every 24 hours) - data current as of: 9/17/2026 2:01:02 AM Central Time\n\t\n\t\n\t\nBookmark this URL (not the site it takes you to): https://goto.optum.com/ActiveDirectoryInfo\nFor additional options, bookmark this url (not the site it takes you to): https://goto.optum.com/ActiveDirectoryInfo2\n\t\n\t\n\t\t\n\t\t\t\t\t\t\t\t\t\t\t\t\t\t\t\t\t\t\n\nEnabled\n\t\nEmployeeID\n\t\nMSID\n\t\nEmployee Name\n\t\nCorporate Email Box\n\t\nuht-IdentityManagment-Mail\n\t\nUserPrincipalName\n\t\nEmployee Type\n\t\nAccountType\n\t\nPostal Code\n\t\nDepartment\n\t\nManager EmployeeID\n\t\nManager MSID\n\t\nManager Name\n\t\nManager Email\n\t\nBusiness Unit\n\t\nOperating Unit\n\t\nLocation\n\t\nDepartment\n\n\nTRUE\n\t\n900273273\n\t\nsselv175\n\t\nSelvam, Shrishanth\n\t\nshrishanth_selvam@optum.com\n\t\nshrishanth_selvam@optum.com\n\t\nshrishanth_selvam@optum.com\n\t\nC\n\t\nP\n\t\nII033\n\t\nOG Adv APAC-1\n\t\n001341886\n\t\nsganes23\n\t\nGanesan, Sathish Kumar\n\t\nGanesanS@Optum.com\n\t\n10368\n\t\n06870\n\t\nINDIN033\n\t\n846817'], 'rowCount': 1, 'matched': False}, {'headers': ['', '', '', '', '', '', '', ''], 'rowCount': 7, 'matched': False}, {'headers': ['Enabled', 'EmployeeID', 'MSID', 'Employee Name', 'Corporate Email Box', 'uht-IdentityManagment-Mail', 'UserPrincipalName', 'Employee Type', 'AccountType', 'Postal Code', 'Department', 'Manager EmployeeID', 'Manager MSID', 'Manager Name', 'Manager Email', 'Business Unit', 'Operating Unit', 'Location', 'Department'], 'rowCount': 1, 'matched': True}]
2026-09-18 14:50:57 DEBUG   [Thread-1 (stdin_reader)] it_asset_app: AD lookup: raw extracted rows: [{'Enabled': 'TRUE', 'EmployeeID': '900273273', 'MSID': 'sselv175', 'Employee Name': 'Selvam, Shrishanth', 'Corporate Email Box': 'shrishanth_selvam@optum.com', 'uht-IdentityManagment-Mail': 'shrishanth_selvam@optum.com', 'UserPrincipalName': 'shrishanth_selvam@optum.com', 'Employee Type': 'C', 'AccountType': 'P', 'Postal Code': 'II033', 'Department': 'OG Adv APAC-1', 'Manager EmployeeID': '001341886', 'Manager MSID': 'sganes23', 'Manager Name': 'Ganesan, Sathish Kumar', 'Manager Email': 'GanesanS@Optum.com', 'Business Unit': '10368', 'Operating Unit': '06870', 'Location': 'INDIN033'}]
2026-09-18 14:50:57 DEBUG   [Thread-1 (stdin_reader)] it_asset_app: AD lookup: mapped fields from row: {'emp_name': 'Selvam, Shrishanth', 'manager_name': 'Ganesan, Sathish Kumar', 'contact_number': '', 'department': 'OG Adv APAC-1', 'email': 'shrishanth_selvam@optum.com', 'designation': 'C', 'msid': 'sselv175', 'employee_id_confirmed': '900273273', 'manager_email': 'GanesanS@Optum.com', 'manager_msid': 'sganes23', 'manager_employee_id': '001341886', 'account_enabled': 'TRUE'}
2026-09-18 14:50:57 INFO    [Thread-1 (stdin_reader)] it_asset_app: AD lookup: SUCCESS for emp_id='002225893' - 1 candidate(s), emp_name='Selvam, Shrishanth' manager_name='Ganesan, Sathish Kumar'
2026-09-18 14:50:57 INFO    [Thread-1 (stdin_reader)] it_asset_app: AD helper: sending 1 candidate(s) back for request_id='f8e26cbf9a584d6780e56be733cabf1d'
2026-09-18 14:50:57 INFO    [Thread-1 (stdin_reader)] it_asset_app: AD helper: auto-hid lookup window after successful result (request_id='f8e26cbf9a584d6780e56be733cabf1d')
2026-09-18 14:51:10 INFO    [Thread-1 (stdin_reader)] it_asset_app: AD helper: received lookup request_id='bab86d0dda0241f597ac13d32ea554d5' emp_id='002225893'
2026-09-18 14:52:10 ERROR   [MainThread] it_asset_app: AD lookup failed for the active Employee ID (showing friendly message to operator): Timed out waiting for the AD Lookup search result. If a login page appeared, please complete it and try again.
Traceback (most recent call last):
  File "C:\Users\srajaamu\OneDrive - UHG\Topaz_automation\WorkFlow_Topaz\app.py", line 4816, in worker
    candidates = self.browser_session.search(emp_id)
  File "C:\Users\srajaamu\OneDrive - UHG\Topaz_automation\WorkFlow_Topaz\app.py", line 758, in search
    raise RuntimeError(
    ...<2 lines>...
    )
RuntimeError: Timed out waiting for the AD Lookup search result. If a login page appeared, please complete it and try again.
2026-09-18 14:52:14 CRITICAL [MainThread] it_asset_app: UNCAUGHT EXCEPTION
Traceback (most recent call last):
  File "C:\Users\srajaamu\OneDrive - UHG\Topaz_automation\WorkFlow_Topaz\app.py", line 6479, in <module>
    app.mainloop()
    ~~~~~~~~~~~~^^
  File "C:\Program Files\Python314\Lib\tkinter\__init__.py", line 1625, in mainloop
    self.tk.mainloop(n)
    ~~~~~~~~~~~~~~~~^^^
KeyboardInterrupt
2026-09-18 14:52:14 INFO    [Thread-1 (stdin_reader)] it_asset_app: AD lookup: starting search for emp_id='002225893' (header_keyword='EmployeeID', name_column='Employee Name')
2026-09-18 14:52:14 ERROR   [Thread-1 (stdin_reader)] it_asset_app: AD lookup: could not find the parameter textbox for emp_id='002225893'
2026-09-18 14:52:14 ERROR   [Thread-1 (stdin_reader)] it_asset_app: AD helper: lookup failed for request_id='bab86d0dda0241f597ac13d32ea554d5' emp_id='002225893'
Traceback (most recent call last):
  File "C:\Users\srajaamu\OneDrive - UHG\Topaz_automation\WorkFlow_Topaz\app.py", line 1465, in stdin_reader
    candidates = perform_search(emp_id)
  File "C:\Users\srajaamu\OneDrive - UHG\Topaz_automation\WorkFlow_Topaz\app.py", line 1321, in perform_search
    return _perform_ssrs_search(
        window, emp_id, button_text, header_keyword, name_column, ready_timeout
    )
  File "C:\Users\srajaamu\OneDrive - UHG\Topaz_automation\WorkFlow_Topaz\app.py", line 1097, in _perform_ssrs_search
    raise RuntimeError(
    ...<4 lines>...
    )
RuntimeError: Could not find the employee-ID entry box on the AD lookup report page (looked for the report's parameter textbox). Check that ad_lookup_ssrs.search_page_url in CONFIG opens straight to the 'Active Directory Search' report.
2026-09-18 14:52:19 INFO    [MainThread] it_asset_app: ======================================================================
2026-09-18 14:52:19 INFO    [MainThread] it_asset_app: App starting - log file: C:\Users\srajaamu\OneDrive - UHG\Topaz_automation\WorkFlow_Topaz\logs\application.log
2026-09-18 14:52:19 INFO    [MainThread] it_asset_app: Python: 3.14.7 | frozen: False
2026-09-18 14:52:19 INFO    [MainThread] it_asset_app: WizardApp: starting up. ad_lookup_mode='ssrs_report' use_topaz_pad=True bu_templates_folder='bu_templates' root_save_folder='Z:/Topaz_auto' operator_name='Sriram'
2026-09-18 14:52:19 INFO    [MainThread] it_asset_app: WizardApp: GUI ready
2026-09-18 14:52:20 INFO    [Thread-1 (start)] it_asset_app: AD helper: launched new subprocess (pid=26120): ['C:\\Program Files\\Python314\\python.exe', 'C:\\Users\\srajaamu\\OneDrive - UHG\\Topaz_automation\\WorkFlow_Topaz\\app.py', '--webview-helper']
2026-09-18 14:52:20 INFO    [MainThread] it_asset_app: Startup health check: [('Microsoft Word', True, ''), ('Signing Certificate', True, ''), ('SSRS Asset Report', True, 'Available'), ('Save Folder', True, 'Z:/Topaz_auto'), ('BU Templates', True, '5 loaded')]
2026-09-18 14:52:21 INFO    [MainThread] it_asset_app: ======================================================================
2026-09-18 14:52:21 INFO    [MainThread] it_asset_app: App starting - log file: C:\Users\srajaamu\OneDrive - UHG\Topaz_automation\WorkFlow_Topaz\logs\application.log
2026-09-18 14:52:21 INFO    [MainThread] it_asset_app: Python: 3.14.7 | frozen: False
2026-09-18 14:52:21 INFO    [MainThread] it_asset_app: AD helper: subprocess started (pid=26120)
2026-09-18 14:52:25 INFO    [MainThread] it_asset_app: SSRS asset report: status='Available' records=1915 error=''
2026-09-18 14:52:56 INFO    [Thread-1 (stdin_reader)] it_asset_app: AD helper: received lookup request_id='dc1a5ac1fa2144e7bcd906029deecdce' emp_id='002225893'
2026-09-18 14:52:56 INFO    [Thread-1 (stdin_reader)] it_asset_app: AD lookup: starting search for emp_id='002225893' (header_keyword='EmployeeID', name_column='Employee Name')
2026-09-18 14:52:56 DEBUG   [Thread-1 (stdin_reader)] it_asset_app: AD lookup: filled search textbox OK
2026-09-18 14:52:57 DEBUG   [Thread-1 (stdin_reader)] it_asset_app: AD lookup: clicked 'View Report' button OK
2026-09-18 14:53:01 DEBUG   [Thread-1 (stdin_reader)] it_asset_app: AD lookup: results table ready after 4.0s
2026-09-18 14:53:01 DEBUG   [Thread-1 (stdin_reader)] it_asset_app: AD lookup: extracted 1 row(s) via strategy='single-table'; tables seen on page: [{'headers': ['Search AD for MSID, EmployeeID, or Email Address (one entry per line)\t\n\t\n\t\n\t\t\n\n\n\n\n\t\t\n\t\t\t\tof\t\t1\t\t\n\t\t\n\t\n\t\nPage Width\nWhole Page\n500%\n200%\n150%\n100%\n75%\n50%\n25%\n10%\n\t\n\t\n\t\n\t\tFind\t\t\n\t\t|\t\tNext\t\t\n\n\n\t\t\t\t\t\t\t\n\t\t\n\t\n\t\t\t\nActive Directory Search (MS domain)\n\xa0\n(data is refreshed once every 24 hours) - data current as of: 9/17/2026 2:01:02 AM Central Time\n\t\n\t\n\t\nBookmark this URL (not the site it takes you to): https://goto.optum.com/ActiveDirectoryInfo\nFor additional options, bookmark this url (not the site it takes you to): https://goto.optum.com/ActiveDirectoryInfo2\n\t\n\t\n\t\t\n\t\t\t\t\t\t\t\t\t\t\t\t\t\t\t\t\t\t\n\nEnabled\n\t\nEmployeeID\n\t\nMSID\n\t\nEmployee Name\n\t\nCorporate Email Box\n\t\nuht-IdentityManagment-Mail\n\t\nUserPrincipalName\n\t\nEmployee Type\n\t\nAccountType\n\t\nPostal Code\n\t\nDepartment\n\t\nManager EmployeeID\n\t\nManager MSID\n\t\nManager Name\n\t\nManager Email\n\t\nBusiness Unit\n\t\nOperating Unit\n\t\nLocation\n\t\nDepartment\n\n\nTRUE\n\t\n002225893\n\t\nts29\n\t\nS, Thirumalai\n\t\nthirumalai.sivalingam@optum.com\n\t\nthirumalai.sivalingam@optum.com\n\t\nthirumalai.sivalingam@optum.com\n\t\nE\n\t\nP\n\t\nII032\n\t\nOI Operations\n\t\n001341886\n\t\nsganes23\n\t\nGanesan, Sathish Kumar\n\t\nGanesanS@Optum.com\n\t\n48210\n\t\n06290\n\t\nINDIN032\n\t\n804005'], 'rowCount': 1, 'matched': False}, {'headers': ['', 'Loading...\n\t\t\t\t\tCancel'], 'rowCount': 1, 'matched': False}, {'headers': ['', '', ''], 'rowCount': 5, 'matched': False}, {'headers': ['Search AD for MSID, EmployeeID, or Email Address (one entry per line)', '', ''], 'rowCount': 1, 'matched': False}, {'headers': ['', '', '', '', '', '', '', '', ''], 'rowCount': 2, 'matched': False}, {'headers': ['', ''], 'rowCount': 1, 'matched': False}, {'headers': ['', '', '', '', '', '', 'of', '', '1', '', '', '', ''], 'rowCount': 1, 'matched': False}, {'headers': [''], 'rowCount': 1, 'matched': False}, {'headers': [''], 'rowCount': 1, 'matched': False}, {'headers': [''], 'rowCount': 1, 'matched': False}, {'headers': [''], 'rowCount': 1, 'matched': False}, {'headers': [''], 'rowCount': 1, 'matched': False}, {'headers': [''], 'rowCount': 1, 'matched': False}, {'headers': [''], 'rowCount': 1, 'matched': False}, {'headers': [''], 'rowCount': 1, 'matched': False}, {'headers': [''], 'rowCount': 1, 'matched': False}, {'headers': [''], 'rowCount': 1, 'matched': False}, {'headers': [''], 'rowCount': 1, 'matched': False}, {'headers': ['Page Width\nWhole Page\n500%\n200%\n150%\n100%\n75%\n50%\n25%\n10%'], 'rowCount': 1, 'matched': False}, {'headers': ['Word\n\t\t\t\t\t\t\t\t\t\n\t\t\t\t\t\t\t\t\t\tExcel\n\t\t\t\t\t\t\t\t\t\n\t\t\t\t\t\t\t\t\t\tPowerPoint\n\t\t\t\t\t\t\t\t\t\n\t\t\t\t\t\t\t\t\t\tPDF\n\t\t\t\t\t\t\t\t\t\n\t\t\t\t\t\t\t\t\t\tTIFF file\n\t\t\t\t\t\t\t\t\t\n\t\t\t\t\t\t\t\t\t\tMHTML (web archive)\n\t\t\t\t\t\t\t\t\t\n\t\t\t\t\t\t\t\t\t\tCSV (comma delimited)\n\t\t\t\t\t\t\t\t\t\n\t\t\t\t\t\t\t\t\t\tXML file with report data\n\t\t\t\t\t\t\t\t\t\n\t\t\t\t\t\t\t\t\t\tData Feed'], 'rowCount': 1, 'matched': False}, {'headers': [''], 'rowCount': 1, 'matched': False}, {'headers': [''], 'rowCount': 1, 'matched': False}, {'headers': [''], 'rowCount': 1, 'matched': False}, {'headers': [''], 'rowCount': 1, 'matched': False}, {'headers': ['', '', 'Find', '', '', '', '|', '', 'Next', '', ''], 'rowCount': 1, 'matched': False}, {'headers': ['Active Directory Search (MS domain)\n\xa0\n(data is refreshed once every 24 hours) - data current as of: 9/17/2026 2:01:02 AM Central Time\n\t\n\t\n\t\nBookmark this URL (not the site it takes you to): https://goto.optum.com/ActiveDirectoryInfo\nFor additional options, bookmark this url (not the site it takes you to): https://goto.optum.com/ActiveDirectoryInfo2\n\t\n\t\n\t\t\n\t\t\t\t\t\t\t\t\t\t\t\t\t\t\t\t\t\t\n\nEnabled\n\t\nEmployeeID\n\t\nMSID\n\t\nEmployee Name\n\t\nCorporate Email Box\n\t\nuht-IdentityManagment-Mail\n\t\nUserPrincipalName\n\t\nEmployee Type\n\t\nAccountType\n\t\nPostal Code\n\t\nDepartment\n\t\nManager EmployeeID\n\t\nManager MSID\n\t\nManager Name\n\t\nManager Email\n\t\nBusiness Unit\n\t\nOperating Unit\n\t\nLocation\n\t\nDepartment\n\n\nTRUE\n\t\n002225893\n\t\nts29\n\t\nS, Thirumalai\n\t\nthirumalai.sivalingam@optum.com\n\t\nthirumalai.sivalingam@optum.com\n\t\nthirumalai.sivalingam@optum.com\n\t\nE\n\t\nP\n\t\nII032\n\t\nOI Operations\n\t\n001341886\n\t\nsganes23\n\t\nGanesan, Sathish Kumar\n\t\nGanesanS@Optum.com\n\t\n48210\n\t\n06290\n\t\nINDIN032\n\t\n804005'], 'rowCount': 1, 'matched': False}, {'headers': ['Active Directory Search (MS domain)\n\xa0\n(data is refreshed once every 24 hours) - data current as of: 9/17/2026 2:01:02 AM Central Time\n\t\n\t\n\t\nBookmark this URL (not the site it takes you to): https://goto.optum.com/ActiveDirectoryInfo\nFor additional options, bookmark this url (not the site it takes you to): https://goto.optum.com/ActiveDirectoryInfo2\n\t\n\t\n\t\t\n\t\t\t\t\t\t\t\t\t\t\t\t\t\t\t\t\t\t\n\nEnabled\n\t\nEmployeeID\n\t\nMSID\n\t\nEmployee Name\n\t\nCorporate Email Box\n\t\nuht-IdentityManagment-Mail\n\t\nUserPrincipalName\n\t\nEmployee Type\n\t\nAccountType\n\t\nPostal Code\n\t\nDepartment\n\t\nManager EmployeeID\n\t\nManager MSID\n\t\nManager Name\n\t\nManager Email\n\t\nBusiness Unit\n\t\nOperating Unit\n\t\nLocation\n\t\nDepartment\n\n\nTRUE\n\t\n002225893\n\t\nts29\n\t\nS, Thirumalai\n\t\nthirumalai.sivalingam@optum.com\n\t\nthirumalai.sivalingam@optum.com\n\t\nthirumalai.sivalingam@optum.com\n\t\nE\n\t\nP\n\t\nII032\n\t\nOI Operations\n\t\n001341886\n\t\nsganes23\n\t\nGanesan, Sathish Kumar\n\t\nGanesanS@Optum.com\n\t\n48210\n\t\n06290\n\t\nINDIN032\n\t\n804005'], 'rowCount': 2, 'matched': False}, {'headers': ['Active Directory Search (MS domain)\n\xa0\n(data is refreshed once every 24 hours) - data current as of: 9/17/2026 2:01:02 AM Central Time\n\t\n\t\n\t\nBookmark this URL (not the site it takes you to): https://goto.optum.com/ActiveDirectoryInfo\nFor additional options, bookmark this url (not the site it takes you to): https://goto.optum.com/ActiveDirectoryInfo2\n\t\n\t\n\t\t\n\t\t\t\t\t\t\t\t\t\t\t\t\t\t\t\t\t\t\n\nEnabled\n\t\nEmployeeID\n\t\nMSID\n\t\nEmployee Name\n\t\nCorporate Email Box\n\t\nuht-IdentityManagment-Mail\n\t\nUserPrincipalName\n\t\nEmployee Type\n\t\nAccountType\n\t\nPostal Code\n\t\nDepartment\n\t\nManager EmployeeID\n\t\nManager MSID\n\t\nManager Name\n\t\nManager Email\n\t\nBusiness Unit\n\t\nOperating Unit\n\t\nLocation\n\t\nDepartment\n\n\nTRUE\n\t\n002225893\n\t\nts29\n\t\nS, Thirumalai\n\t\nthirumalai.sivalingam@optum.com\n\t\nthirumalai.sivalingam@optum.com\n\t\nthirumalai.sivalingam@optum.com\n\t\nE\n\t\nP\n\t\nII032\n\t\nOI Operations\n\t\n001341886\n\t\nsganes23\n\t\nGanesan, Sathish Kumar\n\t\nGanesanS@Optum.com\n\t\n48210\n\t\n06290\n\t\nINDIN032\n\t\n804005'], 'rowCount': 1, 'matched': False}, {'headers': ['', '', '', '', '', '', '', ''], 'rowCount': 7, 'matched': False}, {'headers': ['Enabled', 'EmployeeID', 'MSID', 'Employee Name', 'Corporate Email Box', 'uht-IdentityManagment-Mail', 'UserPrincipalName', 'Employee Type', 'AccountType', 'Postal Code', 'Department', 'Manager EmployeeID', 'Manager MSID', 'Manager Name', 'Manager Email', 'Business Unit', 'Operating Unit', 'Location', 'Department'], 'rowCount': 1, 'matched': True}]
2026-09-18 14:53:01 DEBUG   [Thread-1 (stdin_reader)] it_asset_app: AD lookup: raw extracted rows: [{'Enabled': 'TRUE', 'EmployeeID': '002225893', 'MSID': 'ts29', 'Employee Name': 'S, Thirumalai', 'Corporate Email Box': 'thirumalai.sivalingam@optum.com', 'uht-IdentityManagment-Mail': 'thirumalai.sivalingam@optum.com', 'UserPrincipalName': 'thirumalai.sivalingam@optum.com', 'Employee Type': 'E', 'AccountType': 'P', 'Postal Code': 'II032', 'Department': 'OI Operations', 'Manager EmployeeID': '001341886', 'Manager MSID': 'sganes23', 'Manager Name': 'Ganesan, Sathish Kumar', 'Manager Email': 'GanesanS@Optum.com', 'Business Unit': '48210', 'Operating Unit': '06290', 'Location': 'INDIN032'}]
2026-09-18 14:53:01 DEBUG   [Thread-1 (stdin_reader)] it_asset_app: AD lookup: mapped fields from row: {'emp_name': 'S, Thirumalai', 'manager_name': 'Ganesan, Sathish Kumar', 'contact_number': '', 'department': 'OI Operations', 'email': 'thirumalai.sivalingam@optum.com', 'designation': 'E', 'msid': 'ts29', 'employee_id_confirmed': '002225893', 'manager_email': 'GanesanS@Optum.com', 'manager_msid': 'sganes23', 'manager_employee_id': '001341886', 'account_enabled': 'TRUE'}
2026-09-18 14:53:01 INFO    [Thread-1 (stdin_reader)] it_asset_app: AD lookup: SUCCESS for emp_id='002225893' - 1 candidate(s), emp_name='S, Thirumalai' manager_name='Ganesan, Sathish Kumar'
2026-09-18 14:53:01 INFO    [Thread-1 (stdin_reader)] it_asset_app: AD helper: sending 1 candidate(s) back for request_id='dc1a5ac1fa2144e7bcd906029deecdce'
2026-09-18 14:53:01 INFO    [Thread-1 (stdin_reader)] it_asset_app: AD helper: auto-hid lookup window after successful result (request_id='dc1a5ac1fa2144e7bcd906029deecdce')
2026-09-18 14:54:09 INFO    [MainThread] it_asset_app: SignatureService.capture: use_topaz_pad=True, title='Employee: sign here'
2026-09-18 14:54:09 INFO    [MainThread] it_asset_app: Topaz: capture() starting
2026-09-18 14:54:09 DEBUG   [Thread-5 (worker)] it_asset_app: Topaz: ProgID 'TOPAZSIGPLUS.SigPlusCtrl.1' failed: (-2147221005, 'Invalid class string', None, None)
2026-09-18 14:54:09 INFO    [Thread-5 (worker)] it_asset_app: Topaz: connected via ProgID 'SigPlus.SigPlusCtrl.1'
2026-09-18 14:54:09 DEBUG   [Thread-5 (worker)] it_asset_app: Topaz: control exposes: ['AboutBox', 'AddSerialByte', 'Annotate', 'AsciiDataMode', 'AutoKeyAddData', 'AutoKeyData', 'AutoKeyFinish', 'AutoKeyStart', 'AutoTimeStamp', 'BackColor', 'BackgroundHandle', 'BitMapBufferByte', 'BitMapBufferClose', 'BitMapBufferSize', 'BitMapBufferWrite', 'BitmapHandle', 'Buffer', 'ByteIndex', 'ClearSigWindow', 'ClearTablet', 'CmdCount', 'CmdData', 'CmdString', 'CoordToUse', 'Coords', 'Data', 'Dest', 'DisableMessageBoxes', 'DisableTabletCapture', 'DisplayAnnotate', 'DisplayAnnotatePosX', 'DisplayAnnotatePosY', 'DisplayAnnotateSize', 'DisplayMode', 'DisplayPenWidth', 'DisplayRotate', 'DisplayRotateSave', 'DisplayTimeStamp', 'DisplayTimeStampPosX', 'DisplayTimeStampPosY', 'DisplayTimeStampSize', 'DisplayWindowRes', 'Enable', 'EnableTabletCapture', 'EnableTabletEncryption', 'EncryptionMode', 'EventMask', 'ExportSigFile', 'FaceName', 'Factor', 'FileName', 'FinalFactor', 'FitToWindow', 'ForeColor', 'Format', 'GetBadPointCounter', 'GetBitmapBufferBytes', 'GetEventEnableMask', 'GetImageScreenResolution', 'GetKey', 'GetKeyReceipt', 'GetKeyReceiptAscii', 'GetLCDSize', 'GetLCDStringSize', 'GetNumPointsForStroke', 'GetNumberOfAttachedTablets', 'GetNumberOfHotSpotPoints', 'GetNumberOfStrokes', 'GetOposPointArray', 'GetOposTotalPoints', 'GetPointPValue', 'GetPointTValue', 'GetPointXValue', 'GetPointYValue', 'GetSavePressureData', 'GetSaveTimeData', 'GetSerialNumberToUse', 'GetSigData', 'GetSigPlusVersionString', 'GetSigReceipt', 'GetSigReceiptAscii', 'GetTabletModelNumber', 'GetTabletPortPath', 'GetTabletSerialNumber', 'GetTrackGemField', 'GreyGain', 'GreyOffset', 'Height', 'HexString', 'HighlightPoint', 'HighlightStroke', 'HostMode', 'IPAddress', 'ImageAnnotate', 'ImageAnnotatePosX', 'ImageAnnotatePosY', 'ImageAnnotateSize', 'ImageFileFormat', 'ImageFileName', 'ImagePenWidth', 'ImageTimeStamp', 'ImageTimeStampPosX', 'ImageTimeStampPosY', 'ImageTimeStampSize', 'ImageXSize', 'ImageYSize', 'ImportSigFile', 'Index', 'InitSigPlus', 'Inside', 'Italic', 'JustifyMode', 'JustifyX', 'JustifyY', 'KeyCode', 'KeyData', 'KeyPadAddHotSpot', 'KeyPadClearHotSpotList', 'KeyPadEnableTapOnly', 'KeyPadQueryHotSpot', 'KeyString', 'LCDCaptureMode', 'LCDCompEnable', 'LCDCompFast', 'LCDCompMode', 'LCDCompSlow', 'LCDCreateImage', 'LCDPlayVideo', 'LCDRefresh', 'LCDSendCmdString', 'LCDSendCommandData', 'LCDSendImage', 'LCDSetFont', 'LCDSetTabletMap', 'LCDSetWindow', 'LCDStopVideo', 'LCDTiffAdd', 'LCDTiffStart', 'LCDTiffWrite', 'LCDType', 'LCDWriteBitmap', 'LCDWriteFile', 'LCDWriteString', 'LCDWriteStringToImage', 'LCDWriteWindowedBitmap', 'LCDXSize', 'LCDXStart', 'LCDXStop', 'LCDYSize', 'LCDYStart', 'LCDYStop', 'LCDZCompMode', 'LineScale', 'LoadTrackGemSig', 'LogEnable', 'LogFilePath', 'MapPoints', 'Message', 'Mode', 'NewPath', 'NewPixelDepth', 'NewPortPath', 'NewValue', 'NumberOfTabletPoints', 'Offset', 'OpaqueMode', 'Param', 'PitchAndFamily', 'PointArray', 'PointIdx', 'PointNumber', 'PortNumber', 'ReplayMode', 'RetryCount', 'ReturnCount', 'SaveSigInfo', 'SerialByte', 'SetAntiAliasEnable', 'SetAntiAliasParameters', 'SetBackground', 'SetBackgroundHandle', 'SetDisplayAnnotateData', 'SetDisplayTimeStampData', 'SetDynamicPressure', 'SetEnableColor', 'SetEventEnableMask', 'SetGreyScaleParams', 'SetIPAddress', 'SetImageAnnotateData', 'SetImageScreenResolution', 'SetImageTimeStampData', 'SetKey', 'SetLCDCompression', 'SetLCDCompressionParameters', 'SetLCDPixelDepth', 'SetLCDRetryCount', 'SetLCDTransferDelay', 'SetLCDTransferSize', 'SetLCDType', 'SetLocalIniFilePath', 'SetLogEnable', 'SetLogFilePath', 'SetMultiUsbEnable', 'SetPressureMap', 'SetPressureMapPoints', 'SetSavePressureData', 'SetSaveTimeData', 'SetSerialNumberToUse', 'SetSigData', 'SetSigSocketPort', 'SetSigWindow', 'SetSpecialCloseDelay', 'SetTabletEncryptionModes', 'SetTabletPortPath', 'SetTranslateBitmapEnable', 'SetUseSHA2Hash', 'SetWMFTempPath', 'SigCompressionMode', 'SigData', 'SigMessage', 'SigSetFont', 'SigString', 'Size', 'SpotSize', 'State', 'Str', 'StrokeIdx', 'StrokeNumber', 'TabletBaudRate', 'TabletClippingMode', 'TabletComPort', 'TabletComTest', 'TabletConnectQuery', 'TabletFilterPoints', 'TabletGraphic', 'TabletGraphicFile', 'TabletIndex', 'TabletInvisible', 'TabletLCDMode', 'TabletLogicalXSize', 'TabletLogicalYSize', 'TabletMode', 'TabletModelNumber', 'TabletResolution', 'TabletRotation', 'TabletSerialNumber', 'TabletState', 'TabletText', 'TabletTextFile', 'TabletTimer', 'TabletTimingAdvance', 'TabletType', 'TabletXStart', 'TabletXStop', 'TabletYStart', 'TabletYStop', 'TestFunction', 'TimeOut', 'TimeStamp', 'TransferDelay', 'TransferSize', 'Underline', 'Value', 'Velocity0', 'VelocityRange', 'VideoNumber', 'Weight', 'Width', 'WriteImageFile', 'X', 'XPos', 'XSize', 'Y', 'YPos', 'YSize', 'ZoomPower', 'ZoomX', 'ZoomY']
2026-09-18 14:54:09 DEBUG   [Thread-5 (worker)] it_asset_app: Topaz: arming the pad (hwnd=528592)
2026-09-18 14:54:09 DEBUG   [Thread-5 (worker)] it_asset_app: Topaz: tablet state set to 1 via TabletState property
2026-09-18 14:54:09 INFO    [Thread-5 (worker)] it_asset_app: Topaz: pad armed OK
2026-09-18 14:54:11 INFO    [Thread-5 (worker)] it_asset_app: Topaz: NumberOfTabletPoints=0 after Accept
2026-09-18 14:54:11 DEBUG   [Thread-5 (worker)] it_asset_app: Topaz: tablet state set to 0 via TabletState property
2026-09-18 14:54:11 DEBUG   [Thread-5 (worker)] it_asset_app: Topaz: pad disarmed OK
2026-09-18 14:54:11 ERROR   [MainThread] it_asset_app: Topaz: capture failed: No signature was captured on the pad.
2026-09-18 14:54:11 WARNING [MainThread] it_asset_app: Topaz pad not available, falling back to on-screen signing: No signature was captured on the pad.
2026-09-18 14:54:18 INFO    [MainThread] it_asset_app: SignatureService.capture: on-screen canvas path returned None
2026-09-18 14:54:19 INFO    [MainThread] it_asset_app: SignatureService.capture: use_topaz_pad=True, title='Employee: sign here'
2026-09-18 14:54:19 INFO    [MainThread] it_asset_app: Topaz: capture() starting
2026-09-18 14:54:19 DEBUG   [Thread-6 (worker)] it_asset_app: Topaz: ProgID 'TOPAZSIGPLUS.SigPlusCtrl.1' failed: (-2147221005, 'Invalid class string', None, None)
2026-09-18 14:54:20 INFO    [Thread-6 (worker)] it_asset_app: Topaz: connected via ProgID 'SigPlus.SigPlusCtrl.1'
2026-09-18 14:54:20 DEBUG   [Thread-6 (worker)] it_asset_app: Topaz: control exposes: ['AboutBox', 'AddSerialByte', 'Annotate', 'AsciiDataMode', 'AutoKeyAddData', 'AutoKeyData', 'AutoKeyFinish', 'AutoKeyStart', 'AutoTimeStamp', 'BackColor', 'BackgroundHandle', 'BitMapBufferByte', 'BitMapBufferClose', 'BitMapBufferSize', 'BitMapBufferWrite', 'BitmapHandle', 'Buffer', 'ByteIndex', 'ClearSigWindow', 'ClearTablet', 'CmdCount', 'CmdData', 'CmdString', 'CoordToUse', 'Coords', 'Data', 'Dest', 'DisableMessageBoxes', 'DisableTabletCapture', 'DisplayAnnotate', 'DisplayAnnotatePosX', 'DisplayAnnotatePosY', 'DisplayAnnotateSize', 'DisplayMode', 'DisplayPenWidth', 'DisplayRotate', 'DisplayRotateSave', 'DisplayTimeStamp', 'DisplayTimeStampPosX', 'DisplayTimeStampPosY', 'DisplayTimeStampSize', 'DisplayWindowRes', 'Enable', 'EnableTabletCapture', 'EnableTabletEncryption', 'EncryptionMode', 'EventMask', 'ExportSigFile', 'FaceName', 'Factor', 'FileName', 'FinalFactor', 'FitToWindow', 'ForeColor', 'Format', 'GetBadPointCounter', 'GetBitmapBufferBytes', 'GetEventEnableMask', 'GetImageScreenResolution', 'GetKey', 'GetKeyReceipt', 'GetKeyReceiptAscii', 'GetLCDSize', 'GetLCDStringSize', 'GetNumPointsForStroke', 'GetNumberOfAttachedTablets', 'GetNumberOfHotSpotPoints', 'GetNumberOfStrokes', 'GetOposPointArray', 'GetOposTotalPoints', 'GetPointPValue', 'GetPointTValue', 'GetPointXValue', 'GetPointYValue', 'GetSavePressureData', 'GetSaveTimeData', 'GetSerialNumberToUse', 'GetSigData', 'GetSigPlusVersionString', 'GetSigReceipt', 'GetSigReceiptAscii', 'GetTabletModelNumber', 'GetTabletPortPath', 'GetTabletSerialNumber', 'GetTrackGemField', 'GreyGain', 'GreyOffset', 'Height', 'HexString', 'HighlightPoint', 'HighlightStroke', 'HostMode', 'IPAddress', 'ImageAnnotate', 'ImageAnnotatePosX', 'ImageAnnotatePosY', 'ImageAnnotateSize', 'ImageFileFormat', 'ImageFileName', 'ImagePenWidth', 'ImageTimeStamp', 'ImageTimeStampPosX', 'ImageTimeStampPosY', 'ImageTimeStampSize', 'ImageXSize', 'ImageYSize', 'ImportSigFile', 'Index', 'InitSigPlus', 'Inside', 'Italic', 'JustifyMode', 'JustifyX', 'JustifyY', 'KeyCode', 'KeyData', 'KeyPadAddHotSpot', 'KeyPadClearHotSpotList', 'KeyPadEnableTapOnly', 'KeyPadQueryHotSpot', 'KeyString', 'LCDCaptureMode', 'LCDCompEnable', 'LCDCompFast', 'LCDCompMode', 'LCDCompSlow', 'LCDCreateImage', 'LCDPlayVideo', 'LCDRefresh', 'LCDSendCmdString', 'LCDSendCommandData', 'LCDSendImage', 'LCDSetFont', 'LCDSetTabletMap', 'LCDSetWindow', 'LCDStopVideo', 'LCDTiffAdd', 'LCDTiffStart', 'LCDTiffWrite', 'LCDType', 'LCDWriteBitmap', 'LCDWriteFile', 'LCDWriteString', 'LCDWriteStringToImage', 'LCDWriteWindowedBitmap', 'LCDXSize', 'LCDXStart', 'LCDXStop', 'LCDYSize', 'LCDYStart', 'LCDYStop', 'LCDZCompMode', 'LineScale', 'LoadTrackGemSig', 'LogEnable', 'LogFilePath', 'MapPoints', 'Message', 'Mode', 'NewPath', 'NewPixelDepth', 'NewPortPath', 'NewValue', 'NumberOfTabletPoints', 'Offset', 'OpaqueMode', 'Param', 'PitchAndFamily', 'PointArray', 'PointIdx', 'PointNumber', 'PortNumber', 'ReplayMode', 'RetryCount', 'ReturnCount', 'SaveSigInfo', 'SerialByte', 'SetAntiAliasEnable', 'SetAntiAliasParameters', 'SetBackground', 'SetBackgroundHandle', 'SetDisplayAnnotateData', 'SetDisplayTimeStampData', 'SetDynamicPressure', 'SetEnableColor', 'SetEventEnableMask', 'SetGreyScaleParams', 'SetIPAddress', 'SetImageAnnotateData', 'SetImageScreenResolution', 'SetImageTimeStampData', 'SetKey', 'SetLCDCompression', 'SetLCDCompressionParameters', 'SetLCDPixelDepth', 'SetLCDRetryCount', 'SetLCDTransferDelay', 'SetLCDTransferSize', 'SetLCDType', 'SetLocalIniFilePath', 'SetLogEnable', 'SetLogFilePath', 'SetMultiUsbEnable', 'SetPressureMap', 'SetPressureMapPoints', 'SetSavePressureData', 'SetSaveTimeData', 'SetSerialNumberToUse', 'SetSigData', 'SetSigSocketPort', 'SetSigWindow', 'SetSpecialCloseDelay', 'SetTabletEncryptionModes', 'SetTabletPortPath', 'SetTranslateBitmapEnable', 'SetUseSHA2Hash', 'SetWMFTempPath', 'SigCompressionMode', 'SigData', 'SigMessage', 'SigSetFont', 'SigString', 'Size', 'SpotSize', 'State', 'Str', 'StrokeIdx', 'StrokeNumber', 'TabletBaudRate', 'TabletClippingMode', 'TabletComPort', 'TabletComTest', 'TabletConnectQuery', 'TabletFilterPoints', 'TabletGraphic', 'TabletGraphicFile', 'TabletIndex', 'TabletInvisible', 'TabletLCDMode', 'TabletLogicalXSize', 'TabletLogicalYSize', 'TabletMode', 'TabletModelNumber', 'TabletResolution', 'TabletRotation', 'TabletSerialNumber', 'TabletState', 'TabletText', 'TabletTextFile', 'TabletTimer', 'TabletTimingAdvance', 'TabletType', 'TabletXStart', 'TabletXStop', 'TabletYStart', 'TabletYStop', 'TestFunction', 'TimeOut', 'TimeStamp', 'TransferDelay', 'TransferSize', 'Underline', 'Value', 'Velocity0', 'VelocityRange', 'VideoNumber', 'Weight', 'Width', 'WriteImageFile', 'X', 'XPos', 'XSize', 'Y', 'YPos', 'YSize', 'ZoomPower', 'ZoomX', 'ZoomY']
2026-09-18 14:54:20 DEBUG   [Thread-6 (worker)] it_asset_app: Topaz: arming the pad (hwnd=528592)
2026-09-18 14:54:20 DEBUG   [Thread-6 (worker)] it_asset_app: Topaz: tablet state set to 1 via TabletState property
2026-09-18 14:54:20 INFO    [Thread-6 (worker)] it_asset_app: Topaz: pad armed OK
2026-09-18 14:54:32 INFO    [Thread-6 (worker)] it_asset_app: Topaz: NumberOfTabletPoints=311 after Accept
2026-09-18 14:54:32 DEBUG   [Thread-6 (worker)] it_asset_app: Topaz: SigImageB64 not available (SigPlus.SigPlusCtrl.1.SigImageB64)
2026-09-18 14:54:32 DEBUG   [Thread-6 (worker)] it_asset_app: Topaz: image property ImageFileName not settable (Property 'SigPlus.SigPlusCtrl.1.ImageFileName' can not be set.)
2026-09-18 14:54:32 INFO    [Thread-6 (worker)] it_asset_app: Topaz: WriteImageFile(path, fmt, x, y, pen) failed (WriteImageFile() takes from 1 to 2 positional arguments but 6 were given)
2026-09-18 14:54:32 INFO    [Thread-6 (worker)] it_asset_app: Topaz: WriteImageFile(path, fmt) failed (WriteImageFile() takes from 1 to 2 positional arguments but 3 were given)
2026-09-18 14:54:32 INFO    [Thread-6 (worker)] it_asset_app: Topaz: wrote signature bitmap via WriteImageFile(path)
2026-09-18 14:54:32 DEBUG   [Thread-6 (worker)] it_asset_app: Topaz: tablet state set to 0 via TabletState property
2026-09-18 14:54:32 DEBUG   [Thread-6 (worker)] it_asset_app: Topaz: pad disarmed OK
2026-09-18 14:54:32 INFO    [MainThread] it_asset_app: Topaz: capture SUCCESS, saved to C:\Users\srajaamu\AppData\Local\Temp\sig_topaz_e9f7915eb060476fb1c3f240d584ed3f.png
2026-09-18 14:54:32 INFO    [MainThread] it_asset_app: SignatureService.capture: Topaz path returned 'C:\\Users\\srajaamu\\AppData\\Local\\Temp\\sig_topaz_e9f7915eb060476fb1c3f240d584ed3f.png'
2026-09-18 14:54:37 INFO    [MainThread] it_asset_app: SignatureService.capture: use_topaz_pad=True, title='Asset Receiver: sign here'
2026-09-18 14:54:37 INFO    [MainThread] it_asset_app: Topaz: capture() starting
2026-09-18 14:54:37 DEBUG   [Thread-7 (worker)] it_asset_app: Topaz: ProgID 'TOPAZSIGPLUS.SigPlusCtrl.1' failed: (-2147221005, 'Invalid class string', None, None)
2026-09-18 14:54:37 INFO    [Thread-7 (worker)] it_asset_app: Topaz: connected via ProgID 'SigPlus.SigPlusCtrl.1'
2026-09-18 14:54:37 DEBUG   [Thread-7 (worker)] it_asset_app: Topaz: control exposes: ['AboutBox', 'AddSerialByte', 'Annotate', 'AsciiDataMode', 'AutoKeyAddData', 'AutoKeyData', 'AutoKeyFinish', 'AutoKeyStart', 'AutoTimeStamp', 'BackColor', 'BackgroundHandle', 'BitMapBufferByte', 'BitMapBufferClose', 'BitMapBufferSize', 'BitMapBufferWrite', 'BitmapHandle', 'Buffer', 'ByteIndex', 'ClearSigWindow', 'ClearTablet', 'CmdCount', 'CmdData', 'CmdString', 'CoordToUse', 'Coords', 'Data', 'Dest', 'DisableMessageBoxes', 'DisableTabletCapture', 'DisplayAnnotate', 'DisplayAnnotatePosX', 'DisplayAnnotatePosY', 'DisplayAnnotateSize', 'DisplayMode', 'DisplayPenWidth', 'DisplayRotate', 'DisplayRotateSave', 'DisplayTimeStamp', 'DisplayTimeStampPosX', 'DisplayTimeStampPosY', 'DisplayTimeStampSize', 'DisplayWindowRes', 'Enable', 'EnableTabletCapture', 'EnableTabletEncryption', 'EncryptionMode', 'EventMask', 'ExportSigFile', 'FaceName', 'Factor', 'FileName', 'FinalFactor', 'FitToWindow', 'ForeColor', 'Format', 'GetBadPointCounter', 'GetBitmapBufferBytes', 'GetEventEnableMask', 'GetImageScreenResolution', 'GetKey', 'GetKeyReceipt', 'GetKeyReceiptAscii', 'GetLCDSize', 'GetLCDStringSize', 'GetNumPointsForStroke', 'GetNumberOfAttachedTablets', 'GetNumberOfHotSpotPoints', 'GetNumberOfStrokes', 'GetOposPointArray', 'GetOposTotalPoints', 'GetPointPValue', 'GetPointTValue', 'GetPointXValue', 'GetPointYValue', 'GetSavePressureData', 'GetSaveTimeData', 'GetSerialNumberToUse', 'GetSigData', 'GetSigPlusVersionString', 'GetSigReceipt', 'GetSigReceiptAscii', 'GetTabletModelNumber', 'GetTabletPortPath', 'GetTabletSerialNumber', 'GetTrackGemField', 'GreyGain', 'GreyOffset', 'Height', 'HexString', 'HighlightPoint', 'HighlightStroke', 'HostMode', 'IPAddress', 'ImageAnnotate', 'ImageAnnotatePosX', 'ImageAnnotatePosY', 'ImageAnnotateSize', 'ImageFileFormat', 'ImageFileName', 'ImagePenWidth', 'ImageTimeStamp', 'ImageTimeStampPosX', 'ImageTimeStampPosY', 'ImageTimeStampSize', 'ImageXSize', 'ImageYSize', 'ImportSigFile', 'Index', 'InitSigPlus', 'Inside', 'Italic', 'JustifyMode', 'JustifyX', 'JustifyY', 'KeyCode', 'KeyData', 'KeyPadAddHotSpot', 'KeyPadClearHotSpotList', 'KeyPadEnableTapOnly', 'KeyPadQueryHotSpot', 'KeyString', 'LCDCaptureMode', 'LCDCompEnable', 'LCDCompFast', 'LCDCompMode', 'LCDCompSlow', 'LCDCreateImage', 'LCDPlayVideo', 'LCDRefresh', 'LCDSendCmdString', 'LCDSendCommandData', 'LCDSendImage', 'LCDSetFont', 'LCDSetTabletMap', 'LCDSetWindow', 'LCDStopVideo', 'LCDTiffAdd', 'LCDTiffStart', 'LCDTiffWrite', 'LCDType', 'LCDWriteBitmap', 'LCDWriteFile', 'LCDWriteString', 'LCDWriteStringToImage', 'LCDWriteWindowedBitmap', 'LCDXSize', 'LCDXStart', 'LCDXStop', 'LCDYSize', 'LCDYStart', 'LCDYStop', 'LCDZCompMode', 'LineScale', 'LoadTrackGemSig', 'LogEnable', 'LogFilePath', 'MapPoints', 'Message', 'Mode', 'NewPath', 'NewPixelDepth', 'NewPortPath', 'NewValue', 'NumberOfTabletPoints', 'Offset', 'OpaqueMode', 'Param', 'PitchAndFamily', 'PointArray', 'PointIdx', 'PointNumber', 'PortNumber', 'ReplayMode', 'RetryCount', 'ReturnCount', 'SaveSigInfo', 'SerialByte', 'SetAntiAliasEnable', 'SetAntiAliasParameters', 'SetBackground', 'SetBackgroundHandle', 'SetDisplayAnnotateData', 'SetDisplayTimeStampData', 'SetDynamicPressure', 'SetEnableColor', 'SetEventEnableMask', 'SetGreyScaleParams', 'SetIPAddress', 'SetImageAnnotateData', 'SetImageScreenResolution', 'SetImageTimeStampData', 'SetKey', 'SetLCDCompression', 'SetLCDCompressionParameters', 'SetLCDPixelDepth', 'SetLCDRetryCount', 'SetLCDTransferDelay', 'SetLCDTransferSize', 'SetLCDType', 'SetLocalIniFilePath', 'SetLogEnable', 'SetLogFilePath', 'SetMultiUsbEnable', 'SetPressureMap', 'SetPressureMapPoints', 'SetSavePressureData', 'SetSaveTimeData', 'SetSerialNumberToUse', 'SetSigData', 'SetSigSocketPort', 'SetSigWindow', 'SetSpecialCloseDelay', 'SetTabletEncryptionModes', 'SetTabletPortPath', 'SetTranslateBitmapEnable', 'SetUseSHA2Hash', 'SetWMFTempPath', 'SigCompressionMode', 'SigData', 'SigMessage', 'SigSetFont', 'SigString', 'Size', 'SpotSize', 'State', 'Str', 'StrokeIdx', 'StrokeNumber', 'TabletBaudRate', 'TabletClippingMode', 'TabletComPort', 'TabletComTest', 'TabletConnectQuery', 'TabletFilterPoints', 'TabletGraphic', 'TabletGraphicFile', 'TabletIndex', 'TabletInvisible', 'TabletLCDMode', 'TabletLogicalXSize', 'TabletLogicalYSize', 'TabletMode', 'TabletModelNumber', 'TabletResolution', 'TabletRotation', 'TabletSerialNumber', 'TabletState', 'TabletText', 'TabletTextFile', 'TabletTimer', 'TabletTimingAdvance', 'TabletType', 'TabletXStart', 'TabletXStop', 'TabletYStart', 'TabletYStop', 'TestFunction', 'TimeOut', 'TimeStamp', 'TransferDelay', 'TransferSize', 'Underline', 'Value', 'Velocity0', 'VelocityRange', 'VideoNumber', 'Weight', 'Width', 'WriteImageFile', 'X', 'XPos', 'XSize', 'Y', 'YPos', 'YSize', 'ZoomPower', 'ZoomX', 'ZoomY']
2026-09-18 14:54:37 DEBUG   [Thread-7 (worker)] it_asset_app: Topaz: arming the pad (hwnd=528592)
2026-09-18 14:54:37 DEBUG   [Thread-7 (worker)] it_asset_app: Topaz: tablet state set to 1 via TabletState property
2026-09-18 14:54:37 INFO    [Thread-7 (worker)] it_asset_app: Topaz: pad armed OK
2026-09-18 14:54:53 INFO    [Thread-7 (worker)] it_asset_app: Topaz: NumberOfTabletPoints=359 after Accept
2026-09-18 14:54:53 DEBUG   [Thread-7 (worker)] it_asset_app: Topaz: SigImageB64 not available (SigPlus.SigPlusCtrl.1.SigImageB64)
2026-09-18 14:54:53 DEBUG   [Thread-7 (worker)] it_asset_app: Topaz: image property ImageFileName not settable (Property 'SigPlus.SigPlusCtrl.1.ImageFileName' can not be set.)
2026-09-18 14:54:53 INFO    [Thread-7 (worker)] it_asset_app: Topaz: WriteImageFile(path, fmt, x, y, pen) failed (WriteImageFile() takes from 1 to 2 positional arguments but 6 were given)
2026-09-18 14:54:53 INFO    [Thread-7 (worker)] it_asset_app: Topaz: WriteImageFile(path, fmt) failed (WriteImageFile() takes from 1 to 2 positional arguments but 3 were given)
2026-09-18 14:54:53 INFO    [Thread-7 (worker)] it_asset_app: Topaz: wrote signature bitmap via WriteImageFile(path)
2026-09-18 14:54:53 DEBUG   [Thread-7 (worker)] it_asset_app: Topaz: tablet state set to 0 via TabletState property
2026-09-18 14:54:53 DEBUG   [Thread-7 (worker)] it_asset_app: Topaz: pad disarmed OK
2026-09-18 14:54:53 INFO    [MainThread] it_asset_app: Topaz: capture SUCCESS, saved to C:\Users\srajaamu\AppData\Local\Temp\sig_topaz_2a7948e2ccba432abc55fdcbbea8bdd8.png
2026-09-18 14:54:53 INFO    [MainThread] it_asset_app: SignatureService.capture: Topaz path returned 'C:\\Users\\srajaamu\\AppData\\Local\\Temp\\sig_topaz_2a7948e2ccba432abc55fdcbbea8bdd8.png'
2026-09-18 14:55:43 INFO    [Thread-8 (worker)] it_asset_app: SSRS asset report: downloading (force=True) -> 'C:\\Users\\srajaamu\\OneDrive - UHG\\Topaz_automation\\WorkFlow_Topaz\\cache\\ssrs_asset_report.xlsx'
2026-09-18 14:56:03 INFO    [MainThread] it_asset_app: SSRS asset report: status='Available' records=1915 error=''
2026-09-18 14:57:25 INFO    [Thread-1 (stdin_reader)] it_asset_app: AD helper: received lookup request_id='0d210dc3244e4cedb2a88eef05fbdd86' emp_id='900033339'
2026-09-18 14:57:25 INFO    [Thread-1 (stdin_reader)] it_asset_app: AD lookup: starting search for emp_id='900033339' (header_keyword='EmployeeID', name_column='Employee Name')
2026-09-18 14:57:25 DEBUG   [Thread-1 (stdin_reader)] it_asset_app: AD lookup: filled search textbox OK
2026-09-18 14:57:26 DEBUG   [Thread-1 (stdin_reader)] it_asset_app: AD lookup: clicked 'View Report' button OK
2026-09-18 14:57:26 DEBUG   [Thread-1 (stdin_reader)] it_asset_app: AD lookup: results table ready after 0.0s
2026-09-18 14:57:26 DEBUG   [Thread-1 (stdin_reader)] it_asset_app: AD lookup: extracted 1 row(s) via strategy='single-table'; tables seen on page: [{'headers': ['Search AD for MSID, EmployeeID, or Email Address (one entry per line)\t\n\t\n\t\n\t\t\n\n\n\n\n\t\t\n\t\t\t\tof\t\t1\t\t\n\t\t\n\t\n\t\nPage Width\nWhole Page\n500%\n200%\n150%\n100%\n75%\n50%\n25%\n10%\n\t\n\t\n\t\n\t\tFind\t\t\n\t\t|\t\tNext\t\t\n\n\n\t\t\t\t\t\t\t\n\t\t\n\t\n\t\t\t\nActive Directory Search (MS domain)\n\xa0\n(data is refreshed once every 24 hours) - data current as of: 9/17/2026 2:01:02 AM Central Time\n\t\n\t\n\t\nBookmark this URL (not the site it takes you to): https://goto.optum.com/ActiveDirectoryInfo\nFor additional options, bookmark this url (not the site it takes you to): https://goto.optum.com/ActiveDirectoryInfo2\n\t\n\t\n\t\t\n\t\t\t\t\t\t\t\t\t\t\t\t\t\t\t\t\t\t\n\nEnabled\n\t\nEmployeeID\n\t\nMSID\n\t\nEmployee Name\n\t\nCorporate Email Box\n\t\nuht-IdentityManagment-Mail\n\t\nUserPrincipalName\n\t\nEmployee Type\n\t\nAccountType\n\t\nPostal Code\n\t\nDepartment\n\t\nManager EmployeeID\n\t\nManager MSID\n\t\nManager Name\n\t\nManager Email\n\t\nBusiness Unit\n\t\nOperating Unit\n\t\nLocation\n\t\nDepartment\n\n\nTRUE\n\t\n002225893\n\t\nts29\n\t\nS, Thirumalai\n\t\nthirumalai.sivalingam@optum.com\n\t\nthirumalai.sivalingam@optum.com\n\t\nthirumalai.sivalingam@optum.com\n\t\nE\n\t\nP\n\t\nII032\n\t\nOI Operations\n\t\n001341886\n\t\nsganes23\n\t\nGanesan, Sathish Kumar\n\t\nGanesanS@Optum.com\n\t\n48210\n\t\n06290\n\t\nINDIN032\n\t\n804005'], 'rowCount': 1, 'matched': False}, {'headers': ['', 'Loading...\n\t\t\t\t\tCancel'], 'rowCount': 1, 'matched': False}, {'headers': ['', '', ''], 'rowCount': 5, 'matched': False}, {'headers': ['Search AD for MSID, EmployeeID, or Email Address (one entry per line)', '', ''], 'rowCount': 1, 'matched': False}, {'headers': ['', '', '', '', '', '', '', '', ''], 'rowCount': 2, 'matched': False}, {'headers': ['', ''], 'rowCount': 1, 'matched': False}, {'headers': ['', '', '', '', '', '', 'of', '', '1', '', '', '', ''], 'rowCount': 1, 'matched': False}, {'headers': [''], 'rowCount': 1, 'matched': False}, {'headers': [''], 'rowCount': 1, 'matched': False}, {'headers': [''], 'rowCount': 1, 'matched': False}, {'headers': [''], 'rowCount': 1, 'matched': False}, {'headers': [''], 'rowCount': 1, 'matched': False}, {'headers': [''], 'rowCount': 1, 'matched': False}, {'headers': [''], 'rowCount': 1, 'matched': False}, {'headers': [''], 'rowCount': 1, 'matched': False}, {'headers': [''], 'rowCount': 1, 'matched': False}, {'headers': [''], 'rowCount': 1, 'matched': False}, {'headers': [''], 'rowCount': 1, 'matched': False}, {'headers': ['Page Width\nWhole Page\n500%\n200%\n150%\n100%\n75%\n50%\n25%\n10%'], 'rowCount': 1, 'matched': False}, {'headers': ['Word\n\t\t\t\t\t\t\t\t\t\n\t\t\t\t\t\t\t\t\t\tExcel\n\t\t\t\t\t\t\t\t\t\n\t\t\t\t\t\t\t\t\t\tPowerPoint\n\t\t\t\t\t\t\t\t\t\n\t\t\t\t\t\t\t\t\t\tPDF\n\t\t\t\t\t\t\t\t\t\n\t\t\t\t\t\t\t\t\t\tTIFF file\n\t\t\t\t\t\t\t\t\t\n\t\t\t\t\t\t\t\t\t\tMHTML (web archive)\n\t\t\t\t\t\t\t\t\t\n\t\t\t\t\t\t\t\t\t\tCSV (comma delimited)\n\t\t\t\t\t\t\t\t\t\n\t\t\t\t\t\t\t\t\t\tXML file with report data\n\t\t\t\t\t\t\t\t\t\n\t\t\t\t\t\t\t\t\t\tData Feed'], 'rowCount': 1, 'matched': False}, {'headers': [''], 'rowCount': 1, 'matched': False}, {'headers': [''], 'rowCount': 1, 'matched': False}, {'headers': [''], 'rowCount': 1, 'matched': False}, {'headers': [''], 'rowCount': 1, 'matched': False}, {'headers': ['', '', 'Find', '', '', '', '|', '', 'Next', '', ''], 'rowCount': 1, 'matched': False}, {'headers': ['Active Directory Search (MS domain)\n\xa0\n(data is refreshed once every 24 hours) - data current as of: 9/17/2026 2:01:02 AM Central Time\n\t\n\t\n\t\nBookmark this URL (not the site it takes you to): https://goto.optum.com/ActiveDirectoryInfo\nFor additional options, bookmark this url (not the site it takes you to): https://goto.optum.com/ActiveDirectoryInfo2\n\t\n\t\n\t\t\n\t\t\t\t\t\t\t\t\t\t\t\t\t\t\t\t\t\t\n\nEnabled\n\t\nEmployeeID\n\t\nMSID\n\t\nEmployee Name\n\t\nCorporate Email Box\n\t\nuht-IdentityManagment-Mail\n\t\nUserPrincipalName\n\t\nEmployee Type\n\t\nAccountType\n\t\nPostal Code\n\t\nDepartment\n\t\nManager EmployeeID\n\t\nManager MSID\n\t\nManager Name\n\t\nManager Email\n\t\nBusiness Unit\n\t\nOperating Unit\n\t\nLocation\n\t\nDepartment\n\n\nTRUE\n\t\n002225893\n\t\nts29\n\t\nS, Thirumalai\n\t\nthirumalai.sivalingam@optum.com\n\t\nthirumalai.sivalingam@optum.com\n\t\nthirumalai.sivalingam@optum.com\n\t\nE\n\t\nP\n\t\nII032\n\t\nOI Operations\n\t\n001341886\n\t\nsganes23\n\t\nGanesan, Sathish Kumar\n\t\nGanesanS@Optum.com\n\t\n48210\n\t\n06290\n\t\nINDIN032\n\t\n804005'], 'rowCount': 1, 'matched': False}, {'headers': ['Active Directory Search (MS domain)\n\xa0\n(data is refreshed once every 24 hours) - data current as of: 9/17/2026 2:01:02 AM Central Time\n\t\n\t\n\t\nBookmark this URL (not the site it takes you to): https://goto.optum.com/ActiveDirectoryInfo\nFor additional options, bookmark this url (not the site it takes you to): https://goto.optum.com/ActiveDirectoryInfo2\n\t\n\t\n\t\t\n\t\t\t\t\t\t\t\t\t\t\t\t\t\t\t\t\t\t\n\nEnabled\n\t\nEmployeeID\n\t\nMSID\n\t\nEmployee Name\n\t\nCorporate Email Box\n\t\nuht-IdentityManagment-Mail\n\t\nUserPrincipalName\n\t\nEmployee Type\n\t\nAccountType\n\t\nPostal Code\n\t\nDepartment\n\t\nManager EmployeeID\n\t\nManager MSID\n\t\nManager Name\n\t\nManager Email\n\t\nBusiness Unit\n\t\nOperating Unit\n\t\nLocation\n\t\nDepartment\n\n\nTRUE\n\t\n002225893\n\t\nts29\n\t\nS, Thirumalai\n\t\nthirumalai.sivalingam@optum.com\n\t\nthirumalai.sivalingam@optum.com\n\t\nthirumalai.sivalingam@optum.com\n\t\nE\n\t\nP\n\t\nII032\n\t\nOI Operations\n\t\n001341886\n\t\nsganes23\n\t\nGanesan, Sathish Kumar\n\t\nGanesanS@Optum.com\n\t\n48210\n\t\n06290\n\t\nINDIN032\n\t\n804005'], 'rowCount': 2, 'matched': False}, {'headers': ['Active Directory Search (MS domain)\n\xa0\n(data is refreshed once every 24 hours) - data current as of: 9/17/2026 2:01:02 AM Central Time\n\t\n\t\n\t\nBookmark this URL (not the site it takes you to): https://goto.optum.com/ActiveDirectoryInfo\nFor additional options, bookmark this url (not the site it takes you to): https://goto.optum.com/ActiveDirectoryInfo2\n\t\n\t\n\t\t\n\t\t\t\t\t\t\t\t\t\t\t\t\t\t\t\t\t\t\n\nEnabled\n\t\nEmployeeID\n\t\nMSID\n\t\nEmployee Name\n\t\nCorporate Email Box\n\t\nuht-IdentityManagment-Mail\n\t\nUserPrincipalName\n\t\nEmployee Type\n\t\nAccountType\n\t\nPostal Code\n\t\nDepartment\n\t\nManager EmployeeID\n\t\nManager MSID\n\t\nManager Name\n\t\nManager Email\n\t\nBusiness Unit\n\t\nOperating Unit\n\t\nLocation\n\t\nDepartment\n\n\nTRUE\n\t\n002225893\n\t\nts29\n\t\nS, Thirumalai\n\t\nthirumalai.sivalingam@optum.com\n\t\nthirumalai.sivalingam@optum.com\n\t\nthirumalai.sivalingam@optum.com\n\t\nE\n\t\nP\n\t\nII032\n\t\nOI Operations\n\t\n001341886\n\t\nsganes23\n\t\nGanesan, Sathish Kumar\n\t\nGanesanS@Optum.com\n\t\n48210\n\t\n06290\n\t\nINDIN032\n\t\n804005'], 'rowCount': 1, 'matched': False}, {'headers': ['', '', '', '', '', '', '', ''], 'rowCount': 7, 'matched': False}, {'headers': ['Enabled', 'EmployeeID', 'MSID', 'Employee Name', 'Corporate Email Box', 'uht-IdentityManagment-Mail', 'UserPrincipalName', 'Employee Type', 'AccountType', 'Postal Code', 'Department', 'Manager EmployeeID', 'Manager MSID', 'Manager Name', 'Manager Email', 'Business Unit', 'Operating Unit', 'Location', 'Department'], 'rowCount': 1, 'matched': True}]
2026-09-18 14:57:26 DEBUG   [Thread-1 (stdin_reader)] it_asset_app: AD lookup: raw extracted rows: [{'Enabled': 'TRUE', 'EmployeeID': '002225893', 'MSID': 'ts29', 'Employee Name': 'S, Thirumalai', 'Corporate Email Box': 'thirumalai.sivalingam@optum.com', 'uht-IdentityManagment-Mail': 'thirumalai.sivalingam@optum.com', 'UserPrincipalName': 'thirumalai.sivalingam@optum.com', 'Employee Type': 'E', 'AccountType': 'P', 'Postal Code': 'II032', 'Department': 'OI Operations', 'Manager EmployeeID': '001341886', 'Manager MSID': 'sganes23', 'Manager Name': 'Ganesan, Sathish Kumar', 'Manager Email': 'GanesanS@Optum.com', 'Business Unit': '48210', 'Operating Unit': '06290', 'Location': 'INDIN032'}]
2026-09-18 14:57:26 DEBUG   [Thread-1 (stdin_reader)] it_asset_app: AD lookup: mapped fields from row: {'emp_name': 'S, Thirumalai', 'manager_name': 'Ganesan, Sathish Kumar', 'contact_number': '', 'department': 'OI Operations', 'email': 'thirumalai.sivalingam@optum.com', 'designation': 'E', 'msid': 'ts29', 'employee_id_confirmed': '002225893', 'manager_email': 'GanesanS@Optum.com', 'manager_msid': 'sganes23', 'manager_employee_id': '001341886', 'account_enabled': 'TRUE'}
2026-09-18 14:57:26 INFO    [Thread-1 (stdin_reader)] it_asset_app: AD lookup: SUCCESS for emp_id='900033339' - 1 candidate(s), emp_name='S, Thirumalai' manager_name='Ganesan, Sathish Kumar'
2026-09-18 14:57:26 INFO    [Thread-1 (stdin_reader)] it_asset_app: AD helper: sending 1 candidate(s) back for request_id='0d210dc3244e4cedb2a88eef05fbdd86'
2026-09-18 14:57:26 INFO    [Thread-1 (stdin_reader)] it_asset_app: AD helper: auto-hid lookup window after successful result (request_id='0d210dc3244e4cedb2a88eef05fbdd86')
2026-09-18 14:57:32 INFO    [Thread-1 (stdin_reader)] it_asset_app: AD helper: received lookup request_id='59be7953844a48c4ad79bba86c4af590' emp_id='900033339'
2026-09-18 14:57:32 INFO    [Thread-1 (stdin_reader)] it_asset_app: AD lookup: starting search for emp_id='900033339' (header_keyword='EmployeeID', name_column='Employee Name')
2026-09-18 14:57:32 DEBUG   [Thread-1 (stdin_reader)] it_asset_app: AD lookup: filled search textbox OK
2026-09-18 14:57:33 DEBUG   [Thread-1 (stdin_reader)] it_asset_app: AD lookup: clicked 'View Report' button OK
2026-09-18 14:57:33 DEBUG   [Thread-1 (stdin_reader)] it_asset_app: AD lookup: results table ready after 0.0s
2026-09-18 14:57:33 DEBUG   [Thread-1 (stdin_reader)] it_asset_app: AD lookup: extracted 1 row(s) via strategy='single-table'; tables seen on page: [{'headers': ['Search AD for MSID, EmployeeID, or Email Address (one entry per line)\t\n\t\n\t\n\t\t\n\n\n\n\n\t\t\n\t\t\t\tof\t\t1\t\t\n\t\t\n\t\n\t\nPage Width\nWhole Page\n500%\n200%\n150%\n100%\n75%\n50%\n25%\n10%\n\t\n\t\n\t\n\t\tFind\t\t\n\t\t|\t\tNext\t\t\n\n\n\t\t\t\t\t\t\t\n\t\t\n\t\n\t\t\t\nActive Directory Search (MS domain)\n\xa0\n(data is refreshed once every 24 hours) - data current as of: 9/17/2026 2:01:02 AM Central Time\n\t\n\t\n\t\nBookmark this URL (not the site it takes you to): https://goto.optum.com/ActiveDirectoryInfo\nFor additional options, bookmark this url (not the site it takes you to): https://goto.optum.com/ActiveDirectoryInfo2\n\t\n\t\n\t\t\n\t\t\t\t\t\t\t\t\t\t\t\t\t\t\t\t\t\t\n\nEnabled\n\t\nEmployeeID\n\t\nMSID\n\t\nEmployee Name\n\t\nCorporate Email Box\n\t\nuht-IdentityManagment-Mail\n\t\nUserPrincipalName\n\t\nEmployee Type\n\t\nAccountType\n\t\nPostal Code\n\t\nDepartment\n\t\nManager EmployeeID\n\t\nManager MSID\n\t\nManager Name\n\t\nManager Email\n\t\nBusiness Unit\n\t\nOperating Unit\n\t\nLocation\n\t\nDepartment\n\n\nTRUE\n\t\n900033339\n\t\nsshai268\n\t\nShaik, Sadiq H\n\t\nsadiq_shaik@optum.com\n\t\nsadiq_shaik@optum.com\n\t\nsadiq_shaik@optum.com\n\t\nE\n\t\nP\n\t\nII033\n\t\nOG Adv Bus Capability Grp 2\n\t\n900073830\n\t\nhchinraj\n\t\nChinraj, Hari\n\t\nhari_chinraj@optum.com\n\t\n10368\n\t\n06870\n\t\nINDIN033\n\t\n804076'], 'rowCount': 1, 'matched': False}, {'headers': ['', 'Loading...\n\t\t\t\t\tCancel'], 'rowCount': 1, 'matched': False}, {'headers': ['', '', ''], 'rowCount': 5, 'matched': False}, {'headers': ['Search AD for MSID, EmployeeID, or Email Address (one entry per line)', '', ''], 'rowCount': 1, 'matched': False}, {'headers': ['', '', '', '', '', '', '', '', ''], 'rowCount': 2, 'matched': False}, {'headers': ['', ''], 'rowCount': 1, 'matched': False}, {'headers': ['', '', '', '', '', '', 'of', '', '1', '', '', '', ''], 'rowCount': 1, 'matched': False}, {'headers': [''], 'rowCount': 1, 'matched': False}, {'headers': [''], 'rowCount': 1, 'matched': False}, {'headers': [''], 'rowCount': 1, 'matched': False}, {'headers': [''], 'rowCount': 1, 'matched': False}, {'headers': [''], 'rowCount': 1, 'matched': False}, {'headers': [''], 'rowCount': 1, 'matched': False}, {'headers': [''], 'rowCount': 1, 'matched': False}, {'headers': [''], 'rowCount': 1, 'matched': False}, {'headers': [''], 'rowCount': 1, 'matched': False}, {'headers': [''], 'rowCount': 1, 'matched': False}, {'headers': [''], 'rowCount': 1, 'matched': False}, {'headers': ['Page Width\nWhole Page\n500%\n200%\n150%\n100%\n75%\n50%\n25%\n10%'], 'rowCount': 1, 'matched': False}, {'headers': ['Word\n\t\t\t\t\t\t\t\t\t\n\t\t\t\t\t\t\t\t\t\tExcel\n\t\t\t\t\t\t\t\t\t\n\t\t\t\t\t\t\t\t\t\tPowerPoint\n\t\t\t\t\t\t\t\t\t\n\t\t\t\t\t\t\t\t\t\tPDF\n\t\t\t\t\t\t\t\t\t\n\t\t\t\t\t\t\t\t\t\tTIFF file\n\t\t\t\t\t\t\t\t\t\n\t\t\t\t\t\t\t\t\t\tMHTML (web archive)\n\t\t\t\t\t\t\t\t\t\n\t\t\t\t\t\t\t\t\t\tCSV (comma delimited)\n\t\t\t\t\t\t\t\t\t\n\t\t\t\t\t\t\t\t\t\tXML file with report data\n\t\t\t\t\t\t\t\t\t\n\t\t\t\t\t\t\t\t\t\tData Feed'], 'rowCount': 1, 'matched': False}, {'headers': [''], 'rowCount': 1, 'matched': False}, {'headers': [''], 'rowCount': 1, 'matched': False}, {'headers': [''], 'rowCount': 1, 'matched': False}, {'headers': [''], 'rowCount': 1, 'matched': False}, {'headers': ['', '', 'Find', '', '', '', '|', '', 'Next', '', ''], 'rowCount': 1, 'matched': False}, {'headers': ['Active Directory Search (MS domain)\n\xa0\n(data is refreshed once every 24 hours) - data current as of: 9/17/2026 2:01:02 AM Central Time\n\t\n\t\n\t\nBookmark this URL (not the site it takes you to): https://goto.optum.com/ActiveDirectoryInfo\nFor additional options, bookmark this url (not the site it takes you to): https://goto.optum.com/ActiveDirectoryInfo2\n\t\n\t\n\t\t\n\t\t\t\t\t\t\t\t\t\t\t\t\t\t\t\t\t\t\n\nEnabled\n\t\nEmployeeID\n\t\nMSID\n\t\nEmployee Name\n\t\nCorporate Email Box\n\t\nuht-IdentityManagment-Mail\n\t\nUserPrincipalName\n\t\nEmployee Type\n\t\nAccountType\n\t\nPostal Code\n\t\nDepartment\n\t\nManager EmployeeID\n\t\nManager MSID\n\t\nManager Name\n\t\nManager Email\n\t\nBusiness Unit\n\t\nOperating Unit\n\t\nLocation\n\t\nDepartment\n\n\nTRUE\n\t\n900033339\n\t\nsshai268\n\t\nShaik, Sadiq H\n\t\nsadiq_shaik@optum.com\n\t\nsadiq_shaik@optum.com\n\t\nsadiq_shaik@optum.com\n\t\nE\n\t\nP\n\t\nII033\n\t\nOG Adv Bus Capability Grp 2\n\t\n900073830\n\t\nhchinraj\n\t\nChinraj, Hari\n\t\nhari_chinraj@optum.com\n\t\n10368\n\t\n06870\n\t\nINDIN033\n\t\n804076'], 'rowCount': 1, 'matched': False}, {'headers': ['Active Directory Search (MS domain)\n\xa0\n(data is refreshed once every 24 hours) - data current as of: 9/17/2026 2:01:02 AM Central Time\n\t\n\t\n\t\nBookmark this URL (not the site it takes you to): https://goto.optum.com/ActiveDirectoryInfo\nFor additional options, bookmark this url (not the site it takes you to): https://goto.optum.com/ActiveDirectoryInfo2\n\t\n\t\n\t\t\n\t\t\t\t\t\t\t\t\t\t\t\t\t\t\t\t\t\t\n\nEnabled\n\t\nEmployeeID\n\t\nMSID\n\t\nEmployee Name\n\t\nCorporate Email Box\n\t\nuht-IdentityManagment-Mail\n\t\nUserPrincipalName\n\t\nEmployee Type\n\t\nAccountType\n\t\nPostal Code\n\t\nDepartment\n\t\nManager EmployeeID\n\t\nManager MSID\n\t\nManager Name\n\t\nManager Email\n\t\nBusiness Unit\n\t\nOperating Unit\n\t\nLocation\n\t\nDepartment\n\n\nTRUE\n\t\n900033339\n\t\nsshai268\n\t\nShaik, Sadiq H\n\t\nsadiq_shaik@optum.com\n\t\nsadiq_shaik@optum.com\n\t\nsadiq_shaik@optum.com\n\t\nE\n\t\nP\n\t\nII033\n\t\nOG Adv Bus Capability Grp 2\n\t\n900073830\n\t\nhchinraj\n\t\nChinraj, Hari\n\t\nhari_chinraj@optum.com\n\t\n10368\n\t\n06870\n\t\nINDIN033\n\t\n804076'], 'rowCount': 2, 'matched': False}, {'headers': ['Active Directory Search (MS domain)\n\xa0\n(data is refreshed once every 24 hours) - data current as of: 9/17/2026 2:01:02 AM Central Time\n\t\n\t\n\t\nBookmark this URL (not the site it takes you to): https://goto.optum.com/ActiveDirectoryInfo\nFor additional options, bookmark this url (not the site it takes you to): https://goto.optum.com/ActiveDirectoryInfo2\n\t\n\t\n\t\t\n\t\t\t\t\t\t\t\t\t\t\t\t\t\t\t\t\t\t\n\nEnabled\n\t\nEmployeeID\n\t\nMSID\n\t\nEmployee Name\n\t\nCorporate Email Box\n\t\nuht-IdentityManagment-Mail\n\t\nUserPrincipalName\n\t\nEmployee Type\n\t\nAccountType\n\t\nPostal Code\n\t\nDepartment\n\t\nManager EmployeeID\n\t\nManager MSID\n\t\nManager Name\n\t\nManager Email\n\t\nBusiness Unit\n\t\nOperating Unit\n\t\nLocation\n\t\nDepartment\n\n\nTRUE\n\t\n900033339\n\t\nsshai268\n\t\nShaik, Sadiq H\n\t\nsadiq_shaik@optum.com\n\t\nsadiq_shaik@optum.com\n\t\nsadiq_shaik@optum.com\n\t\nE\n\t\nP\n\t\nII033\n\t\nOG Adv Bus Capability Grp 2\n\t\n900073830\n\t\nhchinraj\n\t\nChinraj, Hari\n\t\nhari_chinraj@optum.com\n\t\n10368\n\t\n06870\n\t\nINDIN033\n\t\n804076'], 'rowCount': 1, 'matched': False}, {'headers': ['', '', '', '', '', '', '', ''], 'rowCount': 7, 'matched': False}, {'headers': ['Enabled', 'EmployeeID', 'MSID', 'Employee Name', 'Corporate Email Box', 'uht-IdentityManagment-Mail', 'UserPrincipalName', 'Employee Type', 'AccountType', 'Postal Code', 'Department', 'Manager EmployeeID', 'Manager MSID', 'Manager Name', 'Manager Email', 'Business Unit', 'Operating Unit', 'Location', 'Department'], 'rowCount': 1, 'matched': True}]
2026-09-18 14:57:33 DEBUG   [Thread-1 (stdin_reader)] it_asset_app: AD lookup: raw extracted rows: [{'Enabled': 'TRUE', 'EmployeeID': '900033339', 'MSID': 'sshai268', 'Employee Name': 'Shaik, Sadiq H', 'Corporate Email Box': 'sadiq_shaik@optum.com', 'uht-IdentityManagment-Mail': 'sadiq_shaik@optum.com', 'UserPrincipalName': 'sadiq_shaik@optum.com', 'Employee Type': 'E', 'AccountType': 'P', 'Postal Code': 'II033', 'Department': 'OG Adv Bus Capability Grp 2', 'Manager EmployeeID': '900073830', 'Manager MSID': 'hchinraj', 'Manager Name': 'Chinraj, Hari', 'Manager Email': 'hari_chinraj@optum.com', 'Business Unit': '10368', 'Operating Unit': '06870', 'Location': 'INDIN033'}]
2026-09-18 14:57:33 DEBUG   [Thread-1 (stdin_reader)] it_asset_app: AD lookup: mapped fields from row: {'emp_name': 'Shaik, Sadiq H', 'manager_name': 'Chinraj, Hari', 'contact_number': '', 'department': 'OG Adv Bus Capability Grp 2', 'email': 'sadiq_shaik@optum.com', 'designation': 'E', 'msid': 'sshai268', 'employee_id_confirmed': '900033339', 'manager_email': 'hari_chinraj@optum.com', 'manager_msid': 'hchinraj', 'manager_employee_id': '900073830', 'account_enabled': 'TRUE'}
2026-09-18 14:57:33 INFO    [Thread-1 (stdin_reader)] it_asset_app: AD lookup: SUCCESS for emp_id='900033339' - 1 candidate(s), emp_name='Shaik, Sadiq H' manager_name='Chinraj, Hari'
2026-09-18 14:57:33 INFO    [Thread-1 (stdin_reader)] it_asset_app: AD helper: sending 1 candidate(s) back for request_id='59be7953844a48c4ad79bba86c4af590'
2026-09-18 14:57:33 INFO    [Thread-1 (stdin_reader)] it_asset_app: AD helper: auto-hid lookup window after successful result (request_id='59be7953844a48c4ad79bba86c4af590')
2026-09-18 14:58:51 INFO    [MainThread] it_asset_app: SignatureService.capture: use_topaz_pad=True, title='Employee: sign here'
2026-09-18 14:58:51 INFO    [MainThread] it_asset_app: Topaz: capture() starting
2026-09-18 14:58:51 DEBUG   [Thread-11 (worker)] it_asset_app: Topaz: ProgID 'TOPAZSIGPLUS.SigPlusCtrl.1' failed: (-2147221005, 'Invalid class string', None, None)
2026-09-18 14:58:51 INFO    [Thread-11 (worker)] it_asset_app: Topaz: connected via ProgID 'SigPlus.SigPlusCtrl.1'
2026-09-18 14:58:51 DEBUG   [Thread-11 (worker)] it_asset_app: Topaz: control exposes: ['AboutBox', 'AddSerialByte', 'Annotate', 'AsciiDataMode', 'AutoKeyAddData', 'AutoKeyData', 'AutoKeyFinish', 'AutoKeyStart', 'AutoTimeStamp', 'BackColor', 'BackgroundHandle', 'BitMapBufferByte', 'BitMapBufferClose', 'BitMapBufferSize', 'BitMapBufferWrite', 'BitmapHandle', 'Buffer', 'ByteIndex', 'ClearSigWindow', 'ClearTablet', 'CmdCount', 'CmdData', 'CmdString', 'CoordToUse', 'Coords', 'Data', 'Dest', 'DisableMessageBoxes', 'DisableTabletCapture', 'DisplayAnnotate', 'DisplayAnnotatePosX', 'DisplayAnnotatePosY', 'DisplayAnnotateSize', 'DisplayMode', 'DisplayPenWidth', 'DisplayRotate', 'DisplayRotateSave', 'DisplayTimeStamp', 'DisplayTimeStampPosX', 'DisplayTimeStampPosY', 'DisplayTimeStampSize', 'DisplayWindowRes', 'Enable', 'EnableTabletCapture', 'EnableTabletEncryption', 'EncryptionMode', 'EventMask', 'ExportSigFile', 'FaceName', 'Factor', 'FileName', 'FinalFactor', 'FitToWindow', 'ForeColor', 'Format', 'GetBadPointCounter', 'GetBitmapBufferBytes', 'GetEventEnableMask', 'GetImageScreenResolution', 'GetKey', 'GetKeyReceipt', 'GetKeyReceiptAscii', 'GetLCDSize', 'GetLCDStringSize', 'GetNumPointsForStroke', 'GetNumberOfAttachedTablets', 'GetNumberOfHotSpotPoints', 'GetNumberOfStrokes', 'GetOposPointArray', 'GetOposTotalPoints', 'GetPointPValue', 'GetPointTValue', 'GetPointXValue', 'GetPointYValue', 'GetSavePressureData', 'GetSaveTimeData', 'GetSerialNumberToUse', 'GetSigData', 'GetSigPlusVersionString', 'GetSigReceipt', 'GetSigReceiptAscii', 'GetTabletModelNumber', 'GetTabletPortPath', 'GetTabletSerialNumber', 'GetTrackGemField', 'GreyGain', 'GreyOffset', 'Height', 'HexString', 'HighlightPoint', 'HighlightStroke', 'HostMode', 'IPAddress', 'ImageAnnotate', 'ImageAnnotatePosX', 'ImageAnnotatePosY', 'ImageAnnotateSize', 'ImageFileFormat', 'ImageFileName', 'ImagePenWidth', 'ImageTimeStamp', 'ImageTimeStampPosX', 'ImageTimeStampPosY', 'ImageTimeStampSize', 'ImageXSize', 'ImageYSize', 'ImportSigFile', 'Index', 'InitSigPlus', 'Inside', 'Italic', 'JustifyMode', 'JustifyX', 'JustifyY', 'KeyCode', 'KeyData', 'KeyPadAddHotSpot', 'KeyPadClearHotSpotList', 'KeyPadEnableTapOnly', 'KeyPadQueryHotSpot', 'KeyString', 'LCDCaptureMode', 'LCDCompEnable', 'LCDCompFast', 'LCDCompMode', 'LCDCompSlow', 'LCDCreateImage', 'LCDPlayVideo', 'LCDRefresh', 'LCDSendCmdString', 'LCDSendCommandData', 'LCDSendImage', 'LCDSetFont', 'LCDSetTabletMap', 'LCDSetWindow', 'LCDStopVideo', 'LCDTiffAdd', 'LCDTiffStart', 'LCDTiffWrite', 'LCDType', 'LCDWriteBitmap', 'LCDWriteFile', 'LCDWriteString', 'LCDWriteStringToImage', 'LCDWriteWindowedBitmap', 'LCDXSize', 'LCDXStart', 'LCDXStop', 'LCDYSize', 'LCDYStart', 'LCDYStop', 'LCDZCompMode', 'LineScale', 'LoadTrackGemSig', 'LogEnable', 'LogFilePath', 'MapPoints', 'Message', 'Mode', 'NewPath', 'NewPixelDepth', 'NewPortPath', 'NewValue', 'NumberOfTabletPoints', 'Offset', 'OpaqueMode', 'Param', 'PitchAndFamily', 'PointArray', 'PointIdx', 'PointNumber', 'PortNumber', 'ReplayMode', 'RetryCount', 'ReturnCount', 'SaveSigInfo', 'SerialByte', 'SetAntiAliasEnable', 'SetAntiAliasParameters', 'SetBackground', 'SetBackgroundHandle', 'SetDisplayAnnotateData', 'SetDisplayTimeStampData', 'SetDynamicPressure', 'SetEnableColor', 'SetEventEnableMask', 'SetGreyScaleParams', 'SetIPAddress', 'SetImageAnnotateData', 'SetImageScreenResolution', 'SetImageTimeStampData', 'SetKey', 'SetLCDCompression', 'SetLCDCompressionParameters', 'SetLCDPixelDepth', 'SetLCDRetryCount', 'SetLCDTransferDelay', 'SetLCDTransferSize', 'SetLCDType', 'SetLocalIniFilePath', 'SetLogEnable', 'SetLogFilePath', 'SetMultiUsbEnable', 'SetPressureMap', 'SetPressureMapPoints', 'SetSavePressureData', 'SetSaveTimeData', 'SetSerialNumberToUse', 'SetSigData', 'SetSigSocketPort', 'SetSigWindow', 'SetSpecialCloseDelay', 'SetTabletEncryptionModes', 'SetTabletPortPath', 'SetTranslateBitmapEnable', 'SetUseSHA2Hash', 'SetWMFTempPath', 'SigCompressionMode', 'SigData', 'SigMessage', 'SigSetFont', 'SigString', 'Size', 'SpotSize', 'State', 'Str', 'StrokeIdx', 'StrokeNumber', 'TabletBaudRate', 'TabletClippingMode', 'TabletComPort', 'TabletComTest', 'TabletConnectQuery', 'TabletFilterPoints', 'TabletGraphic', 'TabletGraphicFile', 'TabletIndex', 'TabletInvisible', 'TabletLCDMode', 'TabletLogicalXSize', 'TabletLogicalYSize', 'TabletMode', 'TabletModelNumber', 'TabletResolution', 'TabletRotation', 'TabletSerialNumber', 'TabletState', 'TabletText', 'TabletTextFile', 'TabletTimer', 'TabletTimingAdvance', 'TabletType', 'TabletXStart', 'TabletXStop', 'TabletYStart', 'TabletYStop', 'TestFunction', 'TimeOut', 'TimeStamp', 'TransferDelay', 'TransferSize', 'Underline', 'Value', 'Velocity0', 'VelocityRange', 'VideoNumber', 'Weight', 'Width', 'WriteImageFile', 'X', 'XPos', 'XSize', 'Y', 'YPos', 'YSize', 'ZoomPower', 'ZoomX', 'ZoomY']
2026-09-18 14:58:51 DEBUG   [Thread-11 (worker)] it_asset_app: Topaz: arming the pad (hwnd=528592)
2026-09-18 14:58:51 DEBUG   [Thread-11 (worker)] it_asset_app: Topaz: tablet state set to 1 via TabletState property
2026-09-18 14:58:51 INFO    [Thread-11 (worker)] it_asset_app: Topaz: pad armed OK
2026-09-18 14:59:04 INFO    [Thread-11 (worker)] it_asset_app: Topaz: NumberOfTabletPoints=397 after Accept
2026-09-18 14:59:04 DEBUG   [Thread-11 (worker)] it_asset_app: Topaz: SigImageB64 not available (SigPlus.SigPlusCtrl.1.SigImageB64)
2026-09-18 14:59:04 DEBUG   [Thread-11 (worker)] it_asset_app: Topaz: image property ImageFileName not settable (Property 'SigPlus.SigPlusCtrl.1.ImageFileName' can not be set.)
2026-09-18 14:59:04 INFO    [Thread-11 (worker)] it_asset_app: Topaz: WriteImageFile(path, fmt, x, y, pen) failed (WriteImageFile() takes from 1 to 2 positional arguments but 6 were given)
2026-09-18 14:59:04 INFO    [Thread-11 (worker)] it_asset_app: Topaz: WriteImageFile(path, fmt) failed (WriteImageFile() takes from 1 to 2 positional arguments but 3 were given)
2026-09-18 14:59:04 INFO    [Thread-11 (worker)] it_asset_app: Topaz: wrote signature bitmap via WriteImageFile(path)
2026-09-18 14:59:04 DEBUG   [Thread-11 (worker)] it_asset_app: Topaz: tablet state set to 0 via TabletState property
2026-09-18 14:59:04 DEBUG   [Thread-11 (worker)] it_asset_app: Topaz: pad disarmed OK
2026-09-18 14:59:04 INFO    [MainThread] it_asset_app: Topaz: capture SUCCESS, saved to C:\Users\srajaamu\AppData\Local\Temp\sig_topaz_f1f1bf1daf40482b963318624ea9acd3.png
2026-09-18 14:59:04 INFO    [MainThread] it_asset_app: SignatureService.capture: Topaz path returned 'C:\\Users\\srajaamu\\AppData\\Local\\Temp\\sig_topaz_f1f1bf1daf40482b963318624ea9acd3.png'
2026-09-18 14:59:05 INFO    [MainThread] it_asset_app: SignatureService.capture: use_topaz_pad=True, title='Asset Receiver: sign here'
2026-09-18 14:59:05 INFO    [MainThread] it_asset_app: Topaz: capture() starting
2026-09-18 14:59:05 DEBUG   [Thread-12 (worker)] it_asset_app: Topaz: ProgID 'TOPAZSIGPLUS.SigPlusCtrl.1' failed: (-2147221005, 'Invalid class string', None, None)
2026-09-18 14:59:05 INFO    [Thread-12 (worker)] it_asset_app: Topaz: connected via ProgID 'SigPlus.SigPlusCtrl.1'
2026-09-18 14:59:05 DEBUG   [Thread-12 (worker)] it_asset_app: Topaz: control exposes: ['AboutBox', 'AddSerialByte', 'Annotate', 'AsciiDataMode', 'AutoKeyAddData', 'AutoKeyData', 'AutoKeyFinish', 'AutoKeyStart', 'AutoTimeStamp', 'BackColor', 'BackgroundHandle', 'BitMapBufferByte', 'BitMapBufferClose', 'BitMapBufferSize', 'BitMapBufferWrite', 'BitmapHandle', 'Buffer', 'ByteIndex', 'ClearSigWindow', 'ClearTablet', 'CmdCount', 'CmdData', 'CmdString', 'CoordToUse', 'Coords', 'Data', 'Dest', 'DisableMessageBoxes', 'DisableTabletCapture', 'DisplayAnnotate', 'DisplayAnnotatePosX', 'DisplayAnnotatePosY', 'DisplayAnnotateSize', 'DisplayMode', 'DisplayPenWidth', 'DisplayRotate', 'DisplayRotateSave', 'DisplayTimeStamp', 'DisplayTimeStampPosX', 'DisplayTimeStampPosY', 'DisplayTimeStampSize', 'DisplayWindowRes', 'Enable', 'EnableTabletCapture', 'EnableTabletEncryption', 'EncryptionMode', 'EventMask', 'ExportSigFile', 'FaceName', 'Factor', 'FileName', 'FinalFactor', 'FitToWindow', 'ForeColor', 'Format', 'GetBadPointCounter', 'GetBitmapBufferBytes', 'GetEventEnableMask', 'GetImageScreenResolution', 'GetKey', 'GetKeyReceipt', 'GetKeyReceiptAscii', 'GetLCDSize', 'GetLCDStringSize', 'GetNumPointsForStroke', 'GetNumberOfAttachedTablets', 'GetNumberOfHotSpotPoints', 'GetNumberOfStrokes', 'GetOposPointArray', 'GetOposTotalPoints', 'GetPointPValue', 'GetPointTValue', 'GetPointXValue', 'GetPointYValue', 'GetSavePressureData', 'GetSaveTimeData', 'GetSerialNumberToUse', 'GetSigData', 'GetSigPlusVersionString', 'GetSigReceipt', 'GetSigReceiptAscii', 'GetTabletModelNumber', 'GetTabletPortPath', 'GetTabletSerialNumber', 'GetTrackGemField', 'GreyGain', 'GreyOffset', 'Height', 'HexString', 'HighlightPoint', 'HighlightStroke', 'HostMode', 'IPAddress', 'ImageAnnotate', 'ImageAnnotatePosX', 'ImageAnnotatePosY', 'ImageAnnotateSize', 'ImageFileFormat', 'ImageFileName', 'ImagePenWidth', 'ImageTimeStamp', 'ImageTimeStampPosX', 'ImageTimeStampPosY', 'ImageTimeStampSize', 'ImageXSize', 'ImageYSize', 'ImportSigFile', 'Index', 'InitSigPlus', 'Inside', 'Italic', 'JustifyMode', 'JustifyX', 'JustifyY', 'KeyCode', 'KeyData', 'KeyPadAddHotSpot', 'KeyPadClearHotSpotList', 'KeyPadEnableTapOnly', 'KeyPadQueryHotSpot', 'KeyString', 'LCDCaptureMode', 'LCDCompEnable', 'LCDCompFast', 'LCDCompMode', 'LCDCompSlow', 'LCDCreateImage', 'LCDPlayVideo', 'LCDRefresh', 'LCDSendCmdString', 'LCDSendCommandData', 'LCDSendImage', 'LCDSetFont', 'LCDSetTabletMap', 'LCDSetWindow', 'LCDStopVideo', 'LCDTiffAdd', 'LCDTiffStart', 'LCDTiffWrite', 'LCDType', 'LCDWriteBitmap', 'LCDWriteFile', 'LCDWriteString', 'LCDWriteStringToImage', 'LCDWriteWindowedBitmap', 'LCDXSize', 'LCDXStart', 'LCDXStop', 'LCDYSize', 'LCDYStart', 'LCDYStop', 'LCDZCompMode', 'LineScale', 'LoadTrackGemSig', 'LogEnable', 'LogFilePath', 'MapPoints', 'Message', 'Mode', 'NewPath', 'NewPixelDepth', 'NewPortPath', 'NewValue', 'NumberOfTabletPoints', 'Offset', 'OpaqueMode', 'Param', 'PitchAndFamily', 'PointArray', 'PointIdx', 'PointNumber', 'PortNumber', 'ReplayMode', 'RetryCount', 'ReturnCount', 'SaveSigInfo', 'SerialByte', 'SetAntiAliasEnable', 'SetAntiAliasParameters', 'SetBackground', 'SetBackgroundHandle', 'SetDisplayAnnotateData', 'SetDisplayTimeStampData', 'SetDynamicPressure', 'SetEnableColor', 'SetEventEnableMask', 'SetGreyScaleParams', 'SetIPAddress', 'SetImageAnnotateData', 'SetImageScreenResolution', 'SetImageTimeStampData', 'SetKey', 'SetLCDCompression', 'SetLCDCompressionParameters', 'SetLCDPixelDepth', 'SetLCDRetryCount', 'SetLCDTransferDelay', 'SetLCDTransferSize', 'SetLCDType', 'SetLocalIniFilePath', 'SetLogEnable', 'SetLogFilePath', 'SetMultiUsbEnable', 'SetPressureMap', 'SetPressureMapPoints', 'SetSavePressureData', 'SetSaveTimeData', 'SetSerialNumberToUse', 'SetSigData', 'SetSigSocketPort', 'SetSigWindow', 'SetSpecialCloseDelay', 'SetTabletEncryptionModes', 'SetTabletPortPath', 'SetTranslateBitmapEnable', 'SetUseSHA2Hash', 'SetWMFTempPath', 'SigCompressionMode', 'SigData', 'SigMessage', 'SigSetFont', 'SigString', 'Size', 'SpotSize', 'State', 'Str', 'StrokeIdx', 'StrokeNumber', 'TabletBaudRate', 'TabletClippingMode', 'TabletComPort', 'TabletComTest', 'TabletConnectQuery', 'TabletFilterPoints', 'TabletGraphic', 'TabletGraphicFile', 'TabletIndex', 'TabletInvisible', 'TabletLCDMode', 'TabletLogicalXSize', 'TabletLogicalYSize', 'TabletMode', 'TabletModelNumber', 'TabletResolution', 'TabletRotation', 'TabletSerialNumber', 'TabletState', 'TabletText', 'TabletTextFile', 'TabletTimer', 'TabletTimingAdvance', 'TabletType', 'TabletXStart', 'TabletXStop', 'TabletYStart', 'TabletYStop', 'TestFunction', 'TimeOut', 'TimeStamp', 'TransferDelay', 'TransferSize', 'Underline', 'Value', 'Velocity0', 'VelocityRange', 'VideoNumber', 'Weight', 'Width', 'WriteImageFile', 'X', 'XPos', 'XSize', 'Y', 'YPos', 'YSize', 'ZoomPower', 'ZoomX', 'ZoomY']
2026-09-18 14:59:05 DEBUG   [Thread-12 (worker)] it_asset_app: Topaz: arming the pad (hwnd=528592)
2026-09-18 14:59:05 DEBUG   [Thread-12 (worker)] it_asset_app: Topaz: tablet state set to 1 via TabletState property
2026-09-18 14:59:05 INFO    [Thread-12 (worker)] it_asset_app: Topaz: pad armed OK
2026-09-18 14:59:19 INFO    [Thread-12 (worker)] it_asset_app: Topaz: NumberOfTabletPoints=223 after Accept
2026-09-18 14:59:19 DEBUG   [Thread-12 (worker)] it_asset_app: Topaz: SigImageB64 not available (SigPlus.SigPlusCtrl.1.SigImageB64)
2026-09-18 14:59:19 DEBUG   [Thread-12 (worker)] it_asset_app: Topaz: image property ImageFileName not settable (Property 'SigPlus.SigPlusCtrl.1.ImageFileName' can not be set.)
2026-09-18 14:59:19 INFO    [Thread-12 (worker)] it_asset_app: Topaz: WriteImageFile(path, fmt, x, y, pen) failed (WriteImageFile() takes from 1 to 2 positional arguments but 6 were given)
2026-09-18 14:59:19 INFO    [Thread-12 (worker)] it_asset_app: Topaz: WriteImageFile(path, fmt) failed (WriteImageFile() takes from 1 to 2 positional arguments but 3 were given)
2026-09-18 14:59:19 INFO    [Thread-12 (worker)] it_asset_app: Topaz: wrote signature bitmap via WriteImageFile(path)
2026-09-18 14:59:19 DEBUG   [Thread-12 (worker)] it_asset_app: Topaz: tablet state set to 0 via TabletState property
2026-09-18 14:59:19 DEBUG   [Thread-12 (worker)] it_asset_app: Topaz: pad disarmed OK
2026-09-18 14:59:19 INFO    [MainThread] it_asset_app: Topaz: capture SUCCESS, saved to C:\Users\srajaamu\AppData\Local\Temp\sig_topaz_311df84f7b9d49839950756c6d4b69e2.png
2026-09-18 14:59:19 INFO    [MainThread] it_asset_app: SignatureService.capture: Topaz path returned 'C:\\Users\\srajaamu\\AppData\\Local\\Temp\\sig_topaz_311df84f7b9d49839950756c6d4b69e2.png'
2026-09-18 14:59:23 INFO    [MainThread] it_asset_app: Generate clicked: emp_id='900033339' bu='Embassy_ii033' submission_type='Mixed Build'
2026-09-18 14:59:24 INFO    [MainThread] it_asset_app: fill_docx: starting for 'C:\\Users\\srajaamu\\OneDrive - UHG\\Topaz_automation\\WorkFlow_Topaz\\bu_templates\\3a1864d284\\fillable.docx' -> 'C:\\Users\\srajaamu\\AppData\\Local\\Temp\\itasset_88t3vl64\\filled.docx' (fields=10, checked_tags=['Charger', 'MixedBuild'], signatures={'EmployeeSignature': True, 'AssetReceiverSignature': True})
2026-09-18 14:59:24 INFO    [MainThread] it_asset_app: fill_docx: SUCCESS -> 'C:\\Users\\srajaamu\\AppData\\Local\\Temp\\itasset_88t3vl64\\filled.docx'
2026-09-18 14:59:24 INFO    [MainThread] it_asset_app: Word export: starting for 'C:\\Users\\srajaamu\\AppData\\Local\\Temp\\itasset_88t3vl64\\filled.docx' -> 'C:\\Users\\srajaamu\\AppData\\Local\\Temp\\itasset_88t3vl64\\unsigned.pdf'
2026-09-18 14:59:24 DEBUG   [MainThread] it_asset_app: Word export: launching Word.Application (DispatchEx)
2026-09-18 14:59:26 DEBUG   [MainThread] it_asset_app: Word export: opening 'C:\\Users\\srajaamu\\AppData\\Local\\Temp\\itasset_88t3vl64\\filled.docx'
2026-09-18 14:59:27 DEBUG   [MainThread] it_asset_app: Word export: saving as PDF -> 'C:\\Users\\srajaamu\\AppData\\Local\\Temp\\itasset_88t3vl64\\unsigned.pdf'
2026-09-18 14:59:28 INFO    [MainThread] it_asset_app: Word export: SUCCESS -> 'C:\\Users\\srajaamu\\AppData\\Local\\Temp\\itasset_88t3vl64\\unsigned.pdf' (3.8s)
2026-09-18 14:59:32 INFO    [MainThread] it_asset_app: Signed-on caption: stamped 2 box(es) on 'C:\\Users\\srajaamu\\AppData\\Local\\Temp\\itasset_88t3vl64\\unsigned.pdf'
2026-09-18 14:59:32 DEBUG   [MainThread] it_asset_app: PDF metadata: wrote 11 field(s) into 'C:\\Users\\srajaamu\\AppData\\Local\\Temp\\itasset_88t3vl64\\unsigned.pdf'
2026-09-18 14:59:32 INFO    [MainThread] it_asset_app: Signing: starting for 'C:\\Users\\srajaamu\\AppData\\Local\\Temp\\itasset_88t3vl64\\unsigned.pdf' -> 'Z:/Topaz_auto\\Mixed_Build\\18-Sep-2026\\Sriram\\900033339_MixedBuild_20260918_145923.pdf' (2 signature field(s): ['EmployeeSignature', 'AssetReceiverSignature'])
2026-09-18 14:59:33 DEBUG   [MainThread] it_asset_app: Signing: detected 2 on-page signature box(es)
2026-09-18 14:59:33 DEBUG   [MainThread] it_asset_app: Signing: applied field 'EmployeeSignature' (box=(291.85, 286.58, 433.45000000000005, 333.78)) -> 'Z:/Topaz_auto\\Mixed_Build\\18-Sep-2026\\Sriram\\900033339_MixedBuild_20260918_145923.pdf.step0.pdf'
2026-09-18 14:59:34 DEBUG   [MainThread] it_asset_app: Signing: applied field 'AssetReceiverSignature' (box=(291.85, 238.88, 433.45000000000005, 286.08)) -> 'Z:/Topaz_auto\\Mixed_Build\\18-Sep-2026\\Sriram\\900033339_MixedBuild_20260918_145923.pdf'
2026-09-18 14:59:34 INFO    [MainThread] it_asset_app: Signing: SUCCESS -> 'Z:/Topaz_auto\\Mixed_Build\\18-Sep-2026\\Sriram\\900033339_MixedBuild_20260918_145923.pdf' (1.7s)
2026-09-18 14:59:34 INFO    [MainThread] it_asset_app: Generate SUCCESS for emp_id='900033339' -> Z:/Topaz_auto\Mixed_Build\18-Sep-2026\Sriram\900033339_MixedBuild_20260918_145923.pdf
2026-09-18 15:01:02 INFO    [MainThread] it_asset_app: WizardApp: closing (user closed the window)
2026-09-18 15:01:03 INFO    [MainThread] it_asset_app: WizardApp: closed
2026-09-22 17:48:15 INFO    [MainThread] it_asset_app: ======================================================================
2026-09-22 17:48:15 INFO    [MainThread] it_asset_app: App starting - log file: C:\Users\srajaamu\OneDrive - UHG\Topaz_automation\WorkFlow_Topaz\logs\application.log
2026-09-22 17:48:15 INFO    [MainThread] it_asset_app: Python: 3.14.7 | frozen: False
2026-09-22 17:48:15 INFO    [MainThread] it_asset_app: WizardApp: starting up. ad_lookup_mode='ssrs_report' use_topaz_pad=True bu_templates_folder='bu_templates' root_save_folder='Z:/Topaz_auto' operator_name='Sriram'
2026-09-22 17:48:15 INFO    [MainThread] it_asset_app: WizardApp: GUI ready
2026-09-22 17:48:15 INFO    [Thread-2 (worker)] it_asset_app: SSRS asset report: downloading (force=False) -> 'C:\\Users\\srajaamu\\OneDrive - UHG\\Topaz_automation\\WorkFlow_Topaz\\cache\\ssrs_asset_report.xlsx'
2026-09-22 17:48:15 INFO    [Thread-1 (start)] it_asset_app: AD helper: launched new subprocess (pid=21236): ['C:\\Program Files\\Python314\\python.exe', 'C:\\Users\\srajaamu\\OneDrive - UHG\\Topaz_automation\\WorkFlow_Topaz\\app.py', '--webview-helper']
2026-09-22 17:48:15 INFO    [MainThread] it_asset_app: Startup health check: [('Microsoft Word', True, ''), ('Signing Certificate', True, ''), ('SSRS Asset Report', False, 'Stale'), ('Save Folder', True, 'Z:/Topaz_auto'), ('BU Templates', True, '5 loaded')]
2026-09-22 17:48:16 INFO    [MainThread] it_asset_app: ======================================================================
2026-09-22 17:48:16 INFO    [MainThread] it_asset_app: App starting - log file: C:\Users\srajaamu\OneDrive - UHG\Topaz_automation\WorkFlow_Topaz\logs\application.log
2026-09-22 17:48:16 INFO    [MainThread] it_asset_app: Python: 3.14.7 | frozen: False
2026-09-22 17:48:16 INFO    [MainThread] it_asset_app: AD helper: subprocess started (pid=21236)
2026-09-22 17:48:45 INFO    [Thread-4 (worker)] it_asset_app: SSRS asset report: downloading (force=True) -> 'C:\\Users\\srajaamu\\OneDrive - UHG\\Topaz_automation\\WorkFlow_Topaz\\cache\\ssrs_asset_report.xlsx'
2026-09-22 17:49:17 INFO    [MainThread] it_asset_app: SSRS asset report: status='Available' records=1739 error=''
2026-09-22 17:49:36 INFO    [Thread-5 (worker)] it_asset_app: AD helper: launched new subprocess (pid=2748): ['C:\\Program Files\\Python314\\python.exe', 'C:\\Users\\srajaamu\\OneDrive - UHG\\Topaz_automation\\WorkFlow_Topaz\\app.py', '--webview-helper']
2026-09-22 17:49:37 INFO    [MainThread] it_asset_app: ======================================================================
2026-09-22 17:49:37 INFO    [MainThread] it_asset_app: App starting - log file: C:\Users\srajaamu\OneDrive - UHG\Topaz_automation\WorkFlow_Topaz\logs\application.log
2026-09-22 17:49:37 INFO    [MainThread] it_asset_app: Python: 3.14.7 | frozen: False
2026-09-22 17:49:37 INFO    [MainThread] it_asset_app: AD helper: subprocess started (pid=2748)
2026-09-22 17:49:37 INFO    [Thread-1 (stdin_reader)] it_asset_app: AD helper: received lookup request_id='cab287db45584fee943b4da81be0a84d' emp_id='001858262'
2026-09-22 17:49:43 INFO    [Thread-1 (stdin_reader)] it_asset_app: AD lookup: starting search for emp_id='001858262' (header_keyword='EmployeeID', name_column='Employee Name')
2026-09-22 17:49:43 DEBUG   [Thread-1 (stdin_reader)] it_asset_app: AD lookup: filled search textbox OK
2026-09-22 17:49:44 DEBUG   [Thread-1 (stdin_reader)] it_asset_app: AD lookup: clicked 'View Report' button OK
2026-09-22 17:49:51 DEBUG   [Thread-1 (stdin_reader)] it_asset_app: AD lookup: results table ready after 7.7s
2026-09-22 17:49:51 DEBUG   [Thread-1 (stdin_reader)] it_asset_app: AD lookup: extracted 2 row(s) via strategy='single-table'; tables seen on page: [{'headers': ['Loading...\nCancel\n\n\n\xa0\t\t\t\xa0\t\t\t\xa0\t\t\n\t\t\t\t\t\tSearch AD for MSID, EmployeeID, or Email Address (one entry per line)\t\n\t\n\t\n\t\t\n\n\n\n\n\t\t\n\t\t\t\tof\t\t0\t\t\n\t\t\n\t\n\t\nPage Width\nWhole Page\n500%\n200%\n150%\n100%\n75%\n50%\n25%\n10%\n\t\n\t\n\t\n\t\tFind\t\t\n\t\t|\t\tNext'], 'rowCount': 1, 'matched': False}, {'headers': ['', 'Loading...\nCancel'], 'rowCount': 1, 'matched': False}, {'headers': ['', '', ''], 'rowCount': 5, 'matched': False}, {'headers': ['Search AD for MSID, EmployeeID, or Email Address (one entry per line)', '', ''], 'rowCount': 1, 'matched': False}, {'headers': ['', '', '', '', '', '', '', '', ''], 'rowCount': 2, 'matched': False}, {'headers': ['', ''], 'rowCount': 1, 'matched': False}, {'headers': ['', '', '', '', '', '', 'of', '', '0', '', '', '', ''], 'rowCount': 1, 'matched': False}, {'headers': [''], 'rowCount': 1, 'matched': False}, {'headers': [''], 'rowCount': 1, 'matched': False}, {'headers': [''], 'rowCount': 1, 'matched': False}, {'headers': [''], 'rowCount': 1, 'matched': False}, {'headers': [''], 'rowCount': 1, 'matched': False}, {'headers': [''], 'rowCount': 1, 'matched': False}, {'headers': [''], 'rowCount': 1, 'matched': False}, {'headers': [''], 'rowCount': 1, 'matched': False}, {'headers': [''], 'rowCount': 1, 'matched': False}, {'headers': [''], 'rowCount': 1, 'matched': False}, {'headers': [''], 'rowCount': 1, 'matched': False}, {'headers': ['Page Width\nWhole Page\n500%\n200%\n150%\n100%\n75%\n50%\n25%\n10%'], 'rowCount': 1, 'matched': False}, {'headers': ['Word\n\t\t\t\t\t\t\t\t\t\n\t\t\t\t\t\t\t\t\t\tExcel\n\t\t\t\t\t\t\t\t\t\n\t\t\t\t\t\t\t\t\t\tPowerPoint\n\t\t\t\t\t\t\t\t\t\n\t\t\t\t\t\t\t\t\t\tPDF\n\t\t\t\t\t\t\t\t\t\n\t\t\t\t\t\t\t\t\t\tTIFF file\n\t\t\t\t\t\t\t\t\t\n\t\t\t\t\t\t\t\t\t\tMHTML (web archive)\n\t\t\t\t\t\t\t\t\t\n\t\t\t\t\t\t\t\t\t\tCSV (comma delimited)\n\t\t\t\t\t\t\t\t\t\n\t\t\t\t\t\t\t\t\t\tXML file with report data\n\t\t\t\t\t\t\t\t\t\n\t\t\t\t\t\t\t\t\t\tData Feed'], 'rowCount': 1, 'matched': False}, {'headers': [''], 'rowCount': 1, 'matched': False}, {'headers': [''], 'rowCount': 1, 'matched': False}, {'headers': [''], 'rowCount': 1, 'matched': False}, {'headers': [''], 'rowCount': 1, 'matched': False}, {'headers': ['', '', 'Find', '', '', '', '|', '', 'Next', '', ''], 'rowCount': 1, 'matched': False}, {'headers': ['Active Directory Search (MS domain)\xa0(data is refreshed once every 24 hours) - data current as of: 9/22/2026 2:01:02 AM Central TimeBookmark this URL (not the site it takes you to): https://goto.optum.com/ActiveDirectoryInfoFor additional options, bookmark this url (not the site it takes you to): https://goto.optum.com/ActiveDirectoryInfo2EnabledEmployeeIDMSIDEmployee NameCorporate Email Boxuht-IdentityManagment-MailUserPrincipalNameEmployee TypeAccountTypePostal CodeDepartmentManager EmployeeIDManager MSIDManager NameManager EmailBusiness UnitOperating UnitLocationDepartmentFALSE001858262chennaiit_assetchennaiit_asset - Kandasamy, Senthilnathan\xa0\xa0chennaiit_asset@ms.ds.uhc.comENII549-1000OG Adv APAC-1001341886\xa0\xa0\xa04134606882INDIN549846817TRUE001858262skanda14Kandasamy, Senthilnathankandas14@optum.comkandas14@optum.comkandas14@optum.comEPII549OOG APAC-1001341886sganes23Ganesan, Sathish KumarGanesanS@Optum.com1036806870INDIN549846817'], 'rowCount': 1, 'matched': False}, {'headers': ['Active Directory Search (MS domain)\xa0(data is refreshed once every 24 hours) - data current as of: 9/22/2026 2:01:02 AM Central TimeBookmark this URL (not the site it takes you to): https://goto.optum.com/ActiveDirectoryInfoFor additional options, bookmark this url (not the site it takes you to): https://goto.optum.com/ActiveDirectoryInfo2EnabledEmployeeIDMSIDEmployee NameCorporate Email Boxuht-IdentityManagment-MailUserPrincipalNameEmployee TypeAccountTypePostal CodeDepartmentManager EmployeeIDManager MSIDManager NameManager EmailBusiness UnitOperating UnitLocationDepartmentFALSE001858262chennaiit_assetchennaiit_asset - Kandasamy, Senthilnathan\xa0\xa0chennaiit_asset@ms.ds.uhc.comENII549-1000OG Adv APAC-1001341886\xa0\xa0\xa04134606882INDIN549846817TRUE001858262skanda14Kandasamy, Senthilnathankandas14@optum.comkandas14@optum.comkandas14@optum.comEPII549OOG APAC-1001341886sganes23Ganesan, Sathish KumarGanesanS@Optum.com1036806870INDIN549846817'], 'rowCount': 2, 'matched': False}, {'headers': ['Active Directory Search (MS domain)\xa0(data is refreshed once every 24 hours) - data current as of: 9/22/2026 2:01:02 AM Central TimeBookmark this URL (not the site it takes you to): https://goto.optum.com/ActiveDirectoryInfoFor additional options, bookmark this url (not the site it takes you to): https://goto.optum.com/ActiveDirectoryInfo2EnabledEmployeeIDMSIDEmployee NameCorporate Email Boxuht-IdentityManagment-MailUserPrincipalNameEmployee TypeAccountTypePostal CodeDepartmentManager EmployeeIDManager MSIDManager NameManager EmailBusiness UnitOperating UnitLocationDepartmentFALSE001858262chennaiit_assetchennaiit_asset - Kandasamy, Senthilnathan\xa0\xa0chennaiit_asset@ms.ds.uhc.comENII549-1000OG Adv APAC-1001341886\xa0\xa0\xa04134606882INDIN549846817TRUE001858262skanda14Kandasamy, Senthilnathankandas14@optum.comkandas14@optum.comkandas14@optum.comEPII549OOG APAC-1001341886sganes23Ganesan, Sathish KumarGanesanS@Optum.com1036806870INDIN549846817'], 'rowCount': 1, 'matched': False}, {'headers': ['', '', '', '', '', '', '', ''], 'rowCount': 7, 'matched': False}, {'headers': ['Enabled', 'EmployeeID', 'MSID', 'Employee Name', 'Corporate Email Box', 'uht-IdentityManagment-Mail', 'UserPrincipalName', 'Employee Type', 'AccountType', 'Postal Code', 'Department', 'Manager EmployeeID', 'Manager MSID', 'Manager Name', 'Manager Email', 'Business Unit', 'Operating Unit', 'Location', 'Department'], 'rowCount': 2, 'matched': True}]
2026-09-22 17:49:51 DEBUG   [Thread-1 (stdin_reader)] it_asset_app: AD lookup: raw extracted rows: [{'Enabled': 'FALSE', 'EmployeeID': '001858262', 'MSID': 'chennaiit_asset', 'Employee Name': 'chennaiit_asset - Kandasamy, Senthilnathan', 'Corporate Email Box': '', 'uht-IdentityManagment-Mail': '', 'UserPrincipalName': 'chennaiit_asset@ms.ds.uhc.com', 'Employee Type': 'E', 'AccountType': 'N', 'Postal Code': 'II549-1000', 'Department': 'OG Adv APAC-1', 'Manager EmployeeID': '001341886', 'Manager MSID': '', 'Manager Name': '', 'Manager Email': '', 'Business Unit': '41346', 'Operating Unit': '06882', 'Location': 'INDIN549'}, {'Enabled': 'TRUE', 'EmployeeID': '001858262', 'MSID': 'skanda14', 'Employee Name': 'Kandasamy, Senthilnathan', 'Corporate Email Box': 'kandas14@optum.com', 'uht-IdentityManagment-Mail': 'kandas14@optum.com', 'UserPrincipalName': 'kandas14@optum.com', 'Employee Type': 'E', 'AccountType': 'P', 'Postal Code': 'II549', 'Department': 'OOG APAC-1', 'Manager EmployeeID': '001341886', 'Manager MSID': 'sganes23', 'Manager Name': 'Ganesan, Sathish Kumar', 'Manager Email': 'GanesanS@Optum.com', 'Business Unit': '10368', 'Operating Unit': '06870', 'Location': 'INDIN549'}]
2026-09-22 17:49:51 DEBUG   [Thread-1 (stdin_reader)] it_asset_app: AD lookup: mapped fields from row: {'emp_name': 'chennaiit_asset - Kandasamy, Senthilnathan', 'manager_name': '', 'contact_number': '', 'department': 'OG Adv APAC-1', 'email': 'chennaiit_asset@ms.ds.uhc.com', 'designation': 'E', 'msid': 'chennaiit_asset', 'employee_id_confirmed': '001858262', 'manager_email': '', 'manager_msid': '', 'manager_employee_id': '001341886', 'account_enabled': 'FALSE'}
2026-09-22 17:49:51 DEBUG   [Thread-1 (stdin_reader)] it_asset_app: AD lookup: mapped fields from row: {'emp_name': 'Kandasamy, Senthilnathan', 'manager_name': 'Ganesan, Sathish Kumar', 'contact_number': '', 'department': 'OOG APAC-1', 'email': 'kandas14@optum.com', 'designation': 'E', 'msid': 'skanda14', 'employee_id_confirmed': '001858262', 'manager_email': 'GanesanS@Optum.com', 'manager_msid': 'sganes23', 'manager_employee_id': '001341886', 'account_enabled': 'TRUE'}
2026-09-22 17:49:51 INFO    [Thread-1 (stdin_reader)] it_asset_app: AD lookup: SUCCESS for emp_id='001858262' - 2 candidate(s), emp_name='chennaiit_asset - Kandasamy, Senthilnathan' manager_name=''
2026-09-22 17:49:51 INFO    [Thread-1 (stdin_reader)] it_asset_app: AD helper: sending 2 candidate(s) back for request_id='cab287db45584fee943b4da81be0a84d'
2026-09-22 17:49:51 INFO    [Thread-1 (stdin_reader)] it_asset_app: AD helper: auto-hid lookup window after successful result (request_id='cab287db45584fee943b4da81be0a84d')
2026-09-22 17:49:54 INFO    [MainThread] it_asset_app: SSRS asset report: status='Available' records=1739 error=''
2026-09-22 17:50:01 INFO    [Thread-1 (stdin_reader)] it_asset_app: AD helper: received lookup request_id='65f80c55d79b453b970eb0daddf960fb' emp_id='001858262'
2026-09-22 17:50:01 INFO    [Thread-1 (stdin_reader)] it_asset_app: AD lookup: starting search for emp_id='001858262' (header_keyword='EmployeeID', name_column='Employee Name')
2026-09-22 17:50:01 DEBUG   [Thread-1 (stdin_reader)] it_asset_app: AD lookup: filled search textbox OK
2026-09-22 17:50:01 DEBUG   [Thread-1 (stdin_reader)] it_asset_app: AD lookup: clicked 'View Report' button OK
2026-09-22 17:50:01 DEBUG   [Thread-1 (stdin_reader)] it_asset_app: AD lookup: results table ready after 0.0s
2026-09-22 17:50:01 DEBUG   [Thread-1 (stdin_reader)] it_asset_app: AD lookup: extracted 2 row(s) via strategy='single-table'; tables seen on page: [{'headers': ['Search AD for MSID, EmployeeID, or Email Address (one entry per line)\t\n\t\n\t\n\t\t\n\n\n\n\n\t\t\n\t\t\t\tof\t\t1\t\t\n\t\t\n\t\n\t\nPage Width\nWhole Page\n500%\n200%\n150%\n100%\n75%\n50%\n25%\n10%\n\t\n\t\n\t\n\t\tFind\t\t\n\t\t|\t\tNext\t\t\n\n\n\t\t\t\t\t\t\t\n\t\t\n\t\n\t\t\t\nActive Directory Search (MS domain)\n\xa0\n(data is refreshed once every 24 hours) - data current as of: 9/22/2026 2:01:02 AM Central Time\n\t\n\t\n\t\nBookmark this URL (not the site it takes you to): https://goto.optum.com/ActiveDirectoryInfo\nFor additional options, bookmark this url (not the site it takes you to): https://goto.optum.com/ActiveDirectoryInfo2\n\t\n\t\n\t\t\n\t\t\t\t\t\t\t\t\t\t\t\t\t\t\t\t\t\t\n\nEnabled\n\t\nEmployeeID\n\t\nMSID\n\t\nEmployee Name\n\t\nCorporate Email Box\n\t\nuht-IdentityManagment-Mail\n\t\nUserPrincipalName\n\t\nEmployee Type\n\t\nAccountType\n\t\nPostal Code\n\t\nDepartment\n\t\nManager EmployeeID\n\t\nManager MSID\n\t\nManager Name\n\t\nManager Email\n\t\nBusiness Unit\n\t\nOperating Unit\n\t\nLocation\n\t\nDepartment\n\n\nFALSE\n\t\n001858262\n\t\nchennaiit_asset\n\t\nchennaiit_asset - Kandasamy, Senthilnathan\n\t\xa0\t\xa0\t\nchennaiit_asset@ms.ds.uhc.com\n\t\nE\n\t\nN\n\t\nII549-1000\n\t\nOG Adv APAC-1\n\t\n001341886\n\t\xa0\t\xa0\t\xa0\t\n41346\n\t\n06882\n\t\nINDIN549\n\t\n846817\n\n\nTRUE\n\t\n001858262\n\t\nskanda14\n\t\nKandasamy, Senthilnathan\n\t\nkandas14@optum.com\n\t\nkandas14@optum.com\n\t\nkandas14@optum.com\n\t\nE\n\t\nP\n\t\nII549\n\t\nOOG APAC-1\n\t\n001341886\n\t\nsganes23\n\t\nGanesan, Sathish Kumar\n\t\nGanesanS@Optum.com\n\t\n10368\n\t\n06870\n\t\nINDIN549\n\t\n846817'], 'rowCount': 1, 'matched': False}, {'headers': ['', 'Loading...\n\t\t\t\t\tCancel'], 'rowCount': 1, 'matched': False}, {'headers': ['', '', ''], 'rowCount': 5, 'matched': False}, {'headers': ['Search AD for MSID, EmployeeID, or Email Address (one entry per line)', '', ''], 'rowCount': 1, 'matched': False}, {'headers': ['', '', '', '', '', '', '', '', ''], 'rowCount': 2, 'matched': False}, {'headers': ['', ''], 'rowCount': 1, 'matched': False}, {'headers': ['', '', '', '', '', '', 'of', '', '1', '', '', '', ''], 'rowCount': 1, 'matched': False}, {'headers': [''], 'rowCount': 1, 'matched': False}, {'headers': [''], 'rowCount': 1, 'matched': False}, {'headers': [''], 'rowCount': 1, 'matched': False}, {'headers': [''], 'rowCount': 1, 'matched': False}, {'headers': [''], 'rowCount': 1, 'matched': False}, {'headers': [''], 'rowCount': 1, 'matched': False}, {'headers': [''], 'rowCount': 1, 'matched': False}, {'headers': [''], 'rowCount': 1, 'matched': False}, {'headers': [''], 'rowCount': 1, 'matched': False}, {'headers': [''], 'rowCount': 1, 'matched': False}, {'headers': [''], 'rowCount': 1, 'matched': False}, {'headers': ['Page Width\nWhole Page\n500%\n200%\n150%\n100%\n75%\n50%\n25%\n10%'], 'rowCount': 1, 'matched': False}, {'headers': ['Word\n\t\t\t\t\t\t\t\t\t\n\t\t\t\t\t\t\t\t\t\tExcel\n\t\t\t\t\t\t\t\t\t\n\t\t\t\t\t\t\t\t\t\tPowerPoint\n\t\t\t\t\t\t\t\t\t\n\t\t\t\t\t\t\t\t\t\tPDF\n\t\t\t\t\t\t\t\t\t\n\t\t\t\t\t\t\t\t\t\tTIFF file\n\t\t\t\t\t\t\t\t\t\n\t\t\t\t\t\t\t\t\t\tMHTML (web archive)\n\t\t\t\t\t\t\t\t\t\n\t\t\t\t\t\t\t\t\t\tCSV (comma delimited)\n\t\t\t\t\t\t\t\t\t\n\t\t\t\t\t\t\t\t\t\tXML file with report data\n\t\t\t\t\t\t\t\t\t\n\t\t\t\t\t\t\t\t\t\tData Feed'], 'rowCount': 1, 'matched': False}, {'headers': [''], 'rowCount': 1, 'matched': False}, {'headers': [''], 'rowCount': 1, 'matched': False}, {'headers': [''], 'rowCount': 1, 'matched': False}, {'headers': [''], 'rowCount': 1, 'matched': False}, {'headers': ['', '', 'Find', '', '', '', '|', '', 'Next', '', ''], 'rowCount': 1, 'matched': False}, {'headers': ['Active Directory Search (MS domain)\n\xa0\n(data is refreshed once every 24 hours) - data current as of: 9/22/2026 2:01:02 AM Central Time\n\t\n\t\n\t\nBookmark this URL (not the site it takes you to): https://goto.optum.com/ActiveDirectoryInfo\nFor additional options, bookmark this url (not the site it takes you to): https://goto.optum.com/ActiveDirectoryInfo2\n\t\n\t\n\t\t\n\t\t\t\t\t\t\t\t\t\t\t\t\t\t\t\t\t\t\n\nEnabled\n\t\nEmployeeID\n\t\nMSID\n\t\nEmployee Name\n\t\nCorporate Email Box\n\t\nuht-IdentityManagment-Mail\n\t\nUserPrincipalName\n\t\nEmployee Type\n\t\nAccountType\n\t\nPostal Code\n\t\nDepartment\n\t\nManager EmployeeID\n\t\nManager MSID\n\t\nManager Name\n\t\nManager Email\n\t\nBusiness Unit\n\t\nOperating Unit\n\t\nLocation\n\t\nDepartment\n\n\nFALSE\n\t\n001858262\n\t\nchennaiit_asset\n\t\nchennaiit_asset - Kandasamy, Senthilnathan\n\t\xa0\t\xa0\t\nchennaiit_asset@ms.ds.uhc.com\n\t\nE\n\t\nN\n\t\nII549-1000\n\t\nOG Adv APAC-1\n\t\n001341886\n\t\xa0\t\xa0\t\xa0\t\n41346\n\t\n06882\n\t\nINDIN549\n\t\n846817\n\n\nTRUE\n\t\n001858262\n\t\nskanda14\n\t\nKandasamy, Senthilnathan\n\t\nkandas14@optum.com\n\t\nkandas14@optum.com\n\t\nkandas14@optum.com\n\t\nE\n\t\nP\n\t\nII549\n\t\nOOG APAC-1\n\t\n001341886\n\t\nsganes23\n\t\nGanesan, Sathish Kumar\n\t\nGanesanS@Optum.com\n\t\n10368\n\t\n06870\n\t\nINDIN549\n\t\n846817'], 'rowCount': 1, 'matched': False}, {'headers': ['Active Directory Search (MS domain)\n\xa0\n(data is refreshed once every 24 hours) - data current as of: 9/22/2026 2:01:02 AM Central Time\n\t\n\t\n\t\nBookmark this URL (not the site it takes you to): https://goto.optum.com/ActiveDirectoryInfo\nFor additional options, bookmark this url (not the site it takes you to): https://goto.optum.com/ActiveDirectoryInfo2\n\t\n\t\n\t\t\n\t\t\t\t\t\t\t\t\t\t\t\t\t\t\t\t\t\t\n\nEnabled\n\t\nEmployeeID\n\t\nMSID\n\t\nEmployee Name\n\t\nCorporate Email Box\n\t\nuht-IdentityManagment-Mail\n\t\nUserPrincipalName\n\t\nEmployee Type\n\t\nAccountType\n\t\nPostal Code\n\t\nDepartment\n\t\nManager EmployeeID\n\t\nManager MSID\n\t\nManager Name\n\t\nManager Email\n\t\nBusiness Unit\n\t\nOperating Unit\n\t\nLocation\n\t\nDepartment\n\n\nFALSE\n\t\n001858262\n\t\nchennaiit_asset\n\t\nchennaiit_asset - Kandasamy, Senthilnathan\n\t\xa0\t\xa0\t\nchennaiit_asset@ms.ds.uhc.com\n\t\nE\n\t\nN\n\t\nII549-1000\n\t\nOG Adv APAC-1\n\t\n001341886\n\t\xa0\t\xa0\t\xa0\t\n41346\n\t\n06882\n\t\nINDIN549\n\t\n846817\n\n\nTRUE\n\t\n001858262\n\t\nskanda14\n\t\nKandasamy, Senthilnathan\n\t\nkandas14@optum.com\n\t\nkandas14@optum.com\n\t\nkandas14@optum.com\n\t\nE\n\t\nP\n\t\nII549\n\t\nOOG APAC-1\n\t\n001341886\n\t\nsganes23\n\t\nGanesan, Sathish Kumar\n\t\nGanesanS@Optum.com\n\t\n10368\n\t\n06870\n\t\nINDIN549\n\t\n846817'], 'rowCount': 2, 'matched': False}, {'headers': ['Active Directory Search (MS domain)\n\xa0\n(data is refreshed once every 24 hours) - data current as of: 9/22/2026 2:01:02 AM Central Time\n\t\n\t\n\t\nBookmark this URL (not the site it takes you to): https://goto.optum.com/ActiveDirectoryInfo\nFor additional options, bookmark this url (not the site it takes you to): https://goto.optum.com/ActiveDirectoryInfo2\n\t\n\t\n\t\t\n\t\t\t\t\t\t\t\t\t\t\t\t\t\t\t\t\t\t\n\nEnabled\n\t\nEmployeeID\n\t\nMSID\n\t\nEmployee Name\n\t\nCorporate Email Box\n\t\nuht-IdentityManagment-Mail\n\t\nUserPrincipalName\n\t\nEmployee Type\n\t\nAccountType\n\t\nPostal Code\n\t\nDepartment\n\t\nManager EmployeeID\n\t\nManager MSID\n\t\nManager Name\n\t\nManager Email\n\t\nBusiness Unit\n\t\nOperating Unit\n\t\nLocation\n\t\nDepartment\n\n\nFALSE\n\t\n001858262\n\t\nchennaiit_asset\n\t\nchennaiit_asset - Kandasamy, Senthilnathan\n\t\xa0\t\xa0\t\nchennaiit_asset@ms.ds.uhc.com\n\t\nE\n\t\nN\n\t\nII549-1000\n\t\nOG Adv APAC-1\n\t\n001341886\n\t\xa0\t\xa0\t\xa0\t\n41346\n\t\n06882\n\t\nINDIN549\n\t\n846817\n\n\nTRUE\n\t\n001858262\n\t\nskanda14\n\t\nKandasamy, Senthilnathan\n\t\nkandas14@optum.com\n\t\nkandas14@optum.com\n\t\nkandas14@optum.com\n\t\nE\n\t\nP\n\t\nII549\n\t\nOOG APAC-1\n\t\n001341886\n\t\nsganes23\n\t\nGanesan, Sathish Kumar\n\t\nGanesanS@Optum.com\n\t\n10368\n\t\n06870\n\t\nINDIN549\n\t\n846817'], 'rowCount': 1, 'matched': False}, {'headers': ['', '', '', '', '', '', '', ''], 'rowCount': 7, 'matched': False}, {'headers': ['Enabled', 'EmployeeID', 'MSID', 'Employee Name', 'Corporate Email Box', 'uht-IdentityManagment-Mail', 'UserPrincipalName', 'Employee Type', 'AccountType', 'Postal Code', 'Department', 'Manager EmployeeID', 'Manager MSID', 'Manager Name', 'Manager Email', 'Business Unit', 'Operating Unit', 'Location', 'Department'], 'rowCount': 2, 'matched': True}]
2026-09-22 17:50:01 DEBUG   [Thread-1 (stdin_reader)] it_asset_app: AD lookup: raw extracted rows: [{'Enabled': 'FALSE', 'EmployeeID': '001858262', 'MSID': 'chennaiit_asset', 'Employee Name': 'chennaiit_asset - Kandasamy, Senthilnathan', 'Corporate Email Box': '', 'uht-IdentityManagment-Mail': '', 'UserPrincipalName': 'chennaiit_asset@ms.ds.uhc.com', 'Employee Type': 'E', 'AccountType': 'N', 'Postal Code': 'II549-1000', 'Department': 'OG Adv APAC-1', 'Manager EmployeeID': '001341886', 'Manager MSID': '', 'Manager Name': '', 'Manager Email': '', 'Business Unit': '41346', 'Operating Unit': '06882', 'Location': 'INDIN549'}, {'Enabled': 'TRUE', 'EmployeeID': '001858262', 'MSID': 'skanda14', 'Employee Name': 'Kandasamy, Senthilnathan', 'Corporate Email Box': 'kandas14@optum.com', 'uht-IdentityManagment-Mail': 'kandas14@optum.com', 'UserPrincipalName': 'kandas14@optum.com', 'Employee Type': 'E', 'AccountType': 'P', 'Postal Code': 'II549', 'Department': 'OOG APAC-1', 'Manager EmployeeID': '001341886', 'Manager MSID': 'sganes23', 'Manager Name': 'Ganesan, Sathish Kumar', 'Manager Email': 'GanesanS@Optum.com', 'Business Unit': '10368', 'Operating Unit': '06870', 'Location': 'INDIN549'}]
2026-09-22 17:50:01 DEBUG   [Thread-1 (stdin_reader)] it_asset_app: AD lookup: mapped fields from row: {'emp_name': 'chennaiit_asset - Kandasamy, Senthilnathan', 'manager_name': '', 'contact_number': '', 'department': 'OG Adv APAC-1', 'email': 'chennaiit_asset@ms.ds.uhc.com', 'designation': 'E', 'msid': 'chennaiit_asset', 'employee_id_confirmed': '001858262', 'manager_email': '', 'manager_msid': '', 'manager_employee_id': '001341886', 'account_enabled': 'FALSE'}
2026-09-22 17:50:01 DEBUG   [Thread-1 (stdin_reader)] it_asset_app: AD lookup: mapped fields from row: {'emp_name': 'Kandasamy, Senthilnathan', 'manager_name': 'Ganesan, Sathish Kumar', 'contact_number': '', 'department': 'OOG APAC-1', 'email': 'kandas14@optum.com', 'designation': 'E', 'msid': 'skanda14', 'employee_id_confirmed': '001858262', 'manager_email': 'GanesanS@Optum.com', 'manager_msid': 'sganes23', 'manager_employee_id': '001341886', 'account_enabled': 'TRUE'}
2026-09-22 17:50:01 INFO    [Thread-1 (stdin_reader)] it_asset_app: AD lookup: SUCCESS for emp_id='001858262' - 2 candidate(s), emp_name='chennaiit_asset - Kandasamy, Senthilnathan' manager_name=''
2026-09-22 17:50:01 INFO    [Thread-1 (stdin_reader)] it_asset_app: AD helper: sending 2 candidate(s) back for request_id='65f80c55d79b453b970eb0daddf960fb'
2026-09-22 17:50:01 INFO    [Thread-1 (stdin_reader)] it_asset_app: AD helper: auto-hid lookup window after successful result (request_id='65f80c55d79b453b970eb0daddf960fb')
2026-09-22 17:52:05 INFO    [Thread-1 (stdin_reader)] it_asset_app: AD helper: received lookup request_id='5cf4087d2c8242709a7400408eb20176' emp_id='900283757'
2026-09-22 17:52:05 INFO    [Thread-1 (stdin_reader)] it_asset_app: AD lookup: starting search for emp_id='900283757' (header_keyword='EmployeeID', name_column='Employee Name')
2026-09-22 17:52:05 DEBUG   [Thread-1 (stdin_reader)] it_asset_app: AD lookup: filled search textbox OK
2026-09-22 17:52:06 DEBUG   [Thread-1 (stdin_reader)] it_asset_app: AD lookup: clicked 'View Report' button OK
2026-09-22 17:52:06 DEBUG   [Thread-1 (stdin_reader)] it_asset_app: AD lookup: results table ready after 0.0s
2026-09-22 17:52:06 DEBUG   [Thread-1 (stdin_reader)] it_asset_app: AD lookup: extracted 2 row(s) via strategy='single-table'; tables seen on page: [{'headers': ['Search AD for MSID, EmployeeID, or Email Address (one entry per line)\t\n\t\n\t\n\t\t\n\n\n\n\n\t\t\n\t\t\t\tof\t\t1\t\t\n\t\t\n\t\n\t\nPage Width\nWhole Page\n500%\n200%\n150%\n100%\n75%\n50%\n25%\n10%\n\t\n\t\n\t\n\t\tFind\t\t\n\t\t|\t\tNext\t\t\n\n\n\t\t\t\t\t\t\t\n\t\t\n\t\n\t\t\t\nActive Directory Search (MS domain)\n\xa0\n(data is refreshed once every 24 hours) - data current as of: 9/22/2026 2:01:02 AM Central Time\n\t\n\t\n\t\nBookmark this URL (not the site it takes you to): https://goto.optum.com/ActiveDirectoryInfo\nFor additional options, bookmark this url (not the site it takes you to): https://goto.optum.com/ActiveDirectoryInfo2\n\t\n\t\n\t\t\n\t\t\t\t\t\t\t\t\t\t\t\t\t\t\t\t\t\t\n\nEnabled\n\t\nEmployeeID\n\t\nMSID\n\t\nEmployee Name\n\t\nCorporate Email Box\n\t\nuht-IdentityManagment-Mail\n\t\nUserPrincipalName\n\t\nEmployee Type\n\t\nAccountType\n\t\nPostal Code\n\t\nDepartment\n\t\nManager EmployeeID\n\t\nManager MSID\n\t\nManager Name\n\t\nManager Email\n\t\nBusiness Unit\n\t\nOperating Unit\n\t\nLocation\n\t\nDepartment\n\n\nFALSE\n\t\n001858262\n\t\nchennaiit_asset\n\t\nchennaiit_asset - Kandasamy, Senthilnathan\n\t\xa0\t\xa0\t\nchennaiit_asset@ms.ds.uhc.com\n\t\nE\n\t\nN\n\t\nII549-1000\n\t\nOG Adv APAC-1\n\t\n001341886\n\t\xa0\t\xa0\t\xa0\t\n41346\n\t\n06882\n\t\nINDIN549\n\t\n846817\n\n\nTRUE\n\t\n001858262\n\t\nskanda14\n\t\nKandasamy, Senthilnathan\n\t\nkandas14@optum.com\n\t\nkandas14@optum.com\n\t\nkandas14@optum.com\n\t\nE\n\t\nP\n\t\nII549\n\t\nOOG APAC-1\n\t\n001341886\n\t\nsganes23\n\t\nGanesan, Sathish Kumar\n\t\nGanesanS@Optum.com\n\t\n10368\n\t\n06870\n\t\nINDIN549\n\t\n846817'], 'rowCount': 1, 'matched': False}, {'headers': ['', 'Loading...\n\t\t\t\t\tCancel'], 'rowCount': 1, 'matched': False}, {'headers': ['', '', ''], 'rowCount': 5, 'matched': False}, {'headers': ['Search AD for MSID, EmployeeID, or Email Address (one entry per line)', '', ''], 'rowCount': 1, 'matched': False}, {'headers': ['', '', '', '', '', '', '', '', ''], 'rowCount': 2, 'matched': False}, {'headers': ['', ''], 'rowCount': 1, 'matched': False}, {'headers': ['', '', '', '', '', '', 'of', '', '1', '', '', '', ''], 'rowCount': 1, 'matched': False}, {'headers': [''], 'rowCount': 1, 'matched': False}, {'headers': [''], 'rowCount': 1, 'matched': False}, {'headers': [''], 'rowCount': 1, 'matched': False}, {'headers': [''], 'rowCount': 1, 'matched': False}, {'headers': [''], 'rowCount': 1, 'matched': False}, {'headers': [''], 'rowCount': 1, 'matched': False}, {'headers': [''], 'rowCount': 1, 'matched': False}, {'headers': [''], 'rowCount': 1, 'matched': False}, {'headers': [''], 'rowCount': 1, 'matched': False}, {'headers': [''], 'rowCount': 1, 'matched': False}, {'headers': [''], 'rowCount': 1, 'matched': False}, {'headers': ['Page Width\nWhole Page\n500%\n200%\n150%\n100%\n75%\n50%\n25%\n10%'], 'rowCount': 1, 'matched': False}, {'headers': ['Word\n\t\t\t\t\t\t\t\t\t\n\t\t\t\t\t\t\t\t\t\tExcel\n\t\t\t\t\t\t\t\t\t\n\t\t\t\t\t\t\t\t\t\tPowerPoint\n\t\t\t\t\t\t\t\t\t\n\t\t\t\t\t\t\t\t\t\tPDF\n\t\t\t\t\t\t\t\t\t\n\t\t\t\t\t\t\t\t\t\tTIFF file\n\t\t\t\t\t\t\t\t\t\n\t\t\t\t\t\t\t\t\t\tMHTML (web archive)\n\t\t\t\t\t\t\t\t\t\n\t\t\t\t\t\t\t\t\t\tCSV (comma delimited)\n\t\t\t\t\t\t\t\t\t\n\t\t\t\t\t\t\t\t\t\tXML file with report data\n\t\t\t\t\t\t\t\t\t\n\t\t\t\t\t\t\t\t\t\tData Feed'], 'rowCount': 1, 'matched': False}, {'headers': [''], 'rowCount': 1, 'matched': False}, {'headers': [''], 'rowCount': 1, 'matched': False}, {'headers': [''], 'rowCount': 1, 'matched': False}, {'headers': [''], 'rowCount': 1, 'matched': False}, {'headers': ['', '', 'Find', '', '', '', '|', '', 'Next', '', ''], 'rowCount': 1, 'matched': False}, {'headers': ['Active Directory Search (MS domain)\n\xa0\n(data is refreshed once every 24 hours) - data current as of: 9/22/2026 2:01:02 AM Central Time\n\t\n\t\n\t\nBookmark this URL (not the site it takes you to): https://goto.optum.com/ActiveDirectoryInfo\nFor additional options, bookmark this url (not the site it takes you to): https://goto.optum.com/ActiveDirectoryInfo2\n\t\n\t\n\t\t\n\t\t\t\t\t\t\t\t\t\t\t\t\t\t\t\t\t\t\n\nEnabled\n\t\nEmployeeID\n\t\nMSID\n\t\nEmployee Name\n\t\nCorporate Email Box\n\t\nuht-IdentityManagment-Mail\n\t\nUserPrincipalName\n\t\nEmployee Type\n\t\nAccountType\n\t\nPostal Code\n\t\nDepartment\n\t\nManager EmployeeID\n\t\nManager MSID\n\t\nManager Name\n\t\nManager Email\n\t\nBusiness Unit\n\t\nOperating Unit\n\t\nLocation\n\t\nDepartment\n\n\nFALSE\n\t\n001858262\n\t\nchennaiit_asset\n\t\nchennaiit_asset - Kandasamy, Senthilnathan\n\t\xa0\t\xa0\t\nchennaiit_asset@ms.ds.uhc.com\n\t\nE\n\t\nN\n\t\nII549-1000\n\t\nOG Adv APAC-1\n\t\n001341886\n\t\xa0\t\xa0\t\xa0\t\n41346\n\t\n06882\n\t\nINDIN549\n\t\n846817\n\n\nTRUE\n\t\n001858262\n\t\nskanda14\n\t\nKandasamy, Senthilnathan\n\t\nkandas14@optum.com\n\t\nkandas14@optum.com\n\t\nkandas14@optum.com\n\t\nE\n\t\nP\n\t\nII549\n\t\nOOG APAC-1\n\t\n001341886\n\t\nsganes23\n\t\nGanesan, Sathish Kumar\n\t\nGanesanS@Optum.com\n\t\n10368\n\t\n06870\n\t\nINDIN549\n\t\n846817'], 'rowCount': 1, 'matched': False}, {'headers': ['Active Directory Search (MS domain)\n\xa0\n(data is refreshed once every 24 hours) - data current as of: 9/22/2026 2:01:02 AM Central Time\n\t\n\t\n\t\nBookmark this URL (not the site it takes you to): https://goto.optum.com/ActiveDirectoryInfo\nFor additional options, bookmark this url (not the site it takes you to): https://goto.optum.com/ActiveDirectoryInfo2\n\t\n\t\n\t\t\n\t\t\t\t\t\t\t\t\t\t\t\t\t\t\t\t\t\t\n\nEnabled\n\t\nEmployeeID\n\t\nMSID\n\t\nEmployee Name\n\t\nCorporate Email Box\n\t\nuht-IdentityManagment-Mail\n\t\nUserPrincipalName\n\t\nEmployee Type\n\t\nAccountType\n\t\nPostal Code\n\t\nDepartment\n\t\nManager EmployeeID\n\t\nManager MSID\n\t\nManager Name\n\t\nManager Email\n\t\nBusiness Unit\n\t\nOperating Unit\n\t\nLocation\n\t\nDepartment\n\n\nFALSE\n\t\n001858262\n\t\nchennaiit_asset\n\t\nchennaiit_asset - Kandasamy, Senthilnathan\n\t\xa0\t\xa0\t\nchennaiit_asset@ms.ds.uhc.com\n\t\nE\n\t\nN\n\t\nII549-1000\n\t\nOG Adv APAC-1\n\t\n001341886\n\t\xa0\t\xa0\t\xa0\t\n41346\n\t\n06882\n\t\nINDIN549\n\t\n846817\n\n\nTRUE\n\t\n001858262\n\t\nskanda14\n\t\nKandasamy, Senthilnathan\n\t\nkandas14@optum.com\n\t\nkandas14@optum.com\n\t\nkandas14@optum.com\n\t\nE\n\t\nP\n\t\nII549\n\t\nOOG APAC-1\n\t\n001341886\n\t\nsganes23\n\t\nGanesan, Sathish Kumar\n\t\nGanesanS@Optum.com\n\t\n10368\n\t\n06870\n\t\nINDIN549\n\t\n846817'], 'rowCount': 2, 'matched': False}, {'headers': ['Active Directory Search (MS domain)\n\xa0\n(data is refreshed once every 24 hours) - data current as of: 9/22/2026 2:01:02 AM Central Time\n\t\n\t\n\t\nBookmark this URL (not the site it takes you to): https://goto.optum.com/ActiveDirectoryInfo\nFor additional options, bookmark this url (not the site it takes you to): https://goto.optum.com/ActiveDirectoryInfo2\n\t\n\t\n\t\t\n\t\t\t\t\t\t\t\t\t\t\t\t\t\t\t\t\t\t\n\nEnabled\n\t\nEmployeeID\n\t\nMSID\n\t\nEmployee Name\n\t\nCorporate Email Box\n\t\nuht-IdentityManagment-Mail\n\t\nUserPrincipalName\n\t\nEmployee Type\n\t\nAccountType\n\t\nPostal Code\n\t\nDepartment\n\t\nManager EmployeeID\n\t\nManager MSID\n\t\nManager Name\n\t\nManager Email\n\t\nBusiness Unit\n\t\nOperating Unit\n\t\nLocation\n\t\nDepartment\n\n\nFALSE\n\t\n001858262\n\t\nchennaiit_asset\n\t\nchennaiit_asset - Kandasamy, Senthilnathan\n\t\xa0\t\xa0\t\nchennaiit_asset@ms.ds.uhc.com\n\t\nE\n\t\nN\n\t\nII549-1000\n\t\nOG Adv APAC-1\n\t\n001341886\n\t\xa0\t\xa0\t\xa0\t\n41346\n\t\n06882\n\t\nINDIN549\n\t\n846817\n\n\nTRUE\n\t\n001858262\n\t\nskanda14\n\t\nKandasamy, Senthilnathan\n\t\nkandas14@optum.com\n\t\nkandas14@optum.com\n\t\nkandas14@optum.com\n\t\nE\n\t\nP\n\t\nII549\n\t\nOOG APAC-1\n\t\n001341886\n\t\nsganes23\n\t\nGanesan, Sathish Kumar\n\t\nGanesanS@Optum.com\n\t\n10368\n\t\n06870\n\t\nINDIN549\n\t\n846817'], 'rowCount': 1, 'matched': False}, {'headers': ['', '', '', '', '', '', '', ''], 'rowCount': 7, 'matched': False}, {'headers': ['Enabled', 'EmployeeID', 'MSID', 'Employee Name', 'Corporate Email Box', 'uht-IdentityManagment-Mail', 'UserPrincipalName', 'Employee Type', 'AccountType', 'Postal Code', 'Department', 'Manager EmployeeID', 'Manager MSID', 'Manager Name', 'Manager Email', 'Business Unit', 'Operating Unit', 'Location', 'Department'], 'rowCount': 2, 'matched': True}]
2026-09-22 17:52:06 DEBUG   [Thread-1 (stdin_reader)] it_asset_app: AD lookup: raw extracted rows: [{'Enabled': 'FALSE', 'EmployeeID': '001858262', 'MSID': 'chennaiit_asset', 'Employee Name': 'chennaiit_asset - Kandasamy, Senthilnathan', 'Corporate Email Box': '', 'uht-IdentityManagment-Mail': '', 'UserPrincipalName': 'chennaiit_asset@ms.ds.uhc.com', 'Employee Type': 'E', 'AccountType': 'N', 'Postal Code': 'II549-1000', 'Department': 'OG Adv APAC-1', 'Manager EmployeeID': '001341886', 'Manager MSID': '', 'Manager Name': '', 'Manager Email': '', 'Business Unit': '41346', 'Operating Unit': '06882', 'Location': 'INDIN549'}, {'Enabled': 'TRUE', 'EmployeeID': '001858262', 'MSID': 'skanda14', 'Employee Name': 'Kandasamy, Senthilnathan', 'Corporate Email Box': 'kandas14@optum.com', 'uht-IdentityManagment-Mail': 'kandas14@optum.com', 'UserPrincipalName': 'kandas14@optum.com', 'Employee Type': 'E', 'AccountType': 'P', 'Postal Code': 'II549', 'Department': 'OOG APAC-1', 'Manager EmployeeID': '001341886', 'Manager MSID': 'sganes23', 'Manager Name': 'Ganesan, Sathish Kumar', 'Manager Email': 'GanesanS@Optum.com', 'Business Unit': '10368', 'Operating Unit': '06870', 'Location': 'INDIN549'}]
2026-09-22 17:52:06 DEBUG   [Thread-1 (stdin_reader)] it_asset_app: AD lookup: mapped fields from row: {'emp_name': 'chennaiit_asset - Kandasamy, Senthilnathan', 'manager_name': '', 'contact_number': '', 'department': 'OG Adv APAC-1', 'email': 'chennaiit_asset@ms.ds.uhc.com', 'designation': 'E', 'msid': 'chennaiit_asset', 'employee_id_confirmed': '001858262', 'manager_email': '', 'manager_msid': '', 'manager_employee_id': '001341886', 'account_enabled': 'FALSE'}
2026-09-22 17:52:06 DEBUG   [Thread-1 (stdin_reader)] it_asset_app: AD lookup: mapped fields from row: {'emp_name': 'Kandasamy, Senthilnathan', 'manager_name': 'Ganesan, Sathish Kumar', 'contact_number': '', 'department': 'OOG APAC-1', 'email': 'kandas14@optum.com', 'designation': 'E', 'msid': 'skanda14', 'employee_id_confirmed': '001858262', 'manager_email': 'GanesanS@Optum.com', 'manager_msid': 'sganes23', 'manager_employee_id': '001341886', 'account_enabled': 'TRUE'}
2026-09-22 17:52:06 INFO    [Thread-1 (stdin_reader)] it_asset_app: AD lookup: SUCCESS for emp_id='900283757' - 2 candidate(s), emp_name='chennaiit_asset - Kandasamy, Senthilnathan' manager_name=''
2026-09-22 17:52:06 INFO    [Thread-1 (stdin_reader)] it_asset_app: AD helper: sending 2 candidate(s) back for request_id='5cf4087d2c8242709a7400408eb20176'
2026-09-22 17:52:06 INFO    [Thread-1 (stdin_reader)] it_asset_app: AD helper: auto-hid lookup window after successful result (request_id='5cf4087d2c8242709a7400408eb20176')
2026-09-22 17:52:17 INFO    [Thread-1 (stdin_reader)] it_asset_app: AD helper: received lookup request_id='b3972a04d29848be86a8f575a9e4fb23' emp_id='900283757'
2026-09-22 17:52:17 INFO    [Thread-1 (stdin_reader)] it_asset_app: AD lookup: starting search for emp_id='900283757' (header_keyword='EmployeeID', name_column='Employee Name')
2026-09-22 17:52:17 DEBUG   [Thread-1 (stdin_reader)] it_asset_app: AD lookup: filled search textbox OK
2026-09-22 17:52:17 DEBUG   [Thread-1 (stdin_reader)] it_asset_app: AD lookup: clicked 'View Report' button OK
2026-09-22 17:52:17 DEBUG   [Thread-1 (stdin_reader)] it_asset_app: AD lookup: results table ready after 0.0s
2026-09-22 17:52:17 DEBUG   [Thread-1 (stdin_reader)] it_asset_app: AD lookup: extracted 2 row(s) via strategy='single-table'; tables seen on page: [{'headers': ['Loading...\nCancel\n\n\n\xa0\t\t\t\xa0\t\t\t\xa0\t\t\n\t\t\t\t\t\tSearch AD for MSID, EmployeeID, or Email Address (one entry per line)\t\n\t\n\t\n\t\t\n\n\n\n\n\t\t\n\t\t\t\tof\t\t1\t\t\n\t\t\n\t\n\t\nPage Width\nWhole Page\n500%\n200%\n150%\n100%\n75%\n50%\n25%\n10%\n\t\n\t\n\t\n\t\tFind\t\t\n\t\t|\t\tNext\t\t\n\n\n\t\t\t\t\t\t\t\n\t\t\n\t\n\t\t\t\nActive Directory Search (MS domain)\n\xa0\n(data is refreshed once every 24 hours) - data current as of: 9/22/2026 2:01:02 AM Central Time\n\t\n\t\n\t\nBookmark this URL (not the site it takes you to): https://goto.optum.com/ActiveDirectoryInfo\nFor additional options, bookmark this url (not the site it takes you to): https://goto.optum.com/ActiveDirectoryInfo2\n\t\n\t\n\t\t\n\t\t\t\t\t\t\t\t\t\t\t\t\t\t\t\t\t\t\n\nEnabled\n\t\nEmployeeID\n\t\nMSID\n\t\nEmployee Name\n\t\nCorporate Email Box\n\t\nuht-IdentityManagment-Mail\n\t\nUserPrincipalName\n\t\nEmployee Type\n\t\nAccountType\n\t\nPostal Code\n\t\nDepartment\n\t\nManager EmployeeID\n\t\nManager MSID\n\t\nManager Name\n\t\nManager Email\n\t\nBusiness Unit\n\t\nOperating Unit\n\t\nLocation\n\t\nDepartment\n\n\nFALSE\n\t\n001858262\n\t\nchennaiit_asset\n\t\nchennaiit_asset - Kandasamy, Senthilnathan\n\t\xa0\t\xa0\t\nchennaiit_asset@ms.ds.uhc.com\n\t\nE\n\t\nN\n\t\nII549-1000\n\t\nOG Adv APAC-1\n\t\n001341886\n\t\xa0\t\xa0\t\xa0\t\n41346\n\t\n06882\n\t\nINDIN549\n\t\n846817\n\n\nTRUE\n\t\n001858262\n\t\nskanda14\n\t\nKandasamy, Senthilnathan\n\t\nkandas14@optum.com\n\t\nkandas14@optum.com\n\t\nkandas14@optum.com\n\t\nE\n\t\nP\n\t\nII549\n\t\nOOG APAC-1\n\t\n001341886\n\t\nsganes23\n\t\nGanesan, Sathish Kumar\n\t\nGanesanS@Optum.com\n\t\n10368\n\t\n06870\n\t\nINDIN549\n\t\n846817'], 'rowCount': 1, 'matched': False}, {'headers': ['', 'Loading...\nCancel'], 'rowCount': 1, 'matched': False}, {'headers': ['', '', ''], 'rowCount': 5, 'matched': False}, {'headers': ['Search AD for MSID, EmployeeID, or Email Address (one entry per line)', '', ''], 'rowCount': 1, 'matched': False}, {'headers': ['', '', '', '', '', '', '', '', ''], 'rowCount': 2, 'matched': False}, {'headers': ['', ''], 'rowCount': 1, 'matched': False}, {'headers': ['', '', '', '', '', '', 'of', '', '1', '', '', '', ''], 'rowCount': 1, 'matched': False}, {'headers': [''], 'rowCount': 1, 'matched': False}, {'headers': [''], 'rowCount': 1, 'matched': False}, {'headers': [''], 'rowCount': 1, 'matched': False}, {'headers': [''], 'rowCount': 1, 'matched': False}, {'headers': [''], 'rowCount': 1, 'matched': False}, {'headers': [''], 'rowCount': 1, 'matched': False}, {'headers': [''], 'rowCount': 1, 'matched': False}, {'headers': [''], 'rowCount': 1, 'matched': False}, {'headers': [''], 'rowCount': 1, 'matched': False}, {'headers': [''], 'rowCount': 1, 'matched': False}, {'headers': [''], 'rowCount': 1, 'matched': False}, {'headers': ['Page Width\nWhole Page\n500%\n200%\n150%\n100%\n75%\n50%\n25%\n10%'], 'rowCount': 1, 'matched': False}, {'headers': ['Word\n\t\t\t\t\t\t\t\t\t\n\t\t\t\t\t\t\t\t\t\tExcel\n\t\t\t\t\t\t\t\t\t\n\t\t\t\t\t\t\t\t\t\tPowerPoint\n\t\t\t\t\t\t\t\t\t\n\t\t\t\t\t\t\t\t\t\tPDF\n\t\t\t\t\t\t\t\t\t\n\t\t\t\t\t\t\t\t\t\tTIFF file\n\t\t\t\t\t\t\t\t\t\n\t\t\t\t\t\t\t\t\t\tMHTML (web archive)\n\t\t\t\t\t\t\t\t\t\n\t\t\t\t\t\t\t\t\t\tCSV (comma delimited)\n\t\t\t\t\t\t\t\t\t\n\t\t\t\t\t\t\t\t\t\tXML file with report data\n\t\t\t\t\t\t\t\t\t\n\t\t\t\t\t\t\t\t\t\tData Feed'], 'rowCount': 1, 'matched': False}, {'headers': [''], 'rowCount': 1, 'matched': False}, {'headers': [''], 'rowCount': 1, 'matched': False}, {'headers': [''], 'rowCount': 1, 'matched': False}, {'headers': [''], 'rowCount': 1, 'matched': False}, {'headers': ['', '', 'Find', '', '', '', '|', '', 'Next', '', ''], 'rowCount': 1, 'matched': False}, {'headers': ['Active Directory Search (MS domain)\n\xa0\n(data is refreshed once every 24 hours) - data current as of: 9/22/2026 2:01:02 AM Central Time\n\t\n\t\n\t\nBookmark this URL (not the site it takes you to): https://goto.optum.com/ActiveDirectoryInfo\nFor additional options, bookmark this url (not the site it takes you to): https://goto.optum.com/ActiveDirectoryInfo2\n\t\n\t\n\t\t\n\t\t\t\t\t\t\t\t\t\t\t\t\t\t\t\t\t\t\n\nEnabled\n\t\nEmployeeID\n\t\nMSID\n\t\nEmployee Name\n\t\nCorporate Email Box\n\t\nuht-IdentityManagment-Mail\n\t\nUserPrincipalName\n\t\nEmployee Type\n\t\nAccountType\n\t\nPostal Code\n\t\nDepartment\n\t\nManager EmployeeID\n\t\nManager MSID\n\t\nManager Name\n\t\nManager Email\n\t\nBusiness Unit\n\t\nOperating Unit\n\t\nLocation\n\t\nDepartment\n\n\nFALSE\n\t\n001858262\n\t\nchennaiit_asset\n\t\nchennaiit_asset - Kandasamy, Senthilnathan\n\t\xa0\t\xa0\t\nchennaiit_asset@ms.ds.uhc.com\n\t\nE\n\t\nN\n\t\nII549-1000\n\t\nOG Adv APAC-1\n\t\n001341886\n\t\xa0\t\xa0\t\xa0\t\n41346\n\t\n06882\n\t\nINDIN549\n\t\n846817\n\n\nTRUE\n\t\n001858262\n\t\nskanda14\n\t\nKandasamy, Senthilnathan\n\t\nkandas14@optum.com\n\t\nkandas14@optum.com\n\t\nkandas14@optum.com\n\t\nE\n\t\nP\n\t\nII549\n\t\nOOG APAC-1\n\t\n001341886\n\t\nsganes23\n\t\nGanesan, Sathish Kumar\n\t\nGanesanS@Optum.com\n\t\n10368\n\t\n06870\n\t\nINDIN549\n\t\n846817'], 'rowCount': 1, 'matched': False}, {'headers': ['Active Directory Search (MS domain)\n\xa0\n(data is refreshed once every 24 hours) - data current as of: 9/22/2026 2:01:02 AM Central Time\n\t\n\t\n\t\nBookmark this URL (not the site it takes you to): https://goto.optum.com/ActiveDirectoryInfo\nFor additional options, bookmark this url (not the site it takes you to): https://goto.optum.com/ActiveDirectoryInfo2\n\t\n\t\n\t\t\n\t\t\t\t\t\t\t\t\t\t\t\t\t\t\t\t\t\t\n\nEnabled\n\t\nEmployeeID\n\t\nMSID\n\t\nEmployee Name\n\t\nCorporate Email Box\n\t\nuht-IdentityManagment-Mail\n\t\nUserPrincipalName\n\t\nEmployee Type\n\t\nAccountType\n\t\nPostal Code\n\t\nDepartment\n\t\nManager EmployeeID\n\t\nManager MSID\n\t\nManager Name\n\t\nManager Email\n\t\nBusiness Unit\n\t\nOperating Unit\n\t\nLocation\n\t\nDepartment\n\n\nFALSE\n\t\n001858262\n\t\nchennaiit_asset\n\t\nchennaiit_asset - Kandasamy, Senthilnathan\n\t\xa0\t\xa0\t\nchennaiit_asset@ms.ds.uhc.com\n\t\nE\n\t\nN\n\t\nII549-1000\n\t\nOG Adv APAC-1\n\t\n001341886\n\t\xa0\t\xa0\t\xa0\t\n41346\n\t\n06882\n\t\nINDIN549\n\t\n846817\n\n\nTRUE\n\t\n001858262\n\t\nskanda14\n\t\nKandasamy, Senthilnathan\n\t\nkandas14@optum.com\n\t\nkandas14@optum.com\n\t\nkandas14@optum.com\n\t\nE\n\t\nP\n\t\nII549\n\t\nOOG APAC-1\n\t\n001341886\n\t\nsganes23\n\t\nGanesan, Sathish Kumar\n\t\nGanesanS@Optum.com\n\t\n10368\n\t\n06870\n\t\nINDIN549\n\t\n846817'], 'rowCount': 2, 'matched': False}, {'headers': ['Active Directory Search (MS domain)\n\xa0\n(data is refreshed once every 24 hours) - data current as of: 9/22/2026 2:01:02 AM Central Time\n\t\n\t\n\t\nBookmark this URL (not the site it takes you to): https://goto.optum.com/ActiveDirectoryInfo\nFor additional options, bookmark this url (not the site it takes you to): https://goto.optum.com/ActiveDirectoryInfo2\n\t\n\t\n\t\t\n\t\t\t\t\t\t\t\t\t\t\t\t\t\t\t\t\t\t\n\nEnabled\n\t\nEmployeeID\n\t\nMSID\n\t\nEmployee Name\n\t\nCorporate Email Box\n\t\nuht-IdentityManagment-Mail\n\t\nUserPrincipalName\n\t\nEmployee Type\n\t\nAccountType\n\t\nPostal Code\n\t\nDepartment\n\t\nManager EmployeeID\n\t\nManager MSID\n\t\nManager Name\n\t\nManager Email\n\t\nBusiness Unit\n\t\nOperating Unit\n\t\nLocation\n\t\nDepartment\n\n\nFALSE\n\t\n001858262\n\t\nchennaiit_asset\n\t\nchennaiit_asset - Kandasamy, Senthilnathan\n\t\xa0\t\xa0\t\nchennaiit_asset@ms.ds.uhc.com\n\t\nE\n\t\nN\n\t\nII549-1000\n\t\nOG Adv APAC-1\n\t\n001341886\n\t\xa0\t\xa0\t\xa0\t\n41346\n\t\n06882\n\t\nINDIN549\n\t\n846817\n\n\nTRUE\n\t\n001858262\n\t\nskanda14\n\t\nKandasamy, Senthilnathan\n\t\nkandas14@optum.com\n\t\nkandas14@optum.com\n\t\nkandas14@optum.com\n\t\nE\n\t\nP\n\t\nII549\n\t\nOOG APAC-1\n\t\n001341886\n\t\nsganes23\n\t\nGanesan, Sathish Kumar\n\t\nGanesanS@Optum.com\n\t\n10368\n\t\n06870\n\t\nINDIN549\n\t\n846817'], 'rowCount': 1, 'matched': False}, {'headers': ['', '', '', '', '', '', '', ''], 'rowCount': 7, 'matched': False}, {'headers': ['Enabled', 'EmployeeID', 'MSID', 'Employee Name', 'Corporate Email Box', 'uht-IdentityManagment-Mail', 'UserPrincipalName', 'Employee Type', 'AccountType', 'Postal Code', 'Department', 'Manager EmployeeID', 'Manager MSID', 'Manager Name', 'Manager Email', 'Business Unit', 'Operating Unit', 'Location', 'Department'], 'rowCount': 2, 'matched': True}]
2026-09-22 17:52:17 DEBUG   [Thread-1 (stdin_reader)] it_asset_app: AD lookup: raw extracted rows: [{'Enabled': 'FALSE', 'EmployeeID': '001858262', 'MSID': 'chennaiit_asset', 'Employee Name': 'chennaiit_asset - Kandasamy, Senthilnathan', 'Corporate Email Box': '', 'uht-IdentityManagment-Mail': '', 'UserPrincipalName': 'chennaiit_asset@ms.ds.uhc.com', 'Employee Type': 'E', 'AccountType': 'N', 'Postal Code': 'II549-1000', 'Department': 'OG Adv APAC-1', 'Manager EmployeeID': '001341886', 'Manager MSID': '', 'Manager Name': '', 'Manager Email': '', 'Business Unit': '41346', 'Operating Unit': '06882', 'Location': 'INDIN549'}, {'Enabled': 'TRUE', 'EmployeeID': '001858262', 'MSID': 'skanda14', 'Employee Name': 'Kandasamy, Senthilnathan', 'Corporate Email Box': 'kandas14@optum.com', 'uht-IdentityManagment-Mail': 'kandas14@optum.com', 'UserPrincipalName': 'kandas14@optum.com', 'Employee Type': 'E', 'AccountType': 'P', 'Postal Code': 'II549', 'Department': 'OOG APAC-1', 'Manager EmployeeID': '001341886', 'Manager MSID': 'sganes23', 'Manager Name': 'Ganesan, Sathish Kumar', 'Manager Email': 'GanesanS@Optum.com', 'Business Unit': '10368', 'Operating Unit': '06870', 'Location': 'INDIN549'}]
2026-09-22 17:52:17 DEBUG   [Thread-1 (stdin_reader)] it_asset_app: AD lookup: mapped fields from row: {'emp_name': 'chennaiit_asset - Kandasamy, Senthilnathan', 'manager_name': '', 'contact_number': '', 'department': 'OG Adv APAC-1', 'email': 'chennaiit_asset@ms.ds.uhc.com', 'designation': 'E', 'msid': 'chennaiit_asset', 'employee_id_confirmed': '001858262', 'manager_email': '', 'manager_msid': '', 'manager_employee_id': '001341886', 'account_enabled': 'FALSE'}
2026-09-22 17:52:17 DEBUG   [Thread-1 (stdin_reader)] it_asset_app: AD lookup: mapped fields from row: {'emp_name': 'Kandasamy, Senthilnathan', 'manager_name': 'Ganesan, Sathish Kumar', 'contact_number': '', 'department': 'OOG APAC-1', 'email': 'kandas14@optum.com', 'designation': 'E', 'msid': 'skanda14', 'employee_id_confirmed': '001858262', 'manager_email': 'GanesanS@Optum.com', 'manager_msid': 'sganes23', 'manager_employee_id': '001341886', 'account_enabled': 'TRUE'}
2026-09-22 17:52:17 INFO    [Thread-1 (stdin_reader)] it_asset_app: AD lookup: SUCCESS for emp_id='900283757' - 2 candidate(s), emp_name='chennaiit_asset - Kandasamy, Senthilnathan' manager_name=''
2026-09-22 17:52:17 INFO    [Thread-1 (stdin_reader)] it_asset_app: AD helper: sending 2 candidate(s) back for request_id='b3972a04d29848be86a8f575a9e4fb23'
2026-09-22 17:52:17 INFO    [Thread-1 (stdin_reader)] it_asset_app: AD helper: auto-hid lookup window after successful result (request_id='b3972a04d29848be86a8f575a9e4fb23')
2026-09-22 17:54:16 INFO    [MainThread] it_asset_app: WizardApp: closing (user closed the window)
2026-09-22 17:54:18 INFO    [MainThread] it_asset_app: WizardApp: closed
2026-09-23 13:20:50 INFO    [MainThread] it_asset_app: ======================================================================
2026-09-23 13:20:50 INFO    [MainThread] it_asset_app: App starting - log file: C:\Users\srajaamu\OneDrive - UHG\Topaz_automation\WorkFlow_Topaz\logs\application.log
2026-09-23 13:20:50 INFO    [MainThread] it_asset_app: Python: 3.14.7 | frozen: False
2026-09-23 13:20:51 INFO    [MainThread] it_asset_app: WizardApp: starting up. ad_lookup_mode='ssrs_report' use_topaz_pad=True bu_templates_folder='bu_templates' root_save_folder='Z:/Topaz_auto' operator_name='Sriram'
2026-09-23 13:20:51 INFO    [MainThread] it_asset_app: WizardApp: GUI ready
2026-09-23 13:20:51 INFO    [Thread-2 (worker)] it_asset_app: SSRS asset report: downloading (force=False) -> 'C:\\Users\\srajaamu\\OneDrive - UHG\\Topaz_automation\\WorkFlow_Topaz\\cache\\ssrs_asset_report.xlsx'
2026-09-23 13:20:51 INFO    [Thread-1 (start)] it_asset_app: AD helper: launched new subprocess (pid=35476): ['C:\\Program Files\\Python314\\python.exe', 'C:\\Users\\srajaamu\\OneDrive - UHG\\Topaz_automation\\WorkFlow_Topaz\\app.py', '--webview-helper']
2026-09-23 13:20:51 INFO    [MainThread] it_asset_app: Startup health check: [('Microsoft Word', True, ''), ('Signing Certificate', True, ''), ('SSRS Asset Report', False, 'Stale'), ('Save Folder', True, 'Z:/Topaz_auto'), ('BU Templates', True, '5 loaded')]
2026-09-23 13:20:52 INFO    [MainThread] it_asset_app: ======================================================================
2026-09-23 13:20:52 INFO    [MainThread] it_asset_app: App starting - log file: C:\Users\srajaamu\OneDrive - UHG\Topaz_automation\WorkFlow_Topaz\logs\application.log
2026-09-23 13:20:52 INFO    [MainThread] it_asset_app: Python: 3.14.7 | frozen: False
2026-09-23 13:20:52 INFO    [MainThread] it_asset_app: AD helper: subprocess started (pid=35476)
2026-09-23 13:21:08 INFO    [MainThread] it_asset_app: WizardApp: closing (user closed the window)
2026-09-23 13:21:08 INFO    [MainThread] it_asset_app: WizardApp: closed
2026-09-23 13:22:09 INFO    [MainThread] it_asset_app: ======================================================================
2026-09-23 13:22:09 INFO    [MainThread] it_asset_app: App starting - log file: C:\Users\srajaamu\OneDrive - UHG\Topaz_automation\WorkFlow_Topaz\logs\application.log
2026-09-23 13:22:09 INFO    [MainThread] it_asset_app: Python: 3.14.7 | frozen: False
2026-09-23 13:22:09 INFO    [MainThread] it_asset_app: WizardApp: starting up. ad_lookup_mode='ssrs_report' use_topaz_pad=True bu_templates_folder='bu_templates' root_save_folder='Z:/Topaz_auto' operator_name='Sriram'
2026-09-23 13:22:09 INFO    [MainThread] it_asset_app: WizardApp: GUI ready
2026-09-23 13:22:09 INFO    [Thread-1 (start)] it_asset_app: AD helper: launched new subprocess (pid=19200): ['C:\\Program Files\\Python314\\python.exe', 'C:\\Users\\srajaamu\\OneDrive - UHG\\Topaz_automation\\WorkFlow_Topaz\\app.py', '--webview-helper']
2026-09-23 13:22:09 INFO    [MainThread] it_asset_app: Startup health check: [('Microsoft Word', True, ''), ('Signing Certificate', True, ''), ('SSRS Asset Report', True, 'Available'), ('Save Folder', True, 'Z:/Topaz_auto'), ('BU Templates', True, '5 loaded')]
2026-09-23 13:22:10 INFO    [MainThread] it_asset_app: ======================================================================
2026-09-23 13:22:10 INFO    [MainThread] it_asset_app: App starting - log file: C:\Users\srajaamu\OneDrive - UHG\Topaz_automation\WorkFlow_Topaz\logs\application.log
2026-09-23 13:22:10 INFO    [MainThread] it_asset_app: Python: 3.14.7 | frozen: False
2026-09-23 13:22:10 INFO    [MainThread] it_asset_app: AD helper: subprocess started (pid=19200)
2026-09-23 13:22:14 INFO    [MainThread] it_asset_app: SSRS asset report: status='Available' records=1803 error=''
2026-09-23 13:29:13 INFO    [MainThread] it_asset_app: WizardApp: closing (user closed the window)
2026-09-23 13:29:14 INFO    [MainThread] it_asset_app: WizardApp: closed
2026-09-23 13:29:19 INFO    [MainThread] it_asset_app: ======================================================================
2026-09-23 13:29:19 INFO    [MainThread] it_asset_app: App starting - log file: C:\Users\srajaamu\OneDrive - UHG\Topaz_automation\WorkFlow_Topaz\logs\application.log
2026-09-23 13:29:19 INFO    [MainThread] it_asset_app: Python: 3.14.7 | frozen: False
2026-09-23 13:29:19 INFO    [MainThread] it_asset_app: WizardApp: starting up. ad_lookup_mode='ssrs_report' use_topaz_pad=True bu_templates_folder='bu_templates' root_save_folder='Z:/Topaz_auto' operator_name='Sriram'
2026-09-23 13:29:19 INFO    [MainThread] it_asset_app: WizardApp: GUI ready
2026-09-23 13:29:19 INFO    [Thread-1 (start)] it_asset_app: AD helper: launched new subprocess (pid=32592): ['C:\\Program Files\\Python314\\python.exe', 'C:\\Users\\srajaamu\\OneDrive - UHG\\Topaz_automation\\WorkFlow_Topaz\\app.py', '--webview-helper']
2026-09-23 13:29:20 INFO    [MainThread] it_asset_app: Startup health check: [('Microsoft Word', True, ''), ('Signing Certificate', True, ''), ('SSRS Asset Report', True, 'Available'), ('Save Folder', True, 'Z:/Topaz_auto'), ('BU Templates', True, '5 loaded')]
2026-09-23 13:29:20 INFO    [MainThread] it_asset_app: ======================================================================
2026-09-23 13:29:20 INFO    [MainThread] it_asset_app: App starting - log file: C:\Users\srajaamu\OneDrive - UHG\Topaz_automation\WorkFlow_Topaz\logs\application.log
2026-09-23 13:29:20 INFO    [MainThread] it_asset_app: Python: 3.14.7 | frozen: False
2026-09-23 13:29:20 INFO    [MainThread] it_asset_app: AD helper: subprocess started (pid=32592)
2026-09-23 13:29:24 INFO    [MainThread] it_asset_app: SSRS asset report: status='Available' records=1803 error=''
2026-09-23 13:42:56 CRITICAL [MainThread] it_asset_app: UNCAUGHT EXCEPTION
Traceback (most recent call last):
  File "C:\Users\srajaamu\OneDrive - UHG\Topaz_automation\WorkFlow_Topaz\app.py", line 6478, in <module>
    app.mainloop()
    ~~~~~~~~~~~~^^
  File "C:\Program Files\Python314\Lib\tkinter\__init__.py", line 1625, in mainloop
    self.tk.mainloop(n)
    ~~~~~~~~~~~~~~~~^^^
KeyboardInterrupt
2026-09-23 13:51:08 INFO    [MainThread] it_asset_app: ======================================================================
2026-09-23 13:51:08 INFO    [MainThread] it_asset_app: App starting - log file: C:\Users\srajaamu\OneDrive - UHG\Topaz_automation\WorkFlow_Topaz\logs\application.log
2026-09-23 13:51:08 INFO    [MainThread] it_asset_app: Python: 3.14.7 | frozen: False
2026-09-23 13:51:08 INFO    [MainThread] it_asset_app: WizardApp: starting up. ad_lookup_mode='ssrs_report' use_topaz_pad=True bu_templates_folder='bu_templates' root_save_folder='Z:/Topaz_auto' operator_name='Sriram'
2026-09-23 13:51:08 INFO    [MainThread] it_asset_app: WizardApp: GUI ready
2026-09-23 13:51:08 INFO    [Thread-1 (start)] it_asset_app: AD helper: launched new subprocess (pid=33696): ['C:\\Program Files\\Python314\\python.exe', 'C:\\Users\\srajaamu\\OneDrive - UHG\\Topaz_automation\\WorkFlow_Topaz\\app.py', '--webview-helper']
2026-09-23 13:51:09 INFO    [MainThread] it_asset_app: Startup health check: [('Microsoft Word', True, ''), ('Signing Certificate', True, ''), ('SSRS Asset Report', True, 'Available'), ('Save Folder', True, 'Z:/Topaz_auto'), ('BU Templates', True, '5 loaded')]
2026-09-23 13:51:10 INFO    [MainThread] it_asset_app: ======================================================================
2026-09-23 13:51:10 INFO    [MainThread] it_asset_app: App starting - log file: C:\Users\srajaamu\OneDrive - UHG\Topaz_automation\WorkFlow_Topaz\logs\application.log
2026-09-23 13:51:10 INFO    [MainThread] it_asset_app: Python: 3.14.7 | frozen: False
2026-09-23 13:51:10 INFO    [MainThread] it_asset_app: AD helper: subprocess started (pid=33696)
2026-09-23 13:51:15 INFO    [MainThread] it_asset_app: SSRS asset report: status='Available' records=1803 error=''
2026-09-23 13:51:24 INFO    [Thread-4 (worker)] it_asset_app: SSRS asset report: downloading (force=True) -> 'C:\\Users\\srajaamu\\OneDrive - UHG\\Topaz_automation\\WorkFlow_Topaz\\cache\\ssrs_asset_report.xlsx'
2026-09-23 13:51:44 INFO    [MainThread] it_asset_app: SSRS asset report: status='Available' records=1803 error=''
2026-09-23 15:21:31 INFO    [Thread-5 (worker)] it_asset_app: SSRS asset report: downloading (force=True) -> 'C:\\Users\\srajaamu\\OneDrive - UHG\\Topaz_automation\\WorkFlow_Topaz\\cache\\ssrs_asset_report.xlsx'
2026-09-23 15:21:55 INFO    [MainThread] it_asset_app: SSRS asset report: status='Available' records=1803 error=''
2026-09-23 15:33:10 INFO    [Thread-6 (worker)] it_asset_app: AD helper: launched new subprocess (pid=34392): ['C:\\Program Files\\Python314\\python.exe', 'C:\\Users\\srajaamu\\OneDrive - UHG\\Topaz_automation\\WorkFlow_Topaz\\app.py', '--webview-helper']
2026-09-23 15:33:10 INFO    [MainThread] it_asset_app: ======================================================================
2026-09-23 15:33:10 INFO    [MainThread] it_asset_app: App starting - log file: C:\Users\srajaamu\OneDrive - UHG\Topaz_automation\WorkFlow_Topaz\logs\application.log
2026-09-23 15:33:10 INFO    [MainThread] it_asset_app: Python: 3.14.7 | frozen: False
2026-09-23 15:33:10 INFO    [MainThread] it_asset_app: AD helper: subprocess started (pid=34392)
2026-09-23 15:33:10 ERROR   [MainThread] it_asset_app: AD lookup failed for the active Employee ID (showing friendly message to operator): CONFIG -> ad_lookup_ssrs.search_page_url must be set to your real 'Active Directory Search' report URL. See README.md.
Traceback (most recent call last):
  File "C:\Users\srajaamu\OneDrive - UHG\Topaz_automation\WorkFlow_Topaz\app.py", line 5016, in worker
    candidates = self.browser_session.search(emp_id)
  File "C:\Users\srajaamu\OneDrive - UHG\Topaz_automation\WorkFlow_Topaz\app.py", line 810, in search
    raise RuntimeError(result["error"])
RuntimeError: CONFIG -> ad_lookup_ssrs.search_page_url must be set to your real 'Active Directory Search' report URL. See README.md.
2026-09-23 15:33:15 INFO    [Thread-8 (worker)] it_asset_app: AD helper: launched new subprocess (pid=35940): ['C:\\Program Files\\Python314\\python.exe', 'C:\\Users\\srajaamu\\OneDrive - UHG\\Topaz_automation\\WorkFlow_Topaz\\app.py', '--webview-helper']
2026-09-23 15:33:16 INFO    [MainThread] it_asset_app: ======================================================================
2026-09-23 15:33:16 INFO    [MainThread] it_asset_app: App starting - log file: C:\Users\srajaamu\OneDrive - UHG\Topaz_automation\WorkFlow_Topaz\logs\application.log
2026-09-23 15:33:16 INFO    [MainThread] it_asset_app: Python: 3.14.7 | frozen: False
2026-09-23 15:33:16 INFO    [MainThread] it_asset_app: AD helper: subprocess started (pid=35940)
2026-09-23 15:33:16 ERROR   [MainThread] it_asset_app: AD lookup failed for the active Employee ID (showing friendly message to operator): CONFIG -> ad_lookup_ssrs.search_page_url must be set to your real 'Active Directory Search' report URL. See README.md.
Traceback (most recent call last):
  File "C:\Users\srajaamu\OneDrive - UHG\Topaz_automation\WorkFlow_Topaz\app.py", line 5016, in worker
    candidates = self.browser_session.search(emp_id)
  File "C:\Users\srajaamu\OneDrive - UHG\Topaz_automation\WorkFlow_Topaz\app.py", line 810, in search
    raise RuntimeError(result["error"])
RuntimeError: CONFIG -> ad_lookup_ssrs.search_page_url must be set to your real 'Active Directory Search' report URL. See README.md.
2026-09-23 15:33:27 INFO    [Thread-10 (worker)] it_asset_app: AD helper: launched new subprocess (pid=32420): ['C:\\Program Files\\Python314\\python.exe', 'C:\\Users\\srajaamu\\OneDrive - UHG\\Topaz_automation\\WorkFlow_Topaz\\app.py', '--webview-helper']
2026-09-23 15:33:28 INFO    [MainThread] it_asset_app: ======================================================================
2026-09-23 15:33:28 INFO    [MainThread] it_asset_app: App starting - log file: C:\Users\srajaamu\OneDrive - UHG\Topaz_automation\WorkFlow_Topaz\logs\application.log
2026-09-23 15:33:28 INFO    [MainThread] it_asset_app: Python: 3.14.7 | frozen: False
2026-09-23 15:33:28 INFO    [MainThread] it_asset_app: AD helper: subprocess started (pid=32420)
2026-09-23 15:33:28 ERROR   [MainThread] it_asset_app: AD lookup failed for the active Employee ID (showing friendly message to operator): CONFIG -> ad_lookup_ssrs.search_page_url must be set to your real 'Active Directory Search' report URL. See README.md.
Traceback (most recent call last):
  File "C:\Users\srajaamu\OneDrive - UHG\Topaz_automation\WorkFlow_Topaz\app.py", line 5016, in worker
    candidates = self.browser_session.search(emp_id)
  File "C:\Users\srajaamu\OneDrive - UHG\Topaz_automation\WorkFlow_Topaz\app.py", line 810, in search
    raise RuntimeError(result["error"])
RuntimeError: CONFIG -> ad_lookup_ssrs.search_page_url must be set to your real 'Active Directory Search' report URL. See README.md.
2026-09-23 15:33:28 INFO    [Thread-12 (worker)] it_asset_app: AD helper: launched new subprocess (pid=11872): ['C:\\Program Files\\Python314\\python.exe', 'C:\\Users\\srajaamu\\OneDrive - UHG\\Topaz_automation\\WorkFlow_Topaz\\app.py', '--webview-helper']
2026-09-23 15:33:29 INFO    [MainThread] it_asset_app: ======================================================================
2026-09-23 15:33:29 INFO    [MainThread] it_asset_app: App starting - log file: C:\Users\srajaamu\OneDrive - UHG\Topaz_automation\WorkFlow_Topaz\logs\application.log
2026-09-23 15:33:29 INFO    [MainThread] it_asset_app: Python: 3.14.7 | frozen: False
2026-09-23 15:33:29 INFO    [MainThread] it_asset_app: AD helper: subprocess started (pid=11872)
2026-09-23 15:33:29 ERROR   [MainThread] it_asset_app: AD lookup failed for the active Employee ID (showing friendly message to operator): CONFIG -> ad_lookup_ssrs.search_page_url must be set to your real 'Active Directory Search' report URL. See README.md.
Traceback (most recent call last):
  File "C:\Users\srajaamu\OneDrive - UHG\Topaz_automation\WorkFlow_Topaz\app.py", line 5016, in worker
    candidates = self.browser_session.search(emp_id)
  File "C:\Users\srajaamu\OneDrive - UHG\Topaz_automation\WorkFlow_Topaz\app.py", line 810, in search
    raise RuntimeError(result["error"])
RuntimeError: CONFIG -> ad_lookup_ssrs.search_page_url must be set to your real 'Active Directory Search' report URL. See README.md.
2026-09-23 15:33:39 INFO    [Thread-14 (worker)] it_asset_app: AD helper: launched new subprocess (pid=17576): ['C:\\Program Files\\Python314\\python.exe', 'C:\\Users\\srajaamu\\OneDrive - UHG\\Topaz_automation\\WorkFlow_Topaz\\app.py', '--webview-helper']
2026-09-23 15:33:40 INFO    [MainThread] it_asset_app: ======================================================================
2026-09-23 15:33:40 INFO    [MainThread] it_asset_app: App starting - log file: C:\Users\srajaamu\OneDrive - UHG\Topaz_automation\WorkFlow_Topaz\logs\application.log
2026-09-23 15:33:40 INFO    [MainThread] it_asset_app: Python: 3.14.7 | frozen: False
2026-09-23 15:33:40 INFO    [MainThread] it_asset_app: AD helper: subprocess started (pid=17576)
2026-09-23 15:33:40 ERROR   [MainThread] it_asset_app: AD lookup failed for the active Employee ID (showing friendly message to operator): CONFIG -> ad_lookup_ssrs.search_page_url must be set to your real 'Active Directory Search' report URL. See README.md.
Traceback (most recent call last):
  File "C:\Users\srajaamu\OneDrive - UHG\Topaz_automation\WorkFlow_Topaz\app.py", line 5016, in worker
    candidates = self.browser_session.search(emp_id)
  File "C:\Users\srajaamu\OneDrive - UHG\Topaz_automation\WorkFlow_Topaz\app.py", line 810, in search
    raise RuntimeError(result["error"])
RuntimeError: CONFIG -> ad_lookup_ssrs.search_page_url must be set to your real 'Active Directory Search' report URL. See README.md.
2026-09-23 15:36:54 INFO    [MainThread] it_asset_app: ======================================================================
2026-09-23 15:36:54 INFO    [MainThread] it_asset_app: App starting - log file: C:\Users\srajaamu\OneDrive - UHG\Topaz_automation\WorkFlow_Topaz\logs\application.log
2026-09-23 15:36:54 INFO    [MainThread] it_asset_app: Python: 3.14.7 | frozen: False
2026-09-23 15:36:54 INFO    [MainThread] it_asset_app: WizardApp: starting up. ad_lookup_mode='ssrs_report' use_topaz_pad=True bu_templates_folder='bu_templates' root_save_folder='Z:/Topaz_auto' operator_name='Sriram'
2026-09-23 15:36:54 INFO    [MainThread] it_asset_app: WizardApp: GUI ready
2026-09-23 15:36:54 INFO    [Thread-1 (start)] it_asset_app: AD helper: launched new subprocess (pid=36016): ['C:\\Program Files\\Python314\\python.exe', 'C:\\Users\\srajaamu\\OneDrive - UHG\\Topaz_automation\\WorkFlow_Topaz\\app.py', '--webview-helper']
2026-09-23 15:36:55 INFO    [MainThread] it_asset_app: Startup health check: [('Microsoft Word', True, ''), ('Signing Certificate', True, ''), ('SSRS Asset Report', True, 'Available'), ('Save Folder', True, 'Z:/Topaz_auto'), ('BU Templates', True, '5 loaded')]
2026-09-23 15:36:55 INFO    [MainThread] it_asset_app: ======================================================================
2026-09-23 15:36:55 INFO    [MainThread] it_asset_app: App starting - log file: C:\Users\srajaamu\OneDrive - UHG\Topaz_automation\WorkFlow_Topaz\logs\application.log
2026-09-23 15:36:55 INFO    [MainThread] it_asset_app: Python: 3.14.7 | frozen: False
2026-09-23 15:36:55 INFO    [MainThread] it_asset_app: AD helper: subprocess started (pid=36016)
2026-09-23 15:36:59 INFO    [MainThread] it_asset_app: SSRS asset report: status='Available' records=1803 error=''
2026-09-23 15:37:20 INFO    [Thread-4 (worker)] it_asset_app: AD helper: launched new subprocess (pid=26160): ['C:\\Program Files\\Python314\\python.exe', 'C:\\Users\\srajaamu\\OneDrive - UHG\\Topaz_automation\\WorkFlow_Topaz\\app.py', '--webview-helper']
2026-09-23 15:37:20 INFO    [MainThread] it_asset_app: ======================================================================
2026-09-23 15:37:20 INFO    [MainThread] it_asset_app: App starting - log file: C:\Users\srajaamu\OneDrive - UHG\Topaz_automation\WorkFlow_Topaz\logs\application.log
2026-09-23 15:37:20 INFO    [MainThread] it_asset_app: Python: 3.14.7 | frozen: False
2026-09-23 15:37:21 INFO    [MainThread] it_asset_app: AD helper: subprocess started (pid=26160)
2026-09-23 15:37:21 INFO    [Thread-1 (stdin_reader)] it_asset_app: AD helper: received lookup request_id='da1468ec7c0f4eef944e51eb1777b54f' emp_id='002226527'
2026-09-23 15:37:25 INFO    [Thread-1 (stdin_reader)] it_asset_app: AD lookup: starting search for emp_id='002226527' (header_keyword='EmployeeID', name_column='Employee Name')
2026-09-23 15:37:25 DEBUG   [Thread-1 (stdin_reader)] it_asset_app: AD lookup: filled search textbox OK
2026-09-23 15:37:25 DEBUG   [Thread-1 (stdin_reader)] it_asset_app: AD lookup: clicked 'View Report' button OK
2026-09-23 15:37:27 DEBUG   [Thread-1 (stdin_reader)] it_asset_app: AD lookup: results table ready after 2.0s
2026-09-23 15:37:27 DEBUG   [Thread-1 (stdin_reader)] it_asset_app: AD lookup: extracted 1 row(s) via strategy='single-table'; tables seen on page: [{'headers': ['Loading...\nCancel\n\n\n\xa0\t\t\t\xa0\t\t\t\xa0\t\t\n\t\t\t\t\t\tSearch AD for MSID, EmployeeID, or Email Address (one entry per line)\t\n\t\n\t\n\t\t\n\n\n\n\n\t\t\n\t\t\t\tof\t\t0\t\t\n\t\t\n\t\n\t\nPage Width\nWhole Page\n500%\n200%\n150%\n100%\n75%\n50%\n25%\n10%\n\t\n\t\n\t\n\t\tFind\t\t\n\t\t|\t\tNext'], 'rowCount': 1, 'matched': False}, {'headers': ['', 'Loading...\nCancel'], 'rowCount': 1, 'matched': False}, {'headers': ['', '', ''], 'rowCount': 5, 'matched': False}, {'headers': ['Search AD for MSID, EmployeeID, or Email Address (one entry per line)', '', ''], 'rowCount': 1, 'matched': False}, {'headers': ['', '', '', '', '', '', '', '', ''], 'rowCount': 2, 'matched': False}, {'headers': ['', ''], 'rowCount': 1, 'matched': False}, {'headers': ['', '', '', '', '', '', 'of', '', '0', '', '', '', ''], 'rowCount': 1, 'matched': False}, {'headers': [''], 'rowCount': 1, 'matched': False}, {'headers': [''], 'rowCount': 1, 'matched': False}, {'headers': [''], 'rowCount': 1, 'matched': False}, {'headers': [''], 'rowCount': 1, 'matched': False}, {'headers': [''], 'rowCount': 1, 'matched': False}, {'headers': [''], 'rowCount': 1, 'matched': False}, {'headers': [''], 'rowCount': 1, 'matched': False}, {'headers': [''], 'rowCount': 1, 'matched': False}, {'headers': [''], 'rowCount': 1, 'matched': False}, {'headers': [''], 'rowCount': 1, 'matched': False}, {'headers': [''], 'rowCount': 1, 'matched': False}, {'headers': ['Page Width\nWhole Page\n500%\n200%\n150%\n100%\n75%\n50%\n25%\n10%'], 'rowCount': 1, 'matched': False}, {'headers': ['Word\n\t\t\t\t\t\t\t\t\t\n\t\t\t\t\t\t\t\t\t\tExcel\n\t\t\t\t\t\t\t\t\t\n\t\t\t\t\t\t\t\t\t\tPowerPoint\n\t\t\t\t\t\t\t\t\t\n\t\t\t\t\t\t\t\t\t\tPDF\n\t\t\t\t\t\t\t\t\t\n\t\t\t\t\t\t\t\t\t\tTIFF file\n\t\t\t\t\t\t\t\t\t\n\t\t\t\t\t\t\t\t\t\tMHTML (web archive)\n\t\t\t\t\t\t\t\t\t\n\t\t\t\t\t\t\t\t\t\tCSV (comma delimited)\n\t\t\t\t\t\t\t\t\t\n\t\t\t\t\t\t\t\t\t\tXML file with report data\n\t\t\t\t\t\t\t\t\t\n\t\t\t\t\t\t\t\t\t\tData Feed'], 'rowCount': 1, 'matched': False}, {'headers': [''], 'rowCount': 1, 'matched': False}, {'headers': [''], 'rowCount': 1, 'matched': False}, {'headers': [''], 'rowCount': 1, 'matched': False}, {'headers': [''], 'rowCount': 1, 'matched': False}, {'headers': ['', '', 'Find', '', '', '', '|', '', 'Next', '', ''], 'rowCount': 1, 'matched': False}, {'headers': ['Active Directory Search (MS domain)\xa0(data is refreshed once every 24 hours) - data current as of: 9/23/2026 2:01:02 AM Central TimeBookmark this URL (not the site it takes you to): https://goto.optum.com/ActiveDirectoryInfoFor additional options, bookmark this url (not the site it takes you to): https://goto.optum.com/ActiveDirectoryInfo2EnabledEmployeeIDMSIDEmployee NameCorporate Email Boxuht-IdentityManagment-MailUserPrincipalNameEmployee TypeAccountTypePostal CodeDepartmentManager EmployeeIDManager MSIDManager NameManager EmailBusiness UnitOperating UnitLocationDepartmentTRUE002226527kelayapeElayaperumal, Karikalankarikalan.elayaperumal@optum.comkarikalan.elayaperumal@optum.comkarikalan.elayaperumal@optum.comEPII025OI Operations002225173jjose169Joseph, Jineshjinesh.joseph@optum.com4821006290INDIN025804954'], 'rowCount': 1, 'matched': False}, {'headers': ['Active Directory Search (MS domain)\xa0(data is refreshed once every 24 hours) - data current as of: 9/23/2026 2:01:02 AM Central TimeBookmark this URL (not the site it takes you to): https://goto.optum.com/ActiveDirectoryInfoFor additional options, bookmark this url (not the site it takes you to): https://goto.optum.com/ActiveDirectoryInfo2EnabledEmployeeIDMSIDEmployee NameCorporate Email Boxuht-IdentityManagment-MailUserPrincipalNameEmployee TypeAccountTypePostal CodeDepartmentManager EmployeeIDManager MSIDManager NameManager EmailBusiness UnitOperating UnitLocationDepartmentTRUE002226527kelayapeElayaperumal, Karikalankarikalan.elayaperumal@optum.comkarikalan.elayaperumal@optum.comkarikalan.elayaperumal@optum.comEPII025OI Operations002225173jjose169Joseph, Jineshjinesh.joseph@optum.com4821006290INDIN025804954'], 'rowCount': 2, 'matched': False}, {'headers': ['Active Directory Search (MS domain)\xa0(data is refreshed once every 24 hours) - data current as of: 9/23/2026 2:01:02 AM Central TimeBookmark this URL (not the site it takes you to): https://goto.optum.com/ActiveDirectoryInfoFor additional options, bookmark this url (not the site it takes you to): https://goto.optum.com/ActiveDirectoryInfo2EnabledEmployeeIDMSIDEmployee NameCorporate Email Boxuht-IdentityManagment-MailUserPrincipalNameEmployee TypeAccountTypePostal CodeDepartmentManager EmployeeIDManager MSIDManager NameManager EmailBusiness UnitOperating UnitLocationDepartmentTRUE002226527kelayapeElayaperumal, Karikalankarikalan.elayaperumal@optum.comkarikalan.elayaperumal@optum.comkarikalan.elayaperumal@optum.comEPII025OI Operations002225173jjose169Joseph, Jineshjinesh.joseph@optum.com4821006290INDIN025804954'], 'rowCount': 1, 'matched': False}, {'headers': ['', '', '', '', '', '', '', ''], 'rowCount': 7, 'matched': False}, {'headers': ['Enabled', 'EmployeeID', 'MSID', 'Employee Name', 'Corporate Email Box', 'uht-IdentityManagment-Mail', 'UserPrincipalName', 'Employee Type', 'AccountType', 'Postal Code', 'Department', 'Manager EmployeeID', 'Manager MSID', 'Manager Name', 'Manager Email', 'Business Unit', 'Operating Unit', 'Location', 'Department'], 'rowCount': 1, 'matched': True}]
2026-09-23 15:37:27 DEBUG   [Thread-1 (stdin_reader)] it_asset_app: AD lookup: raw extracted rows: [{'Enabled': 'TRUE', 'EmployeeID': '002226527', 'MSID': 'kelayape', 'Employee Name': 'Elayaperumal, Karikalan', 'Corporate Email Box': 'karikalan.elayaperumal@optum.com', 'uht-IdentityManagment-Mail': 'karikalan.elayaperumal@optum.com', 'UserPrincipalName': 'karikalan.elayaperumal@optum.com', 'Employee Type': 'E', 'AccountType': 'P', 'Postal Code': 'II025', 'Department': 'OI Operations', 'Manager EmployeeID': '002225173', 'Manager MSID': 'jjose169', 'Manager Name': 'Joseph, Jinesh', 'Manager Email': 'jinesh.joseph@optum.com', 'Business Unit': '48210', 'Operating Unit': '06290', 'Location': 'INDIN025'}]
2026-09-23 15:37:27 DEBUG   [Thread-1 (stdin_reader)] it_asset_app: AD lookup: mapped fields from row: {'emp_name': 'Elayaperumal, Karikalan', 'manager_name': 'Joseph, Jinesh', 'contact_number': '', 'department': 'OI Operations', 'email': 'karikalan.elayaperumal@optum.com', 'designation': 'E', 'msid': 'kelayape', 'employee_id_confirmed': '002226527', 'manager_email': 'jinesh.joseph@optum.com', 'manager_msid': 'jjose169', 'manager_employee_id': '002225173', 'account_enabled': 'TRUE'}
2026-09-23 15:37:27 INFO    [Thread-1 (stdin_reader)] it_asset_app: AD lookup: SUCCESS for emp_id='002226527' - 1 candidate(s), emp_name='Elayaperumal, Karikalan' manager_name='Joseph, Jinesh'
2026-09-23 15:37:27 INFO    [Thread-1 (stdin_reader)] it_asset_app: AD helper: sending 1 candidate(s) back for request_id='da1468ec7c0f4eef944e51eb1777b54f'
2026-09-23 15:37:27 INFO    [Thread-1 (stdin_reader)] it_asset_app: AD helper: auto-hid lookup window after successful result (request_id='da1468ec7c0f4eef944e51eb1777b54f')
2026-09-23 15:38:02 INFO    [Thread-1 (stdin_reader)] it_asset_app: AD helper: received lookup request_id='28512570cab34f65aa9a726211188f9e' emp_id='002226209'
2026-09-23 15:38:02 INFO    [Thread-1 (stdin_reader)] it_asset_app: AD lookup: starting search for emp_id='002226209' (header_keyword='EmployeeID', name_column='Employee Name')
2026-09-23 15:38:02 DEBUG   [Thread-1 (stdin_reader)] it_asset_app: AD lookup: filled search textbox OK
2026-09-23 15:38:02 DEBUG   [Thread-1 (stdin_reader)] it_asset_app: AD lookup: clicked 'View Report' button OK
2026-09-23 15:38:02 DEBUG   [Thread-1 (stdin_reader)] it_asset_app: AD lookup: results table ready after 0.0s
2026-09-23 15:38:02 DEBUG   [Thread-1 (stdin_reader)] it_asset_app: AD lookup: extracted 1 row(s) via strategy='single-table'; tables seen on page: [{'headers': ['Search AD for MSID, EmployeeID, or Email Address (one entry per line)\t\n\t\n\t\n\t\t\n\n\n\n\n\t\t\n\t\t\t\tof\t\t1\t\t\n\t\t\n\t\n\t\nPage Width\nWhole Page\n500%\n200%\n150%\n100%\n75%\n50%\n25%\n10%\n\t\n\t\n\t\n\t\tFind\t\t\n\t\t|\t\tNext\t\t\n\n\n\t\t\t\t\t\t\t\n\t\t\n\t\n\t\t\t\nActive Directory Search (MS domain)\n\xa0\n(data is refreshed once every 24 hours) - data current as of: 9/23/2026 2:01:02 AM Central Time\n\t\n\t\n\t\nBookmark this URL (not the site it takes you to): https://goto.optum.com/ActiveDirectoryInfo\nFor additional options, bookmark this url (not the site it takes you to): https://goto.optum.com/ActiveDirectoryInfo2\n\t\n\t\n\t\t\n\t\t\t\t\t\t\t\t\t\t\t\t\t\t\t\t\t\t\n\nEnabled\n\t\nEmployeeID\n\t\nMSID\n\t\nEmployee Name\n\t\nCorporate Email Box\n\t\nuht-IdentityManagment-Mail\n\t\nUserPrincipalName\n\t\nEmployee Type\n\t\nAccountType\n\t\nPostal Code\n\t\nDepartment\n\t\nManager EmployeeID\n\t\nManager MSID\n\t\nManager Name\n\t\nManager Email\n\t\nBusiness Unit\n\t\nOperating Unit\n\t\nLocation\n\t\nDepartment\n\n\nTRUE\n\t\n002226527\n\t\nkelayape\n\t\nElayaperumal, Karikalan\n\t\nkarikalan.elayaperumal@optum.com\n\t\nkarikalan.elayaperumal@optum.com\n\t\nkarikalan.elayaperumal@optum.com\n\t\nE\n\t\nP\n\t\nII025\n\t\nOI Operations\n\t\n002225173\n\t\njjose169\n\t\nJoseph, Jinesh\n\t\njinesh.joseph@optum.com\n\t\n48210\n\t\n06290\n\t\nINDIN025\n\t\n804954'], 'rowCount': 1, 'matched': False}, {'headers': ['', 'Loading...\n\t\t\t\t\tCancel'], 'rowCount': 1, 'matched': False}, {'headers': ['', '', ''], 'rowCount': 5, 'matched': False}, {'headers': ['Search AD for MSID, EmployeeID, or Email Address (one entry per line)', '', ''], 'rowCount': 1, 'matched': False}, {'headers': ['', '', '', '', '', '', '', '', ''], 'rowCount': 2, 'matched': False}, {'headers': ['', ''], 'rowCount': 1, 'matched': False}, {'headers': ['', '', '', '', '', '', 'of', '', '1', '', '', '', ''], 'rowCount': 1, 'matched': False}, {'headers': [''], 'rowCount': 1, 'matched': False}, {'headers': [''], 'rowCount': 1, 'matched': False}, {'headers': [''], 'rowCount': 1, 'matched': False}, {'headers': [''], 'rowCount': 1, 'matched': False}, {'headers': [''], 'rowCount': 1, 'matched': False}, {'headers': [''], 'rowCount': 1, 'matched': False}, {'headers': [''], 'rowCount': 1, 'matched': False}, {'headers': [''], 'rowCount': 1, 'matched': False}, {'headers': [''], 'rowCount': 1, 'matched': False}, {'headers': [''], 'rowCount': 1, 'matched': False}, {'headers': [''], 'rowCount': 1, 'matched': False}, {'headers': ['Page Width\nWhole Page\n500%\n200%\n150%\n100%\n75%\n50%\n25%\n10%'], 'rowCount': 1, 'matched': False}, {'headers': ['Word\n\t\t\t\t\t\t\t\t\t\n\t\t\t\t\t\t\t\t\t\tExcel\n\t\t\t\t\t\t\t\t\t\n\t\t\t\t\t\t\t\t\t\tPowerPoint\n\t\t\t\t\t\t\t\t\t\n\t\t\t\t\t\t\t\t\t\tPDF\n\t\t\t\t\t\t\t\t\t\n\t\t\t\t\t\t\t\t\t\tTIFF file\n\t\t\t\t\t\t\t\t\t\n\t\t\t\t\t\t\t\t\t\tMHTML (web archive)\n\t\t\t\t\t\t\t\t\t\n\t\t\t\t\t\t\t\t\t\tCSV (comma delimited)\n\t\t\t\t\t\t\t\t\t\n\t\t\t\t\t\t\t\t\t\tXML file with report data\n\t\t\t\t\t\t\t\t\t\n\t\t\t\t\t\t\t\t\t\tData Feed'], 'rowCount': 1, 'matched': False}, {'headers': [''], 'rowCount': 1, 'matched': False}, {'headers': [''], 'rowCount': 1, 'matched': False}, {'headers': [''], 'rowCount': 1, 'matched': False}, {'headers': [''], 'rowCount': 1, 'matched': False}, {'headers': ['', '', 'Find', '', '', '', '|', '', 'Next', '', ''], 'rowCount': 1, 'matched': False}, {'headers': ['Active Directory Search (MS domain)\n\xa0\n(data is refreshed once every 24 hours) - data current as of: 9/23/2026 2:01:02 AM Central Time\n\t\n\t\n\t\nBookmark this URL (not the site it takes you to): https://goto.optum.com/ActiveDirectoryInfo\nFor additional options, bookmark this url (not the site it takes you to): https://goto.optum.com/ActiveDirectoryInfo2\n\t\n\t\n\t\t\n\t\t\t\t\t\t\t\t\t\t\t\t\t\t\t\t\t\t\n\nEnabled\n\t\nEmployeeID\n\t\nMSID\n\t\nEmployee Name\n\t\nCorporate Email Box\n\t\nuht-IdentityManagment-Mail\n\t\nUserPrincipalName\n\t\nEmployee Type\n\t\nAccountType\n\t\nPostal Code\n\t\nDepartment\n\t\nManager EmployeeID\n\t\nManager MSID\n\t\nManager Name\n\t\nManager Email\n\t\nBusiness Unit\n\t\nOperating Unit\n\t\nLocation\n\t\nDepartment\n\n\nTRUE\n\t\n002226527\n\t\nkelayape\n\t\nElayaperumal, Karikalan\n\t\nkarikalan.elayaperumal@optum.com\n\t\nkarikalan.elayaperumal@optum.com\n\t\nkarikalan.elayaperumal@optum.com\n\t\nE\n\t\nP\n\t\nII025\n\t\nOI Operations\n\t\n002225173\n\t\njjose169\n\t\nJoseph, Jinesh\n\t\njinesh.joseph@optum.com\n\t\n48210\n\t\n06290\n\t\nINDIN025\n\t\n804954'], 'rowCount': 1, 'matched': False}, {'headers': ['Active Directory Search (MS domain)\n\xa0\n(data is refreshed once every 24 hours) - data current as of: 9/23/2026 2:01:02 AM Central Time\n\t\n\t\n\t\nBookmark this URL (not the site it takes you to): https://goto.optum.com/ActiveDirectoryInfo\nFor additional options, bookmark this url (not the site it takes you to): https://goto.optum.com/ActiveDirectoryInfo2\n\t\n\t\n\t\t\n\t\t\t\t\t\t\t\t\t\t\t\t\t\t\t\t\t\t\n\nEnabled\n\t\nEmployeeID\n\t\nMSID\n\t\nEmployee Name\n\t\nCorporate Email Box\n\t\nuht-IdentityManagment-Mail\n\t\nUserPrincipalName\n\t\nEmployee Type\n\t\nAccountType\n\t\nPostal Code\n\t\nDepartment\n\t\nManager EmployeeID\n\t\nManager MSID\n\t\nManager Name\n\t\nManager Email\n\t\nBusiness Unit\n\t\nOperating Unit\n\t\nLocation\n\t\nDepartment\n\n\nTRUE\n\t\n002226527\n\t\nkelayape\n\t\nElayaperumal, Karikalan\n\t\nkarikalan.elayaperumal@optum.com\n\t\nkarikalan.elayaperumal@optum.com\n\t\nkarikalan.elayaperumal@optum.com\n\t\nE\n\t\nP\n\t\nII025\n\t\nOI Operations\n\t\n002225173\n\t\njjose169\n\t\nJoseph, Jinesh\n\t\njinesh.joseph@optum.com\n\t\n48210\n\t\n06290\n\t\nINDIN025\n\t\n804954'], 'rowCount': 2, 'matched': False}, {'headers': ['Active Directory Search (MS domain)\n\xa0\n(data is refreshed once every 24 hours) - data current as of: 9/23/2026 2:01:02 AM Central Time\n\t\n\t\n\t\nBookmark this URL (not the site it takes you to): https://goto.optum.com/ActiveDirectoryInfo\nFor additional options, bookmark this url (not the site it takes you to): https://goto.optum.com/ActiveDirectoryInfo2\n\t\n\t\n\t\t\n\t\t\t\t\t\t\t\t\t\t\t\t\t\t\t\t\t\t\n\nEnabled\n\t\nEmployeeID\n\t\nMSID\n\t\nEmployee Name\n\t\nCorporate Email Box\n\t\nuht-IdentityManagment-Mail\n\t\nUserPrincipalName\n\t\nEmployee Type\n\t\nAccountType\n\t\nPostal Code\n\t\nDepartment\n\t\nManager EmployeeID\n\t\nManager MSID\n\t\nManager Name\n\t\nManager Email\n\t\nBusiness Unit\n\t\nOperating Unit\n\t\nLocation\n\t\nDepartment\n\n\nTRUE\n\t\n002226527\n\t\nkelayape\n\t\nElayaperumal, Karikalan\n\t\nkarikalan.elayaperumal@optum.com\n\t\nkarikalan.elayaperumal@optum.com\n\t\nkarikalan.elayaperumal@optum.com\n\t\nE\n\t\nP\n\t\nII025\n\t\nOI Operations\n\t\n002225173\n\t\njjose169\n\t\nJoseph, Jinesh\n\t\njinesh.joseph@optum.com\n\t\n48210\n\t\n06290\n\t\nINDIN025\n\t\n804954'], 'rowCount': 1, 'matched': False}, {'headers': ['', '', '', '', '', '', '', ''], 'rowCount': 7, 'matched': False}, {'headers': ['Enabled', 'EmployeeID', 'MSID', 'Employee Name', 'Corporate Email Box', 'uht-IdentityManagment-Mail', 'UserPrincipalName', 'Employee Type', 'AccountType', 'Postal Code', 'Department', 'Manager EmployeeID', 'Manager MSID', 'Manager Name', 'Manager Email', 'Business Unit', 'Operating Unit', 'Location', 'Department'], 'rowCount': 1, 'matched': True}]
2026-09-23 15:38:02 DEBUG   [Thread-1 (stdin_reader)] it_asset_app: AD lookup: raw extracted rows: [{'Enabled': 'TRUE', 'EmployeeID': '002226527', 'MSID': 'kelayape', 'Employee Name': 'Elayaperumal, Karikalan', 'Corporate Email Box': 'karikalan.elayaperumal@optum.com', 'uht-IdentityManagment-Mail': 'karikalan.elayaperumal@optum.com', 'UserPrincipalName': 'karikalan.elayaperumal@optum.com', 'Employee Type': 'E', 'AccountType': 'P', 'Postal Code': 'II025', 'Department': 'OI Operations', 'Manager EmployeeID': '002225173', 'Manager MSID': 'jjose169', 'Manager Name': 'Joseph, Jinesh', 'Manager Email': 'jinesh.joseph@optum.com', 'Business Unit': '48210', 'Operating Unit': '06290', 'Location': 'INDIN025'}]
2026-09-23 15:38:02 DEBUG   [Thread-1 (stdin_reader)] it_asset_app: AD lookup: mapped fields from row: {'emp_name': 'Elayaperumal, Karikalan', 'manager_name': 'Joseph, Jinesh', 'contact_number': '', 'department': 'OI Operations', 'email': 'karikalan.elayaperumal@optum.com', 'designation': 'E', 'msid': 'kelayape', 'employee_id_confirmed': '002226527', 'manager_email': 'jinesh.joseph@optum.com', 'manager_msid': 'jjose169', 'manager_employee_id': '002225173', 'account_enabled': 'TRUE'}
2026-09-23 15:38:02 INFO    [Thread-1 (stdin_reader)] it_asset_app: AD lookup: SUCCESS for emp_id='002226209' - 1 candidate(s), emp_name='Elayaperumal, Karikalan' manager_name='Joseph, Jinesh'
2026-09-23 15:38:02 INFO    [Thread-1 (stdin_reader)] it_asset_app: AD helper: sending 1 candidate(s) back for request_id='28512570cab34f65aa9a726211188f9e'
2026-09-23 15:38:02 INFO    [Thread-1 (stdin_reader)] it_asset_app: AD helper: auto-hid lookup window after successful result (request_id='28512570cab34f65aa9a726211188f9e')
2026-09-23 15:38:09 INFO    [Thread-1 (stdin_reader)] it_asset_app: AD helper: received lookup request_id='ebb784ac33334cdea52aa4daab9adaa1' emp_id='002226209'
2026-09-23 15:38:09 INFO    [Thread-1 (stdin_reader)] it_asset_app: AD lookup: starting search for emp_id='002226209' (header_keyword='EmployeeID', name_column='Employee Name')
2026-09-23 15:38:09 DEBUG   [Thread-1 (stdin_reader)] it_asset_app: AD lookup: filled search textbox OK
2026-09-23 15:38:09 DEBUG   [Thread-1 (stdin_reader)] it_asset_app: AD lookup: clicked 'View Report' button OK
2026-09-23 15:38:09 DEBUG   [Thread-1 (stdin_reader)] it_asset_app: AD lookup: results table ready after 0.0s
2026-09-23 15:38:09 DEBUG   [Thread-1 (stdin_reader)] it_asset_app: AD lookup: extracted 1 row(s) via strategy='single-table'; tables seen on page: [{'headers': ['Search AD for MSID, EmployeeID, or Email Address (one entry per line)\t\n\t\n\t\n\t\t\n\n\n\n\n\t\t\n\t\t\t\tof\t\t1\t\t\n\t\t\n\t\n\t\nPage Width\nWhole Page\n500%\n200%\n150%\n100%\n75%\n50%\n25%\n10%\n\t\n\t\n\t\n\t\tFind\t\t\n\t\t|\t\tNext\t\t\n\n\n\t\t\t\t\t\t\t\n\t\t\n\t\n\t\t\t\nActive Directory Search (MS domain)\n\xa0\n(data is refreshed once every 24 hours) - data current as of: 9/23/2026 2:01:02 AM Central Time\n\t\n\t\n\t\nBookmark this URL (not the site it takes you to): https://goto.optum.com/ActiveDirectoryInfo\nFor additional options, bookmark this url (not the site it takes you to): https://goto.optum.com/ActiveDirectoryInfo2\n\t\n\t\n\t\t\n\t\t\t\t\t\t\t\t\t\t\t\t\t\t\t\t\t\t\n\nEnabled\n\t\nEmployeeID\n\t\nMSID\n\t\nEmployee Name\n\t\nCorporate Email Box\n\t\nuht-IdentityManagment-Mail\n\t\nUserPrincipalName\n\t\nEmployee Type\n\t\nAccountType\n\t\nPostal Code\n\t\nDepartment\n\t\nManager EmployeeID\n\t\nManager MSID\n\t\nManager Name\n\t\nManager Email\n\t\nBusiness Unit\n\t\nOperating Unit\n\t\nLocation\n\t\nDepartment\n\n\nTRUE\n\t\n002226209\n\t\ny57\n\t\n-, Yogalakshmi\n\t\nyogalakshmi.athimoolam@optum.com\n\t\nyogalakshmi.athimoolam@optum.com\n\t\nyogalakshmi.athimoolam@optum.com\n\t\nE\n\t\nP\n\t\nII025\n\t\nOI Operations\n\t\n002228886\n\t\nma43\n\t\nA, Mariya S\n\t\nmariya.shaliniantonyramesh@optum.com\n\t\n48210\n\t\n06290\n\t\nINDIN025\n\t\n804954'], 'rowCount': 1, 'matched': False}, {'headers': ['', 'Loading...\n\t\t\t\t\tCancel'], 'rowCount': 1, 'matched': False}, {'headers': ['', '', ''], 'rowCount': 5, 'matched': False}, {'headers': ['Search AD for MSID, EmployeeID, or Email Address (one entry per line)', '', ''], 'rowCount': 1, 'matched': False}, {'headers': ['', '', '', '', '', '', '', '', ''], 'rowCount': 2, 'matched': False}, {'headers': ['', ''], 'rowCount': 1, 'matched': False}, {'headers': ['', '', '', '', '', '', 'of', '', '1', '', '', '', ''], 'rowCount': 1, 'matched': False}, {'headers': [''], 'rowCount': 1, 'matched': False}, {'headers': [''], 'rowCount': 1, 'matched': False}, {'headers': [''], 'rowCount': 1, 'matched': False}, {'headers': [''], 'rowCount': 1, 'matched': False}, {'headers': [''], 'rowCount': 1, 'matched': False}, {'headers': [''], 'rowCount': 1, 'matched': False}, {'headers': [''], 'rowCount': 1, 'matched': False}, {'headers': [''], 'rowCount': 1, 'matched': False}, {'headers': [''], 'rowCount': 1, 'matched': False}, {'headers': [''], 'rowCount': 1, 'matched': False}, {'headers': [''], 'rowCount': 1, 'matched': False}, {'headers': ['Page Width\nWhole Page\n500%\n200%\n150%\n100%\n75%\n50%\n25%\n10%'], 'rowCount': 1, 'matched': False}, {'headers': ['Word\n\t\t\t\t\t\t\t\t\t\n\t\t\t\t\t\t\t\t\t\tExcel\n\t\t\t\t\t\t\t\t\t\n\t\t\t\t\t\t\t\t\t\tPowerPoint\n\t\t\t\t\t\t\t\t\t\n\t\t\t\t\t\t\t\t\t\tPDF\n\t\t\t\t\t\t\t\t\t\n\t\t\t\t\t\t\t\t\t\tTIFF file\n\t\t\t\t\t\t\t\t\t\n\t\t\t\t\t\t\t\t\t\tMHTML (web archive)\n\t\t\t\t\t\t\t\t\t\n\t\t\t\t\t\t\t\t\t\tCSV (comma delimited)\n\t\t\t\t\t\t\t\t\t\n\t\t\t\t\t\t\t\t\t\tXML file with report data\n\t\t\t\t\t\t\t\t\t\n\t\t\t\t\t\t\t\t\t\tData Feed'], 'rowCount': 1, 'matched': False}, {'headers': [''], 'rowCount': 1, 'matched': False}, {'headers': [''], 'rowCount': 1, 'matched': False}, {'headers': [''], 'rowCount': 1, 'matched': False}, {'headers': [''], 'rowCount': 1, 'matched': False}, {'headers': ['', '', 'Find', '', '', '', '|', '', 'Next', '', ''], 'rowCount': 1, 'matched': False}, {'headers': ['Active Directory Search (MS domain)\n\xa0\n(data is refreshed once every 24 hours) - data current as of: 9/23/2026 2:01:02 AM Central Time\n\t\n\t\n\t\nBookmark this URL (not the site it takes you to): https://goto.optum.com/ActiveDirectoryInfo\nFor additional options, bookmark this url (not the site it takes you to): https://goto.optum.com/ActiveDirectoryInfo2\n\t\n\t\n\t\t\n\t\t\t\t\t\t\t\t\t\t\t\t\t\t\t\t\t\t\n\nEnabled\n\t\nEmployeeID\n\t\nMSID\n\t\nEmployee Name\n\t\nCorporate Email Box\n\t\nuht-IdentityManagment-Mail\n\t\nUserPrincipalName\n\t\nEmployee Type\n\t\nAccountType\n\t\nPostal Code\n\t\nDepartment\n\t\nManager EmployeeID\n\t\nManager MSID\n\t\nManager Name\n\t\nManager Email\n\t\nBusiness Unit\n\t\nOperating Unit\n\t\nLocation\n\t\nDepartment\n\n\nTRUE\n\t\n002226209\n\t\ny57\n\t\n-, Yogalakshmi\n\t\nyogalakshmi.athimoolam@optum.com\n\t\nyogalakshmi.athimoolam@optum.com\n\t\nyogalakshmi.athimoolam@optum.com\n\t\nE\n\t\nP\n\t\nII025\n\t\nOI Operations\n\t\n002228886\n\t\nma43\n\t\nA, Mariya S\n\t\nmariya.shaliniantonyramesh@optum.com\n\t\n48210\n\t\n06290\n\t\nINDIN025\n\t\n804954'], 'rowCount': 1, 'matched': False}, {'headers': ['Active Directory Search (MS domain)\n\xa0\n(data is refreshed once every 24 hours) - data current as of: 9/23/2026 2:01:02 AM Central Time\n\t\n\t\n\t\nBookmark this URL (not the site it takes you to): https://goto.optum.com/ActiveDirectoryInfo\nFor additional options, bookmark this url (not the site it takes you to): https://goto.optum.com/ActiveDirectoryInfo2\n\t\n\t\n\t\t\n\t\t\t\t\t\t\t\t\t\t\t\t\t\t\t\t\t\t\n\nEnabled\n\t\nEmployeeID\n\t\nMSID\n\t\nEmployee Name\n\t\nCorporate Email Box\n\t\nuht-IdentityManagment-Mail\n\t\nUserPrincipalName\n\t\nEmployee Type\n\t\nAccountType\n\t\nPostal Code\n\t\nDepartment\n\t\nManager EmployeeID\n\t\nManager MSID\n\t\nManager Name\n\t\nManager Email\n\t\nBusiness Unit\n\t\nOperating Unit\n\t\nLocation\n\t\nDepartment\n\n\nTRUE\n\t\n002226209\n\t\ny57\n\t\n-, Yogalakshmi\n\t\nyogalakshmi.athimoolam@optum.com\n\t\nyogalakshmi.athimoolam@optum.com\n\t\nyogalakshmi.athimoolam@optum.com\n\t\nE\n\t\nP\n\t\nII025\n\t\nOI Operations\n\t\n002228886\n\t\nma43\n\t\nA, Mariya S\n\t\nmariya.shaliniantonyramesh@optum.com\n\t\n48210\n\t\n06290\n\t\nINDIN025\n\t\n804954'], 'rowCount': 2, 'matched': False}, {'headers': ['Active Directory Search (MS domain)\n\xa0\n(data is refreshed once every 24 hours) - data current as of: 9/23/2026 2:01:02 AM Central Time\n\t\n\t\n\t\nBookmark this URL (not the site it takes you to): https://goto.optum.com/ActiveDirectoryInfo\nFor additional options, bookmark this url (not the site it takes you to): https://goto.optum.com/ActiveDirectoryInfo2\n\t\n\t\n\t\t\n\t\t\t\t\t\t\t\t\t\t\t\t\t\t\t\t\t\t\n\nEnabled\n\t\nEmployeeID\n\t\nMSID\n\t\nEmployee Name\n\t\nCorporate Email Box\n\t\nuht-IdentityManagment-Mail\n\t\nUserPrincipalName\n\t\nEmployee Type\n\t\nAccountType\n\t\nPostal Code\n\t\nDepartment\n\t\nManager EmployeeID\n\t\nManager MSID\n\t\nManager Name\n\t\nManager Email\n\t\nBusiness Unit\n\t\nOperating Unit\n\t\nLocation\n\t\nDepartment\n\n\nTRUE\n\t\n002226209\n\t\ny57\n\t\n-, Yogalakshmi\n\t\nyogalakshmi.athimoolam@optum.com\n\t\nyogalakshmi.athimoolam@optum.com\n\t\nyogalakshmi.athimoolam@optum.com\n\t\nE\n\t\nP\n\t\nII025\n\t\nOI Operations\n\t\n002228886\n\t\nma43\n\t\nA, Mariya S\n\t\nmariya.shaliniantonyramesh@optum.com\n\t\n48210\n\t\n06290\n\t\nINDIN025\n\t\n804954'], 'rowCount': 1, 'matched': False}, {'headers': ['', '', '', '', '', '', '', ''], 'rowCount': 7, 'matched': False}, {'headers': ['Enabled', 'EmployeeID', 'MSID', 'Employee Name', 'Corporate Email Box', 'uht-IdentityManagment-Mail', 'UserPrincipalName', 'Employee Type', 'AccountType', 'Postal Code', 'Department', 'Manager EmployeeID', 'Manager MSID', 'Manager Name', 'Manager Email', 'Business Unit', 'Operating Unit', 'Location', 'Department'], 'rowCount': 1, 'matched': True}]
2026-09-23 15:38:09 DEBUG   [Thread-1 (stdin_reader)] it_asset_app: AD lookup: raw extracted rows: [{'Enabled': 'TRUE', 'EmployeeID': '002226209', 'MSID': 'y57', 'Employee Name': '-, Yogalakshmi', 'Corporate Email Box': 'yogalakshmi.athimoolam@optum.com', 'uht-IdentityManagment-Mail': 'yogalakshmi.athimoolam@optum.com', 'UserPrincipalName': 'yogalakshmi.athimoolam@optum.com', 'Employee Type': 'E', 'AccountType': 'P', 'Postal Code': 'II025', 'Department': 'OI Operations', 'Manager EmployeeID': '002228886', 'Manager MSID': 'ma43', 'Manager Name': 'A, Mariya S', 'Manager Email': 'mariya.shaliniantonyramesh@optum.com', 'Business Unit': '48210', 'Operating Unit': '06290', 'Location': 'INDIN025'}]
2026-09-23 15:38:09 DEBUG   [Thread-1 (stdin_reader)] it_asset_app: AD lookup: mapped fields from row: {'emp_name': '-, Yogalakshmi', 'manager_name': 'A, Mariya S', 'contact_number': '', 'department': 'OI Operations', 'email': 'yogalakshmi.athimoolam@optum.com', 'designation': 'E', 'msid': 'y57', 'employee_id_confirmed': '002226209', 'manager_email': 'mariya.shaliniantonyramesh@optum.com', 'manager_msid': 'ma43', 'manager_employee_id': '002228886', 'account_enabled': 'TRUE'}
2026-09-23 15:38:09 INFO    [Thread-1 (stdin_reader)] it_asset_app: AD lookup: SUCCESS for emp_id='002226209' - 1 candidate(s), emp_name='-, Yogalakshmi' manager_name='A, Mariya S'
2026-09-23 15:38:09 INFO    [Thread-1 (stdin_reader)] it_asset_app: AD helper: sending 1 candidate(s) back for request_id='ebb784ac33334cdea52aa4daab9adaa1'
2026-09-23 15:38:09 INFO    [Thread-1 (stdin_reader)] it_asset_app: AD helper: auto-hid lookup window after successful result (request_id='ebb784ac33334cdea52aa4daab9adaa1')
2026-09-23 15:56:57 INFO    [Thread-1 (stdin_reader)] it_asset_app: AD helper: received lookup request_id='9b1f44636bc543d59df0c508b7bdc2f7' emp_id='900292915'
2026-09-23 15:56:57 INFO    [Thread-1 (stdin_reader)] it_asset_app: AD lookup: starting search for emp_id='900292915' (header_keyword='EmployeeID', name_column='Employee Name')
2026-09-23 15:56:57 DEBUG   [Thread-1 (stdin_reader)] it_asset_app: AD lookup: filled search textbox OK
2026-09-23 15:56:57 DEBUG   [Thread-1 (stdin_reader)] it_asset_app: AD lookup: clicked 'View Report' button OK
2026-09-23 15:56:57 DEBUG   [Thread-1 (stdin_reader)] it_asset_app: AD lookup: results table ready after 0.0s
2026-09-23 15:56:57 DEBUG   [Thread-1 (stdin_reader)] it_asset_app: AD lookup: extracted 1 row(s) via strategy='single-table'; tables seen on page: [{'headers': ['Search AD for MSID, EmployeeID, or Email Address (one entry per line)\t\n\t\n\t\n\t\t\n\n\n\n\n\t\t\n\t\t\t\tof\t\t1\t\t\n\t\t\n\t\n\t\nPage Width\nWhole Page\n500%\n200%\n150%\n100%\n75%\n50%\n25%\n10%\n\t\n\t\n\t\n\t\tFind\t\t\n\t\t|\t\tNext\t\t\n\n\n\t\t\t\t\t\t\t\n\t\t\n\t\n\t\t\t\nActive Directory Search (MS domain)\n\xa0\n(data is refreshed once every 24 hours) - data current as of: 9/23/2026 2:01:02 AM Central Time\n\t\n\t\n\t\nBookmark this URL (not the site it takes you to): https://goto.optum.com/ActiveDirectoryInfo\nFor additional options, bookmark this url (not the site it takes you to): https://goto.optum.com/ActiveDirectoryInfo2\n\t\n\t\n\t\t\n\t\t\t\t\t\t\t\t\t\t\t\t\t\t\t\t\t\t\n\nEnabled\n\t\nEmployeeID\n\t\nMSID\n\t\nEmployee Name\n\t\nCorporate Email Box\n\t\nuht-IdentityManagment-Mail\n\t\nUserPrincipalName\n\t\nEmployee Type\n\t\nAccountType\n\t\nPostal Code\n\t\nDepartment\n\t\nManager EmployeeID\n\t\nManager MSID\n\t\nManager Name\n\t\nManager Email\n\t\nBusiness Unit\n\t\nOperating Unit\n\t\nLocation\n\t\nDepartment\n\n\nTRUE\n\t\n002226209\n\t\ny57\n\t\n-, Yogalakshmi\n\t\nyogalakshmi.athimoolam@optum.com\n\t\nyogalakshmi.athimoolam@optum.com\n\t\nyogalakshmi.athimoolam@optum.com\n\t\nE\n\t\nP\n\t\nII025\n\t\nOI Operations\n\t\n002228886\n\t\nma43\n\t\nA, Mariya S\n\t\nmariya.shaliniantonyramesh@optum.com\n\t\n48210\n\t\n06290\n\t\nINDIN025\n\t\n804954'], 'rowCount': 1, 'matched': False}, {'headers': ['', 'Loading...\n\t\t\t\t\tCancel'], 'rowCount': 1, 'matched': False}, {'headers': ['', '', ''], 'rowCount': 5, 'matched': False}, {'headers': ['Search AD for MSID, EmployeeID, or Email Address (one entry per line)', '', ''], 'rowCount': 1, 'matched': False}, {'headers': ['', '', '', '', '', '', '', '', ''], 'rowCount': 2, 'matched': False}, {'headers': ['', ''], 'rowCount': 1, 'matched': False}, {'headers': ['', '', '', '', '', '', 'of', '', '1', '', '', '', ''], 'rowCount': 1, 'matched': False}, {'headers': [''], 'rowCount': 1, 'matched': False}, {'headers': [''], 'rowCount': 1, 'matched': False}, {'headers': [''], 'rowCount': 1, 'matched': False}, {'headers': [''], 'rowCount': 1, 'matched': False}, {'headers': [''], 'rowCount': 1, 'matched': False}, {'headers': [''], 'rowCount': 1, 'matched': False}, {'headers': [''], 'rowCount': 1, 'matched': False}, {'headers': [''], 'rowCount': 1, 'matched': False}, {'headers': [''], 'rowCount': 1, 'matched': False}, {'headers': [''], 'rowCount': 1, 'matched': False}, {'headers': [''], 'rowCount': 1, 'matched': False}, {'headers': ['Page Width\nWhole Page\n500%\n200%\n150%\n100%\n75%\n50%\n25%\n10%'], 'rowCount': 1, 'matched': False}, {'headers': ['Word\n\t\t\t\t\t\t\t\t\t\n\t\t\t\t\t\t\t\t\t\tExcel\n\t\t\t\t\t\t\t\t\t\n\t\t\t\t\t\t\t\t\t\tPowerPoint\n\t\t\t\t\t\t\t\t\t\n\t\t\t\t\t\t\t\t\t\tPDF\n\t\t\t\t\t\t\t\t\t\n\t\t\t\t\t\t\t\t\t\tTIFF file\n\t\t\t\t\t\t\t\t\t\n\t\t\t\t\t\t\t\t\t\tMHTML (web archive)\n\t\t\t\t\t\t\t\t\t\n\t\t\t\t\t\t\t\t\t\tCSV (comma delimited)\n\t\t\t\t\t\t\t\t\t\n\t\t\t\t\t\t\t\t\t\tXML file with report data\n\t\t\t\t\t\t\t\t\t\n\t\t\t\t\t\t\t\t\t\tData Feed'], 'rowCount': 1, 'matched': False}, {'headers': [''], 'rowCount': 1, 'matched': False}, {'headers': [''], 'rowCount': 1, 'matched': False}, {'headers': [''], 'rowCount': 1, 'matched': False}, {'headers': [''], 'rowCount': 1, 'matched': False}, {'headers': ['', '', 'Find', '', '', '', '|', '', 'Next', '', ''], 'rowCount': 1, 'matched': False}, {'headers': ['Active Directory Search (MS domain)\n\xa0\n(data is refreshed once every 24 hours) - data current as of: 9/23/2026 2:01:02 AM Central Time\n\t\n\t\n\t\nBookmark this URL (not the site it takes you to): https://goto.optum.com/ActiveDirectoryInfo\nFor additional options, bookmark this url (not the site it takes you to): https://goto.optum.com/ActiveDirectoryInfo2\n\t\n\t\n\t\t\n\t\t\t\t\t\t\t\t\t\t\t\t\t\t\t\t\t\t\n\nEnabled\n\t\nEmployeeID\n\t\nMSID\n\t\nEmployee Name\n\t\nCorporate Email Box\n\t\nuht-IdentityManagment-Mail\n\t\nUserPrincipalName\n\t\nEmployee Type\n\t\nAccountType\n\t\nPostal Code\n\t\nDepartment\n\t\nManager EmployeeID\n\t\nManager MSID\n\t\nManager Name\n\t\nManager Email\n\t\nBusiness Unit\n\t\nOperating Unit\n\t\nLocation\n\t\nDepartment\n\n\nTRUE\n\t\n002226209\n\t\ny57\n\t\n-, Yogalakshmi\n\t\nyogalakshmi.athimoolam@optum.com\n\t\nyogalakshmi.athimoolam@optum.com\n\t\nyogalakshmi.athimoolam@optum.com\n\t\nE\n\t\nP\n\t\nII025\n\t\nOI Operations\n\t\n002228886\n\t\nma43\n\t\nA, Mariya S\n\t\nmariya.shaliniantonyramesh@optum.com\n\t\n48210\n\t\n06290\n\t\nINDIN025\n\t\n804954'], 'rowCount': 1, 'matched': False}, {'headers': ['Active Directory Search (MS domain)\n\xa0\n(data is refreshed once every 24 hours) - data current as of: 9/23/2026 2:01:02 AM Central Time\n\t\n\t\n\t\nBookmark this URL (not the site it takes you to): https://goto.optum.com/ActiveDirectoryInfo\nFor additional options, bookmark this url (not the site it takes you to): https://goto.optum.com/ActiveDirectoryInfo2\n\t\n\t\n\t\t\n\t\t\t\t\t\t\t\t\t\t\t\t\t\t\t\t\t\t\n\nEnabled\n\t\nEmployeeID\n\t\nMSID\n\t\nEmployee Name\n\t\nCorporate Email Box\n\t\nuht-IdentityManagment-Mail\n\t\nUserPrincipalName\n\t\nEmployee Type\n\t\nAccountType\n\t\nPostal Code\n\t\nDepartment\n\t\nManager EmployeeID\n\t\nManager MSID\n\t\nManager Name\n\t\nManager Email\n\t\nBusiness Unit\n\t\nOperating Unit\n\t\nLocation\n\t\nDepartment\n\n\nTRUE\n\t\n002226209\n\t\ny57\n\t\n-, Yogalakshmi\n\t\nyogalakshmi.athimoolam@optum.com\n\t\nyogalakshmi.athimoolam@optum.com\n\t\nyogalakshmi.athimoolam@optum.com\n\t\nE\n\t\nP\n\t\nII025\n\t\nOI Operations\n\t\n002228886\n\t\nma43\n\t\nA, Mariya S\n\t\nmariya.shaliniantonyramesh@optum.com\n\t\n48210\n\t\n06290\n\t\nINDIN025\n\t\n804954'], 'rowCount': 2, 'matched': False}, {'headers': ['Active Directory Search (MS domain)\n\xa0\n(data is refreshed once every 24 hours) - data current as of: 9/23/2026 2:01:02 AM Central Time\n\t\n\t\n\t\nBookmark this URL (not the site it takes you to): https://goto.optum.com/ActiveDirectoryInfo\nFor additional options, bookmark this url (not the site it takes you to): https://goto.optum.com/ActiveDirectoryInfo2\n\t\n\t\n\t\t\n\t\t\t\t\t\t\t\t\t\t\t\t\t\t\t\t\t\t\n\nEnabled\n\t\nEmployeeID\n\t\nMSID\n\t\nEmployee Name\n\t\nCorporate Email Box\n\t\nuht-IdentityManagment-Mail\n\t\nUserPrincipalName\n\t\nEmployee Type\n\t\nAccountType\n\t\nPostal Code\n\t\nDepartment\n\t\nManager EmployeeID\n\t\nManager MSID\n\t\nManager Name\n\t\nManager Email\n\t\nBusiness Unit\n\t\nOperating Unit\n\t\nLocation\n\t\nDepartment\n\n\nTRUE\n\t\n002226209\n\t\ny57\n\t\n-, Yogalakshmi\n\t\nyogalakshmi.athimoolam@optum.com\n\t\nyogalakshmi.athimoolam@optum.com\n\t\nyogalakshmi.athimoolam@optum.com\n\t\nE\n\t\nP\n\t\nII025\n\t\nOI Operations\n\t\n002228886\n\t\nma43\n\t\nA, Mariya S\n\t\nmariya.shaliniantonyramesh@optum.com\n\t\n48210\n\t\n06290\n\t\nINDIN025\n\t\n804954'], 'rowCount': 1, 'matched': False}, {'headers': ['', '', '', '', '', '', '', ''], 'rowCount': 7, 'matched': False}, {'headers': ['Enabled', 'EmployeeID', 'MSID', 'Employee Name', 'Corporate Email Box', 'uht-IdentityManagment-Mail', 'UserPrincipalName', 'Employee Type', 'AccountType', 'Postal Code', 'Department', 'Manager EmployeeID', 'Manager MSID', 'Manager Name', 'Manager Email', 'Business Unit', 'Operating Unit', 'Location', 'Department'], 'rowCount': 1, 'matched': True}]
2026-09-23 15:56:57 DEBUG   [Thread-1 (stdin_reader)] it_asset_app: AD lookup: raw extracted rows: [{'Enabled': 'TRUE', 'EmployeeID': '002226209', 'MSID': 'y57', 'Employee Name': '-, Yogalakshmi', 'Corporate Email Box': 'yogalakshmi.athimoolam@optum.com', 'uht-IdentityManagment-Mail': 'yogalakshmi.athimoolam@optum.com', 'UserPrincipalName': 'yogalakshmi.athimoolam@optum.com', 'Employee Type': 'E', 'AccountType': 'P', 'Postal Code': 'II025', 'Department': 'OI Operations', 'Manager EmployeeID': '002228886', 'Manager MSID': 'ma43', 'Manager Name': 'A, Mariya S', 'Manager Email': 'mariya.shaliniantonyramesh@optum.com', 'Business Unit': '48210', 'Operating Unit': '06290', 'Location': 'INDIN025'}]
2026-09-23 15:56:57 DEBUG   [Thread-1 (stdin_reader)] it_asset_app: AD lookup: mapped fields from row: {'emp_name': '-, Yogalakshmi', 'manager_name': 'A, Mariya S', 'contact_number': '', 'department': 'OI Operations', 'email': 'yogalakshmi.athimoolam@optum.com', 'designation': 'E', 'msid': 'y57', 'employee_id_confirmed': '002226209', 'manager_email': 'mariya.shaliniantonyramesh@optum.com', 'manager_msid': 'ma43', 'manager_employee_id': '002228886', 'account_enabled': 'TRUE'}
2026-09-23 15:56:57 INFO    [Thread-1 (stdin_reader)] it_asset_app: AD lookup: SUCCESS for emp_id='900292915' - 1 candidate(s), emp_name='-, Yogalakshmi' manager_name='A, Mariya S'
2026-09-23 15:56:57 INFO    [Thread-1 (stdin_reader)] it_asset_app: AD helper: sending 1 candidate(s) back for request_id='9b1f44636bc543d59df0c508b7bdc2f7'
2026-09-23 15:56:57 INFO    [Thread-1 (stdin_reader)] it_asset_app: AD helper: auto-hid lookup window after successful result (request_id='9b1f44636bc543d59df0c508b7bdc2f7')
2026-09-23 15:57:17 INFO    [Thread-1 (stdin_reader)] it_asset_app: AD helper: received lookup request_id='f464eab84b0c477692e8e088d0ac55a0' emp_id='900292915'
2026-09-23 15:57:17 INFO    [Thread-1 (stdin_reader)] it_asset_app: AD lookup: starting search for emp_id='900292915' (header_keyword='EmployeeID', name_column='Employee Name')
2026-09-23 15:58:17 ERROR   [MainThread] it_asset_app: AD lookup failed for the active Employee ID (showing friendly message to operator): Timed out waiting for the AD Lookup search result. If a login page appeared, please complete it and try again.
Traceback (most recent call last):
  File "C:\Users\srajaamu\OneDrive - UHG\Topaz_automation\WorkFlow_Topaz\app.py", line 5016, in worker
    candidates = self.browser_session.search(emp_id)
  File "C:\Users\srajaamu\OneDrive - UHG\Topaz_automation\WorkFlow_Topaz\app.py", line 803, in search
    raise RuntimeError(
    ...<2 lines>...
    )
RuntimeError: Timed out waiting for the AD Lookup search result. If a login page appeared, please complete it and try again.
2026-09-23 15:59:10 DEBUG   [Thread-10 (worker)] it_asset_app: Manager AD fallback: lookup failed for '900292915' (non-fatal)
Traceback (most recent call last):
  File "C:\Users\srajaamu\OneDrive - UHG\Topaz_automation\WorkFlow_Topaz\app.py", line 4964, in worker
    candidates = self.browser_session.search(emp_id)
  File "C:\Users\srajaamu\OneDrive - UHG\Topaz_automation\WorkFlow_Topaz\app.py", line 803, in search
    raise RuntimeError(
    ...<2 lines>...
    )
RuntimeError: Timed out waiting for the AD Lookup search result. If a login page appeared, please complete it and try again.
2026-09-23 15:59:28 INFO    [MainThread] it_asset_app: WizardApp: closing (user closed the window)
2026-09-23 15:59:33 INFO    [MainThread] it_asset_app: WizardApp: closed
2026-09-23 15:59:43 INFO    [MainThread] it_asset_app: ======================================================================
2026-09-23 15:59:43 INFO    [MainThread] it_asset_app: App starting - log file: C:\Users\srajaamu\OneDrive - UHG\Topaz_automation\WorkFlow_Topaz\logs\application.log
2026-09-23 15:59:43 INFO    [MainThread] it_asset_app: Python: 3.14.7 | frozen: False
2026-09-23 15:59:43 INFO    [MainThread] it_asset_app: WizardApp: starting up. ad_lookup_mode='ssrs_report' use_topaz_pad=True bu_templates_folder='bu_templates' root_save_folder='Z:/Topaz_auto' operator_name='Sriram'
2026-09-23 15:59:44 INFO    [MainThread] it_asset_app: WizardApp: GUI ready
2026-09-23 15:59:44 INFO    [Thread-1 (start)] it_asset_app: AD helper: launched new subprocess (pid=27912): ['C:\\Program Files\\Python314\\python.exe', 'C:\\Users\\srajaamu\\OneDrive - UHG\\Topaz_automation\\WorkFlow_Topaz\\app.py', '--webview-helper']
2026-09-23 15:59:44 INFO    [MainThread] it_asset_app: Startup health check: [('Microsoft Word', True, ''), ('Signing Certificate', True, ''), ('SSRS Asset Report', True, 'Available'), ('Save Folder', True, 'Z:/Topaz_auto'), ('BU Templates', True, '5 loaded')]
2026-09-23 15:59:45 INFO    [MainThread] it_asset_app: ======================================================================
2026-09-23 15:59:45 INFO    [MainThread] it_asset_app: App starting - log file: C:\Users\srajaamu\OneDrive - UHG\Topaz_automation\WorkFlow_Topaz\logs\application.log
2026-09-23 15:59:45 INFO    [MainThread] it_asset_app: Python: 3.14.7 | frozen: False
2026-09-23 15:59:45 INFO    [MainThread] it_asset_app: AD helper: subprocess started (pid=27912)
2026-09-23 15:59:48 INFO    [MainThread] it_asset_app: SSRS asset report: status='Available' records=1803 error=''
2026-09-23 16:00:13 INFO    [Thread-4 (worker)] it_asset_app: AD helper: launched new subprocess (pid=25336): ['C:\\Program Files\\Python314\\python.exe', 'C:\\Users\\srajaamu\\OneDrive - UHG\\Topaz_automation\\WorkFlow_Topaz\\app.py', '--webview-helper']
2026-09-23 16:00:14 INFO    [MainThread] it_asset_app: ======================================================================
2026-09-23 16:00:14 INFO    [MainThread] it_asset_app: App starting - log file: C:\Users\srajaamu\OneDrive - UHG\Topaz_automation\WorkFlow_Topaz\logs\application.log
2026-09-23 16:00:14 INFO    [MainThread] it_asset_app: Python: 3.14.7 | frozen: False
2026-09-23 16:00:14 INFO    [MainThread] it_asset_app: AD helper: subprocess started (pid=25336)
2026-09-23 16:00:14 INFO    [Thread-1 (stdin_reader)] it_asset_app: AD helper: received lookup request_id='d0c38fc9062a45d29476eb7d5d35c955' emp_id='900292915'
2026-09-23 16:00:18 INFO    [Thread-1 (stdin_reader)] it_asset_app: AD lookup: starting search for emp_id='900292915' (header_keyword='EmployeeID', name_column='Employee Name')
2026-09-23 16:00:18 DEBUG   [Thread-1 (stdin_reader)] it_asset_app: AD lookup: filled search textbox OK
2026-09-23 16:00:18 DEBUG   [Thread-1 (stdin_reader)] it_asset_app: AD lookup: clicked 'View Report' button OK
2026-09-23 16:00:23 DEBUG   [Thread-1 (stdin_reader)] it_asset_app: AD lookup: results table ready after 4.8s
2026-09-23 16:00:23 DEBUG   [Thread-1 (stdin_reader)] it_asset_app: AD lookup: extracted 1 row(s) via strategy='single-table'; tables seen on page: [{'headers': ['Search AD for MSID, EmployeeID, or Email Address (one entry per line)\t\n\t\n\t\n\t\t\n\n\n\n\n\t\t\n\t\t\t\tof\t\t1\t\t\n\t\t\n\t\n\t\nPage Width\nWhole Page\n500%\n200%\n150%\n100%\n75%\n50%\n25%\n10%\n\t\n\t\n\t\n\t\tFind\t\t\n\t\t|\t\tNext\t\t\n\n\n\t\t\t\t\t\t\t\n\t\t\n\t\n\t\t\t\nActive Directory Search (MS domain)\n\xa0\n(data is refreshed once every 24 hours) - data current as of: 9/23/2026 2:01:02 AM Central Time\n\t\n\t\n\t\nBookmark this URL (not the site it takes you to): https://goto.optum.com/ActiveDirectoryInfo\nFor additional options, bookmark this url (not the site it takes you to): https://goto.optum.com/ActiveDirectoryInfo2\n\t\n\t\n\t\t\n\t\t\t\t\t\t\t\t\t\t\t\t\t\t\t\t\t\t\n\nEnabled\n\t\nEmployeeID\n\t\nMSID\n\t\nEmployee Name\n\t\nCorporate Email Box\n\t\nuht-IdentityManagment-Mail\n\t\nUserPrincipalName\n\t\nEmployee Type\n\t\nAccountType\n\t\nPostal Code\n\t\nDepartment\n\t\nManager EmployeeID\n\t\nManager MSID\n\t\nManager Name\n\t\nManager Email\n\t\nBusiness Unit\n\t\nOperating Unit\n\t\nLocation\n\t\nDepartment\n\n\nTRUE\n\t\n900292915\n\t\nvjosep29\n\t\nJoseph, Vibin\n\t\nvibin_joseph@optum.com\n\t\nvibin_joseph@optum.com\n\t\nvibin_joseph@optum.com\n\t\nE\n\t\nP\n\t\nII033\n\t\nOOG APAC-1\n\t\n000534798\n\t\njgates1\n\t\nGates, Justin T\n\t\njustin_gates@optum.com\n\t\n10368\n\t\n06870\n\t\nINDIN033\n\t\n846642'], 'rowCount': 1, 'matched': False}, {'headers': ['', 'Loading...\n\t\t\t\t\tCancel'], 'rowCount': 1, 'matched': False}, {'headers': ['', '', ''], 'rowCount': 5, 'matched': False}, {'headers': ['Search AD for MSID, EmployeeID, or Email Address (one entry per line)', '', ''], 'rowCount': 1, 'matched': False}, {'headers': ['', '', '', '', '', '', '', '', ''], 'rowCount': 2, 'matched': False}, {'headers': ['', ''], 'rowCount': 1, 'matched': False}, {'headers': ['', '', '', '', '', '', 'of', '', '1', '', '', '', ''], 'rowCount': 1, 'matched': False}, {'headers': [''], 'rowCount': 1, 'matched': False}, {'headers': [''], 'rowCount': 1, 'matched': False}, {'headers': [''], 'rowCount': 1, 'matched': False}, {'headers': [''], 'rowCount': 1, 'matched': False}, {'headers': [''], 'rowCount': 1, 'matched': False}, {'headers': [''], 'rowCount': 1, 'matched': False}, {'headers': [''], 'rowCount': 1, 'matched': False}, {'headers': [''], 'rowCount': 1, 'matched': False}, {'headers': [''], 'rowCount': 1, 'matched': False}, {'headers': [''], 'rowCount': 1, 'matched': False}, {'headers': [''], 'rowCount': 1, 'matched': False}, {'headers': ['Page Width\nWhole Page\n500%\n200%\n150%\n100%\n75%\n50%\n25%\n10%'], 'rowCount': 1, 'matched': False}, {'headers': ['Word\n\t\t\t\t\t\t\t\t\t\n\t\t\t\t\t\t\t\t\t\tExcel\n\t\t\t\t\t\t\t\t\t\n\t\t\t\t\t\t\t\t\t\tPowerPoint\n\t\t\t\t\t\t\t\t\t\n\t\t\t\t\t\t\t\t\t\tPDF\n\t\t\t\t\t\t\t\t\t\n\t\t\t\t\t\t\t\t\t\tTIFF file\n\t\t\t\t\t\t\t\t\t\n\t\t\t\t\t\t\t\t\t\tMHTML (web archive)\n\t\t\t\t\t\t\t\t\t\n\t\t\t\t\t\t\t\t\t\tCSV (comma delimited)\n\t\t\t\t\t\t\t\t\t\n\t\t\t\t\t\t\t\t\t\tXML file with report data\n\t\t\t\t\t\t\t\t\t\n\t\t\t\t\t\t\t\t\t\tData Feed'], 'rowCount': 1, 'matched': False}, {'headers': [''], 'rowCount': 1, 'matched': False}, {'headers': [''], 'rowCount': 1, 'matched': False}, {'headers': [''], 'rowCount': 1, 'matched': False}, {'headers': [''], 'rowCount': 1, 'matched': False}, {'headers': ['', '', 'Find', '', '', '', '|', '', 'Next', '', ''], 'rowCount': 1, 'matched': False}, {'headers': ['Active Directory Search (MS domain)\n\xa0\n(data is refreshed once every 24 hours) - data current as of: 9/23/2026 2:01:02 AM Central Time\n\t\n\t\n\t\nBookmark this URL (not the site it takes you to): https://goto.optum.com/ActiveDirectoryInfo\nFor additional options, bookmark this url (not the site it takes you to): https://goto.optum.com/ActiveDirectoryInfo2\n\t\n\t\n\t\t\n\t\t\t\t\t\t\t\t\t\t\t\t\t\t\t\t\t\t\n\nEnabled\n\t\nEmployeeID\n\t\nMSID\n\t\nEmployee Name\n\t\nCorporate Email Box\n\t\nuht-IdentityManagment-Mail\n\t\nUserPrincipalName\n\t\nEmployee Type\n\t\nAccountType\n\t\nPostal Code\n\t\nDepartment\n\t\nManager EmployeeID\n\t\nManager MSID\n\t\nManager Name\n\t\nManager Email\n\t\nBusiness Unit\n\t\nOperating Unit\n\t\nLocation\n\t\nDepartment\n\n\nTRUE\n\t\n900292915\n\t\nvjosep29\n\t\nJoseph, Vibin\n\t\nvibin_joseph@optum.com\n\t\nvibin_joseph@optum.com\n\t\nvibin_joseph@optum.com\n\t\nE\n\t\nP\n\t\nII033\n\t\nOOG APAC-1\n\t\n000534798\n\t\njgates1\n\t\nGates, Justin T\n\t\njustin_gates@optum.com\n\t\n10368\n\t\n06870\n\t\nINDIN033\n\t\n846642'], 'rowCount': 1, 'matched': False}, {'headers': ['Active Directory Search (MS domain)\n\xa0\n(data is refreshed once every 24 hours) - data current as of: 9/23/2026 2:01:02 AM Central Time\n\t\n\t\n\t\nBookmark this URL (not the site it takes you to): https://goto.optum.com/ActiveDirectoryInfo\nFor additional options, bookmark this url (not the site it takes you to): https://goto.optum.com/ActiveDirectoryInfo2\n\t\n\t\n\t\t\n\t\t\t\t\t\t\t\t\t\t\t\t\t\t\t\t\t\t\n\nEnabled\n\t\nEmployeeID\n\t\nMSID\n\t\nEmployee Name\n\t\nCorporate Email Box\n\t\nuht-IdentityManagment-Mail\n\t\nUserPrincipalName\n\t\nEmployee Type\n\t\nAccountType\n\t\nPostal Code\n\t\nDepartment\n\t\nManager EmployeeID\n\t\nManager MSID\n\t\nManager Name\n\t\nManager Email\n\t\nBusiness Unit\n\t\nOperating Unit\n\t\nLocation\n\t\nDepartment\n\n\nTRUE\n\t\n900292915\n\t\nvjosep29\n\t\nJoseph, Vibin\n\t\nvibin_joseph@optum.com\n\t\nvibin_joseph@optum.com\n\t\nvibin_joseph@optum.com\n\t\nE\n\t\nP\n\t\nII033\n\t\nOOG APAC-1\n\t\n000534798\n\t\njgates1\n\t\nGates, Justin T\n\t\njustin_gates@optum.com\n\t\n10368\n\t\n06870\n\t\nINDIN033\n\t\n846642'], 'rowCount': 2, 'matched': False}, {'headers': ['Active Directory Search (MS domain)\n\xa0\n(data is refreshed once every 24 hours) - data current as of: 9/23/2026 2:01:02 AM Central Time\n\t\n\t\n\t\nBookmark this URL (not the site it takes you to): https://goto.optum.com/ActiveDirectoryInfo\nFor additional options, bookmark this url (not the site it takes you to): https://goto.optum.com/ActiveDirectoryInfo2\n\t\n\t\n\t\t\n\t\t\t\t\t\t\t\t\t\t\t\t\t\t\t\t\t\t\n\nEnabled\n\t\nEmployeeID\n\t\nMSID\n\t\nEmployee Name\n\t\nCorporate Email Box\n\t\nuht-IdentityManagment-Mail\n\t\nUserPrincipalName\n\t\nEmployee Type\n\t\nAccountType\n\t\nPostal Code\n\t\nDepartment\n\t\nManager EmployeeID\n\t\nManager MSID\n\t\nManager Name\n\t\nManager Email\n\t\nBusiness Unit\n\t\nOperating Unit\n\t\nLocation\n\t\nDepartment\n\n\nTRUE\n\t\n900292915\n\t\nvjosep29\n\t\nJoseph, Vibin\n\t\nvibin_joseph@optum.com\n\t\nvibin_joseph@optum.com\n\t\nvibin_joseph@optum.com\n\t\nE\n\t\nP\n\t\nII033\n\t\nOOG APAC-1\n\t\n000534798\n\t\njgates1\n\t\nGates, Justin T\n\t\njustin_gates@optum.com\n\t\n10368\n\t\n06870\n\t\nINDIN033\n\t\n846642'], 'rowCount': 1, 'matched': False}, {'headers': ['', '', '', '', '', '', '', ''], 'rowCount': 7, 'matched': False}, {'headers': ['Enabled', 'EmployeeID', 'MSID', 'Employee Name', 'Corporate Email Box', 'uht-IdentityManagment-Mail', 'UserPrincipalName', 'Employee Type', 'AccountType', 'Postal Code', 'Department', 'Manager EmployeeID', 'Manager MSID', 'Manager Name', 'Manager Email', 'Business Unit', 'Operating Unit', 'Location', 'Department'], 'rowCount': 1, 'matched': True}]
2026-09-23 16:00:23 DEBUG   [Thread-1 (stdin_reader)] it_asset_app: AD lookup: raw extracted rows: [{'Enabled': 'TRUE', 'EmployeeID': '900292915', 'MSID': 'vjosep29', 'Employee Name': 'Joseph, Vibin', 'Corporate Email Box': 'vibin_joseph@optum.com', 'uht-IdentityManagment-Mail': 'vibin_joseph@optum.com', 'UserPrincipalName': 'vibin_joseph@optum.com', 'Employee Type': 'E', 'AccountType': 'P', 'Postal Code': 'II033', 'Department': 'OOG APAC-1', 'Manager EmployeeID': '000534798', 'Manager MSID': 'jgates1', 'Manager Name': 'Gates, Justin T', 'Manager Email': 'justin_gates@optum.com', 'Business Unit': '10368', 'Operating Unit': '06870', 'Location': 'INDIN033'}]
2026-09-23 16:00:23 DEBUG   [Thread-1 (stdin_reader)] it_asset_app: AD lookup: mapped fields from row: {'emp_name': 'Joseph, Vibin', 'manager_name': 'Gates, Justin T', 'contact_number': '', 'department': 'OOG APAC-1', 'email': 'vibin_joseph@optum.com', 'designation': 'E', 'msid': 'vjosep29', 'employee_id_confirmed': '900292915', 'manager_email': 'justin_gates@optum.com', 'manager_msid': 'jgates1', 'manager_employee_id': '000534798', 'account_enabled': 'TRUE'}
2026-09-23 16:00:23 INFO    [Thread-1 (stdin_reader)] it_asset_app: AD lookup: SUCCESS for emp_id='900292915' - 1 candidate(s), emp_name='Joseph, Vibin' manager_name='Gates, Justin T'
2026-09-23 16:00:23 INFO    [Thread-1 (stdin_reader)] it_asset_app: AD helper: sending 1 candidate(s) back for request_id='d0c38fc9062a45d29476eb7d5d35c955'
2026-09-23 16:00:23 INFO    [Thread-1 (stdin_reader)] it_asset_app: AD helper: auto-hid lookup window after successful result (request_id='d0c38fc9062a45d29476eb7d5d35c955')
2026-09-23 16:28:10 INFO    [Thread-1 (stdin_reader)] it_asset_app: AD helper: received lookup request_id='ef1243d6fac94df0b25148b14ea7fb5c' emp_id='900311850'
2026-09-23 16:28:10 INFO    [Thread-1 (stdin_reader)] it_asset_app: AD lookup: starting search for emp_id='900311850' (header_keyword='EmployeeID', name_column='Employee Name')
2026-09-23 16:28:10 DEBUG   [Thread-1 (stdin_reader)] it_asset_app: AD lookup: filled search textbox OK
2026-09-23 16:28:10 DEBUG   [Thread-1 (stdin_reader)] it_asset_app: AD lookup: clicked 'View Report' button OK
2026-09-23 16:28:10 DEBUG   [Thread-1 (stdin_reader)] it_asset_app: AD lookup: results table ready after 0.0s
2026-09-23 16:28:10 DEBUG   [Thread-1 (stdin_reader)] it_asset_app: AD lookup: extracted 1 row(s) via strategy='single-table'; tables seen on page: [{'headers': ['Search AD for MSID, EmployeeID, or Email Address (one entry per line)\t\n\t\n\t\n\t\t\n\n\n\n\n\t\t\n\t\t\t\tof\t\t1\t\t\n\t\t\n\t\n\t\nPage Width\nWhole Page\n500%\n200%\n150%\n100%\n75%\n50%\n25%\n10%\n\t\n\t\n\t\n\t\tFind\t\t\n\t\t|\t\tNext\t\t\n\n\n\t\t\t\t\t\t\t\n\t\t\n\t\n\t\t\t\nActive Directory Search (MS domain)\n\xa0\n(data is refreshed once every 24 hours) - data current as of: 9/23/2026 2:01:02 AM Central Time\n\t\n\t\n\t\nBookmark this URL (not the site it takes you to): https://goto.optum.com/ActiveDirectoryInfo\nFor additional options, bookmark this url (not the site it takes you to): https://goto.optum.com/ActiveDirectoryInfo2\n\t\n\t\n\t\t\n\t\t\t\t\t\t\t\t\t\t\t\t\t\t\t\t\t\t\n\nEnabled\n\t\nEmployeeID\n\t\nMSID\n\t\nEmployee Name\n\t\nCorporate Email Box\n\t\nuht-IdentityManagment-Mail\n\t\nUserPrincipalName\n\t\nEmployee Type\n\t\nAccountType\n\t\nPostal Code\n\t\nDepartment\n\t\nManager EmployeeID\n\t\nManager MSID\n\t\nManager Name\n\t\nManager Email\n\t\nBusiness Unit\n\t\nOperating Unit\n\t\nLocation\n\t\nDepartment\n\n\nTRUE\n\t\n900292915\n\t\nvjosep29\n\t\nJoseph, Vibin\n\t\nvibin_joseph@optum.com\n\t\nvibin_joseph@optum.com\n\t\nvibin_joseph@optum.com\n\t\nE\n\t\nP\n\t\nII033\n\t\nOOG APAC-1\n\t\n000534798\n\t\njgates1\n\t\nGates, Justin T\n\t\njustin_gates@optum.com\n\t\n10368\n\t\n06870\n\t\nINDIN033\n\t\n846642'], 'rowCount': 1, 'matched': False}, {'headers': ['', 'Loading...\n\t\t\t\t\tCancel'], 'rowCount': 1, 'matched': False}, {'headers': ['', '', ''], 'rowCount': 5, 'matched': False}, {'headers': ['Search AD for MSID, EmployeeID, or Email Address (one entry per line)', '', ''], 'rowCount': 1, 'matched': False}, {'headers': ['', '', '', '', '', '', '', '', ''], 'rowCount': 2, 'matched': False}, {'headers': ['', ''], 'rowCount': 1, 'matched': False}, {'headers': ['', '', '', '', '', '', 'of', '', '1', '', '', '', ''], 'rowCount': 1, 'matched': False}, {'headers': [''], 'rowCount': 1, 'matched': False}, {'headers': [''], 'rowCount': 1, 'matched': False}, {'headers': [''], 'rowCount': 1, 'matched': False}, {'headers': [''], 'rowCount': 1, 'matched': False}, {'headers': [''], 'rowCount': 1, 'matched': False}, {'headers': [''], 'rowCount': 1, 'matched': False}, {'headers': [''], 'rowCount': 1, 'matched': False}, {'headers': [''], 'rowCount': 1, 'matched': False}, {'headers': [''], 'rowCount': 1, 'matched': False}, {'headers': [''], 'rowCount': 1, 'matched': False}, {'headers': [''], 'rowCount': 1, 'matched': False}, {'headers': ['Page Width\nWhole Page\n500%\n200%\n150%\n100%\n75%\n50%\n25%\n10%'], 'rowCount': 1, 'matched': False}, {'headers': ['Word\n\t\t\t\t\t\t\t\t\t\n\t\t\t\t\t\t\t\t\t\tExcel\n\t\t\t\t\t\t\t\t\t\n\t\t\t\t\t\t\t\t\t\tPowerPoint\n\t\t\t\t\t\t\t\t\t\n\t\t\t\t\t\t\t\t\t\tPDF\n\t\t\t\t\t\t\t\t\t\n\t\t\t\t\t\t\t\t\t\tTIFF file\n\t\t\t\t\t\t\t\t\t\n\t\t\t\t\t\t\t\t\t\tMHTML (web archive)\n\t\t\t\t\t\t\t\t\t\n\t\t\t\t\t\t\t\t\t\tCSV (comma delimited)\n\t\t\t\t\t\t\t\t\t\n\t\t\t\t\t\t\t\t\t\tXML file with report data\n\t\t\t\t\t\t\t\t\t\n\t\t\t\t\t\t\t\t\t\tData Feed'], 'rowCount': 1, 'matched': False}, {'headers': [''], 'rowCount': 1, 'matched': False}, {'headers': [''], 'rowCount': 1, 'matched': False}, {'headers': [''], 'rowCount': 1, 'matched': False}, {'headers': [''], 'rowCount': 1, 'matched': False}, {'headers': ['', '', 'Find', '', '', '', '|', '', 'Next', '', ''], 'rowCount': 1, 'matched': False}, {'headers': ['Active Directory Search (MS domain)\n\xa0\n(data is refreshed once every 24 hours) - data current as of: 9/23/2026 2:01:02 AM Central Time\n\t\n\t\n\t\nBookmark this URL (not the site it takes you to): https://goto.optum.com/ActiveDirectoryInfo\nFor additional options, bookmark this url (not the site it takes you to): https://goto.optum.com/ActiveDirectoryInfo2\n\t\n\t\n\t\t\n\t\t\t\t\t\t\t\t\t\t\t\t\t\t\t\t\t\t\n\nEnabled\n\t\nEmployeeID\n\t\nMSID\n\t\nEmployee Name\n\t\nCorporate Email Box\n\t\nuht-IdentityManagment-Mail\n\t\nUserPrincipalName\n\t\nEmployee Type\n\t\nAccountType\n\t\nPostal Code\n\t\nDepartment\n\t\nManager EmployeeID\n\t\nManager MSID\n\t\nManager Name\n\t\nManager Email\n\t\nBusiness Unit\n\t\nOperating Unit\n\t\nLocation\n\t\nDepartment\n\n\nTRUE\n\t\n900292915\n\t\nvjosep29\n\t\nJoseph, Vibin\n\t\nvibin_joseph@optum.com\n\t\nvibin_joseph@optum.com\n\t\nvibin_joseph@optum.com\n\t\nE\n\t\nP\n\t\nII033\n\t\nOOG APAC-1\n\t\n000534798\n\t\njgates1\n\t\nGates, Justin T\n\t\njustin_gates@optum.com\n\t\n10368\n\t\n06870\n\t\nINDIN033\n\t\n846642'], 'rowCount': 1, 'matched': False}, {'headers': ['Active Directory Search (MS domain)\n\xa0\n(data is refreshed once every 24 hours) - data current as of: 9/23/2026 2:01:02 AM Central Time\n\t\n\t\n\t\nBookmark this URL (not the site it takes you to): https://goto.optum.com/ActiveDirectoryInfo\nFor additional options, bookmark this url (not the site it takes you to): https://goto.optum.com/ActiveDirectoryInfo2\n\t\n\t\n\t\t\n\t\t\t\t\t\t\t\t\t\t\t\t\t\t\t\t\t\t\n\nEnabled\n\t\nEmployeeID\n\t\nMSID\n\t\nEmployee Name\n\t\nCorporate Email Box\n\t\nuht-IdentityManagment-Mail\n\t\nUserPrincipalName\n\t\nEmployee Type\n\t\nAccountType\n\t\nPostal Code\n\t\nDepartment\n\t\nManager EmployeeID\n\t\nManager MSID\n\t\nManager Name\n\t\nManager Email\n\t\nBusiness Unit\n\t\nOperating Unit\n\t\nLocation\n\t\nDepartment\n\n\nTRUE\n\t\n900292915\n\t\nvjosep29\n\t\nJoseph, Vibin\n\t\nvibin_joseph@optum.com\n\t\nvibin_joseph@optum.com\n\t\nvibin_joseph@optum.com\n\t\nE\n\t\nP\n\t\nII033\n\t\nOOG APAC-1\n\t\n000534798\n\t\njgates1\n\t\nGates, Justin T\n\t\njustin_gates@optum.com\n\t\n10368\n\t\n06870\n\t\nINDIN033\n\t\n846642'], 'rowCount': 2, 'matched': False}, {'headers': ['Active Directory Search (MS domain)\n\xa0\n(data is refreshed once every 24 hours) - data current as of: 9/23/2026 2:01:02 AM Central Time\n\t\n\t\n\t\nBookmark this URL (not the site it takes you to): https://goto.optum.com/ActiveDirectoryInfo\nFor additional options, bookmark this url (not the site it takes you to): https://goto.optum.com/ActiveDirectoryInfo2\n\t\n\t\n\t\t\n\t\t\t\t\t\t\t\t\t\t\t\t\t\t\t\t\t\t\n\nEnabled\n\t\nEmployeeID\n\t\nMSID\n\t\nEmployee Name\n\t\nCorporate Email Box\n\t\nuht-IdentityManagment-Mail\n\t\nUserPrincipalName\n\t\nEmployee Type\n\t\nAccountType\n\t\nPostal Code\n\t\nDepartment\n\t\nManager EmployeeID\n\t\nManager MSID\n\t\nManager Name\n\t\nManager Email\n\t\nBusiness Unit\n\t\nOperating Unit\n\t\nLocation\n\t\nDepartment\n\n\nTRUE\n\t\n900292915\n\t\nvjosep29\n\t\nJoseph, Vibin\n\t\nvibin_joseph@optum.com\n\t\nvibin_joseph@optum.com\n\t\nvibin_joseph@optum.com\n\t\nE\n\t\nP\n\t\nII033\n\t\nOOG APAC-1\n\t\n000534798\n\t\njgates1\n\t\nGates, Justin T\n\t\njustin_gates@optum.com\n\t\n10368\n\t\n06870\n\t\nINDIN033\n\t\n846642'], 'rowCount': 1, 'matched': False}, {'headers': ['', '', '', '', '', '', '', ''], 'rowCount': 7, 'matched': False}, {'headers': ['Enabled', 'EmployeeID', 'MSID', 'Employee Name', 'Corporate Email Box', 'uht-IdentityManagment-Mail', 'UserPrincipalName', 'Employee Type', 'AccountType', 'Postal Code', 'Department', 'Manager EmployeeID', 'Manager MSID', 'Manager Name', 'Manager Email', 'Business Unit', 'Operating Unit', 'Location', 'Department'], 'rowCount': 1, 'matched': True}]
2026-09-23 16:28:10 DEBUG   [Thread-1 (stdin_reader)] it_asset_app: AD lookup: raw extracted rows: [{'Enabled': 'TRUE', 'EmployeeID': '900292915', 'MSID': 'vjosep29', 'Employee Name': 'Joseph, Vibin', 'Corporate Email Box': 'vibin_joseph@optum.com', 'uht-IdentityManagment-Mail': 'vibin_joseph@optum.com', 'UserPrincipalName': 'vibin_joseph@optum.com', 'Employee Type': 'E', 'AccountType': 'P', 'Postal Code': 'II033', 'Department': 'OOG APAC-1', 'Manager EmployeeID': '000534798', 'Manager MSID': 'jgates1', 'Manager Name': 'Gates, Justin T', 'Manager Email': 'justin_gates@optum.com', 'Business Unit': '10368', 'Operating Unit': '06870', 'Location': 'INDIN033'}]
2026-09-23 16:28:10 DEBUG   [Thread-1 (stdin_reader)] it_asset_app: AD lookup: mapped fields from row: {'emp_name': 'Joseph, Vibin', 'manager_name': 'Gates, Justin T', 'contact_number': '', 'department': 'OOG APAC-1', 'email': 'vibin_joseph@optum.com', 'designation': 'E', 'msid': 'vjosep29', 'employee_id_confirmed': '900292915', 'manager_email': 'justin_gates@optum.com', 'manager_msid': 'jgates1', 'manager_employee_id': '000534798', 'account_enabled': 'TRUE'}
2026-09-23 16:28:10 INFO    [Thread-1 (stdin_reader)] it_asset_app: AD lookup: SUCCESS for emp_id='900311850' - 1 candidate(s), emp_name='Joseph, Vibin' manager_name='Gates, Justin T'
2026-09-23 16:28:10 INFO    [Thread-1 (stdin_reader)] it_asset_app: AD helper: sending 1 candidate(s) back for request_id='ef1243d6fac94df0b25148b14ea7fb5c'
2026-09-23 16:28:10 INFO    [Thread-1 (stdin_reader)] it_asset_app: AD helper: auto-hid lookup window after successful result (request_id='ef1243d6fac94df0b25148b14ea7fb5c')
2026-09-23 16:28:20 INFO    [Thread-1 (stdin_reader)] it_asset_app: AD helper: received lookup request_id='705ade1a92764d0c9b09fd62df056ef2' emp_id='900311850'
2026-09-23 16:28:20 INFO    [Thread-1 (stdin_reader)] it_asset_app: AD lookup: starting search for emp_id='900311850' (header_keyword='EmployeeID', name_column='Employee Name')
2026-09-23 16:28:20 DEBUG   [Thread-1 (stdin_reader)] it_asset_app: AD lookup: filled search textbox OK
2026-09-23 16:28:21 DEBUG   [Thread-1 (stdin_reader)] it_asset_app: AD lookup: clicked 'View Report' button OK
2026-09-23 16:28:21 DEBUG   [Thread-1 (stdin_reader)] it_asset_app: AD lookup: results table ready after 0.0s
2026-09-23 16:28:21 DEBUG   [Thread-1 (stdin_reader)] it_asset_app: AD lookup: extracted 1 row(s) via strategy='single-table'; tables seen on page: [{'headers': ['Search AD for MSID, EmployeeID, or Email Address (one entry per line)\t\n\t\n\t\n\t\t\n\n\n\n\n\t\t\n\t\t\t\tof\t\t1\t\t\n\t\t\n\t\n\t\nPage Width\nWhole Page\n500%\n200%\n150%\n100%\n75%\n50%\n25%\n10%\n\t\n\t\n\t\n\t\tFind\t\t\n\t\t|\t\tNext\t\t\n\n\n\t\t\t\t\t\t\t\n\t\t\n\t\n\t\t\t\nActive Directory Search (MS domain)\n\xa0\n(data is refreshed once every 24 hours) - data current as of: 9/23/2026 2:01:02 AM Central Time\n\t\n\t\n\t\nBookmark this URL (not the site it takes you to): https://goto.optum.com/ActiveDirectoryInfo\nFor additional options, bookmark this url (not the site it takes you to): https://goto.optum.com/ActiveDirectoryInfo2\n\t\n\t\n\t\t\n\t\t\t\t\t\t\t\t\t\t\t\t\t\t\t\t\t\t\n\nEnabled\n\t\nEmployeeID\n\t\nMSID\n\t\nEmployee Name\n\t\nCorporate Email Box\n\t\nuht-IdentityManagment-Mail\n\t\nUserPrincipalName\n\t\nEmployee Type\n\t\nAccountType\n\t\nPostal Code\n\t\nDepartment\n\t\nManager EmployeeID\n\t\nManager MSID\n\t\nManager Name\n\t\nManager Email\n\t\nBusiness Unit\n\t\nOperating Unit\n\t\nLocation\n\t\nDepartment\n\n\nFALSE\n\t\n900311850\n\t\nlmanokar\n\t\nManokaran, Loganathan\n\t\nloganathan_manokaran@optum.com\n\t\nloganathan_manokaran@optum.com\n\t\nloganathan_manokaran@optum.com\n\t\nE\n\t\nP\n\t\nII033\n\t\nOG Adv APAC-1\n\t\n001928619\n\t\nasing884\n\t\nSingh, Alka\n\t\nalka.singh7@optum.com\n\t\n10368\n\t\n06870\n\t\nINDIN033\n\t\n846604'], 'rowCount': 1, 'matched': False}, {'headers': ['', 'Loading...\n\t\t\t\t\tCancel'], 'rowCount': 1, 'matched': False}, {'headers': ['', '', ''], 'rowCount': 5, 'matched': False}, {'headers': ['Search AD for MSID, EmployeeID, or Email Address (one entry per line)', '', ''], 'rowCount': 1, 'matched': False}, {'headers': ['', '', '', '', '', '', '', '', ''], 'rowCount': 2, 'matched': False}, {'headers': ['', ''], 'rowCount': 1, 'matched': False}, {'headers': ['', '', '', '', '', '', 'of', '', '1', '', '', '', ''], 'rowCount': 1, 'matched': False}, {'headers': [''], 'rowCount': 1, 'matched': False}, {'headers': [''], 'rowCount': 1, 'matched': False}, {'headers': [''], 'rowCount': 1, 'matched': False}, {'headers': [''], 'rowCount': 1, 'matched': False}, {'headers': [''], 'rowCount': 1, 'matched': False}, {'headers': [''], 'rowCount': 1, 'matched': False}, {'headers': [''], 'rowCount': 1, 'matched': False}, {'headers': [''], 'rowCount': 1, 'matched': False}, {'headers': [''], 'rowCount': 1, 'matched': False}, {'headers': [''], 'rowCount': 1, 'matched': False}, {'headers': [''], 'rowCount': 1, 'matched': False}, {'headers': ['Page Width\nWhole Page\n500%\n200%\n150%\n100%\n75%\n50%\n25%\n10%'], 'rowCount': 1, 'matched': False}, {'headers': ['Word\n\t\t\t\t\t\t\t\t\t\n\t\t\t\t\t\t\t\t\t\tExcel\n\t\t\t\t\t\t\t\t\t\n\t\t\t\t\t\t\t\t\t\tPowerPoint\n\t\t\t\t\t\t\t\t\t\n\t\t\t\t\t\t\t\t\t\tPDF\n\t\t\t\t\t\t\t\t\t\n\t\t\t\t\t\t\t\t\t\tTIFF file\n\t\t\t\t\t\t\t\t\t\n\t\t\t\t\t\t\t\t\t\tMHTML (web archive)\n\t\t\t\t\t\t\t\t\t\n\t\t\t\t\t\t\t\t\t\tCSV (comma delimited)\n\t\t\t\t\t\t\t\t\t\n\t\t\t\t\t\t\t\t\t\tXML file with report data\n\t\t\t\t\t\t\t\t\t\n\t\t\t\t\t\t\t\t\t\tData Feed'], 'rowCount': 1, 'matched': False}, {'headers': [''], 'rowCount': 1, 'matched': False}, {'headers': [''], 'rowCount': 1, 'matched': False}, {'headers': [''], 'rowCount': 1, 'matched': False}, {'headers': [''], 'rowCount': 1, 'matched': False}, {'headers': ['', '', 'Find', '', '', '', '|', '', 'Next', '', ''], 'rowCount': 1, 'matched': False}, {'headers': ['Active Directory Search (MS domain)\n\xa0\n(data is refreshed once every 24 hours) - data current as of: 9/23/2026 2:01:02 AM Central Time\n\t\n\t\n\t\nBookmark this URL (not the site it takes you to): https://goto.optum.com/ActiveDirectoryInfo\nFor additional options, bookmark this url (not the site it takes you to): https://goto.optum.com/ActiveDirectoryInfo2\n\t\n\t\n\t\t\n\t\t\t\t\t\t\t\t\t\t\t\t\t\t\t\t\t\t\n\nEnabled\n\t\nEmployeeID\n\t\nMSID\n\t\nEmployee Name\n\t\nCorporate Email Box\n\t\nuht-IdentityManagment-Mail\n\t\nUserPrincipalName\n\t\nEmployee Type\n\t\nAccountType\n\t\nPostal Code\n\t\nDepartment\n\t\nManager EmployeeID\n\t\nManager MSID\n\t\nManager Name\n\t\nManager Email\n\t\nBusiness Unit\n\t\nOperating Unit\n\t\nLocation\n\t\nDepartment\n\n\nFALSE\n\t\n900311850\n\t\nlmanokar\n\t\nManokaran, Loganathan\n\t\nloganathan_manokaran@optum.com\n\t\nloganathan_manokaran@optum.com\n\t\nloganathan_manokaran@optum.com\n\t\nE\n\t\nP\n\t\nII033\n\t\nOG Adv APAC-1\n\t\n001928619\n\t\nasing884\n\t\nSingh, Alka\n\t\nalka.singh7@optum.com\n\t\n10368\n\t\n06870\n\t\nINDIN033\n\t\n846604'], 'rowCount': 1, 'matched': False}, {'headers': ['Active Directory Search (MS domain)\n\xa0\n(data is refreshed once every 24 hours) - data current as of: 9/23/2026 2:01:02 AM Central Time\n\t\n\t\n\t\nBookmark this URL (not the site it takes you to): https://goto.optum.com/ActiveDirectoryInfo\nFor additional options, bookmark this url (not the site it takes you to): https://goto.optum.com/ActiveDirectoryInfo2\n\t\n\t\n\t\t\n\t\t\t\t\t\t\t\t\t\t\t\t\t\t\t\t\t\t\n\nEnabled\n\t\nEmployeeID\n\t\nMSID\n\t\nEmployee Name\n\t\nCorporate Email Box\n\t\nuht-IdentityManagment-Mail\n\t\nUserPrincipalName\n\t\nEmployee Type\n\t\nAccountType\n\t\nPostal Code\n\t\nDepartment\n\t\nManager EmployeeID\n\t\nManager MSID\n\t\nManager Name\n\t\nManager Email\n\t\nBusiness Unit\n\t\nOperating Unit\n\t\nLocation\n\t\nDepartment\n\n\nFALSE\n\t\n900311850\n\t\nlmanokar\n\t\nManokaran, Loganathan\n\t\nloganathan_manokaran@optum.com\n\t\nloganathan_manokaran@optum.com\n\t\nloganathan_manokaran@optum.com\n\t\nE\n\t\nP\n\t\nII033\n\t\nOG Adv APAC-1\n\t\n001928619\n\t\nasing884\n\t\nSingh, Alka\n\t\nalka.singh7@optum.com\n\t\n10368\n\t\n06870\n\t\nINDIN033\n\t\n846604'], 'rowCount': 2, 'matched': False}, {'headers': ['Active Directory Search (MS domain)\n\xa0\n(data is refreshed once every 24 hours) - data current as of: 9/23/2026 2:01:02 AM Central Time\n\t\n\t\n\t\nBookmark this URL (not the site it takes you to): https://goto.optum.com/ActiveDirectoryInfo\nFor additional options, bookmark this url (not the site it takes you to): https://goto.optum.com/ActiveDirectoryInfo2\n\t\n\t\n\t\t\n\t\t\t\t\t\t\t\t\t\t\t\t\t\t\t\t\t\t\n\nEnabled\n\t\nEmployeeID\n\t\nMSID\n\t\nEmployee Name\n\t\nCorporate Email Box\n\t\nuht-IdentityManagment-Mail\n\t\nUserPrincipalName\n\t\nEmployee Type\n\t\nAccountType\n\t\nPostal Code\n\t\nDepartment\n\t\nManager EmployeeID\n\t\nManager MSID\n\t\nManager Name\n\t\nManager Email\n\t\nBusiness Unit\n\t\nOperating Unit\n\t\nLocation\n\t\nDepartment\n\n\nFALSE\n\t\n900311850\n\t\nlmanokar\n\t\nManokaran, Loganathan\n\t\nloganathan_manokaran@optum.com\n\t\nloganathan_manokaran@optum.com\n\t\nloganathan_manokaran@optum.com\n\t\nE\n\t\nP\n\t\nII033\n\t\nOG Adv APAC-1\n\t\n001928619\n\t\nasing884\n\t\nSingh, Alka\n\t\nalka.singh7@optum.com\n\t\n10368\n\t\n06870\n\t\nINDIN033\n\t\n846604'], 'rowCount': 1, 'matched': False}, {'headers': ['', '', '', '', '', '', '', ''], 'rowCount': 7, 'matched': False}, {'headers': ['Enabled', 'EmployeeID', 'MSID', 'Employee Name', 'Corporate Email Box', 'uht-IdentityManagment-Mail', 'UserPrincipalName', 'Employee Type', 'AccountType', 'Postal Code', 'Department', 'Manager EmployeeID', 'Manager MSID', 'Manager Name', 'Manager Email', 'Business Unit', 'Operating Unit', 'Location', 'Department'], 'rowCount': 1, 'matched': True}]
2026-09-23 16:28:21 DEBUG   [Thread-1 (stdin_reader)] it_asset_app: AD lookup: raw extracted rows: [{'Enabled': 'FALSE', 'EmployeeID': '900311850', 'MSID': 'lmanokar', 'Employee Name': 'Manokaran, Loganathan', 'Corporate Email Box': 'loganathan_manokaran@optum.com', 'uht-IdentityManagment-Mail': 'loganathan_manokaran@optum.com', 'UserPrincipalName': 'loganathan_manokaran@optum.com', 'Employee Type': 'E', 'AccountType': 'P', 'Postal Code': 'II033', 'Department': 'OG Adv APAC-1', 'Manager EmployeeID': '001928619', 'Manager MSID': 'asing884', 'Manager Name': 'Singh, Alka', 'Manager Email': 'alka.singh7@optum.com', 'Business Unit': '10368', 'Operating Unit': '06870', 'Location': 'INDIN033'}]
2026-09-23 16:28:21 DEBUG   [Thread-1 (stdin_reader)] it_asset_app: AD lookup: mapped fields from row: {'emp_name': 'Manokaran, Loganathan', 'manager_name': 'Singh, Alka', 'contact_number': '', 'department': 'OG Adv APAC-1', 'email': 'loganathan_manokaran@optum.com', 'designation': 'E', 'msid': 'lmanokar', 'employee_id_confirmed': '900311850', 'manager_email': 'alka.singh7@optum.com', 'manager_msid': 'asing884', 'manager_employee_id': '001928619', 'account_enabled': 'FALSE'}
2026-09-23 16:28:21 INFO    [Thread-1 (stdin_reader)] it_asset_app: AD lookup: SUCCESS for emp_id='900311850' - 1 candidate(s), emp_name='Manokaran, Loganathan' manager_name='Singh, Alka'
2026-09-23 16:28:21 INFO    [Thread-1 (stdin_reader)] it_asset_app: AD helper: sending 1 candidate(s) back for request_id='705ade1a92764d0c9b09fd62df056ef2'
2026-09-23 16:28:21 INFO    [Thread-1 (stdin_reader)] it_asset_app: AD helper: auto-hid lookup window after successful result (request_id='705ade1a92764d0c9b09fd62df056ef2')
2026-09-23 16:28:34 INFO    [MainThread] it_asset_app: SignatureService.capture: use_topaz_pad=True, title='Employee: sign here'
2026-09-23 16:28:34 INFO    [MainThread] it_asset_app: Topaz: capture() starting
2026-09-23 16:28:34 DEBUG   [Thread-8 (worker)] it_asset_app: Topaz: ProgID 'TOPAZSIGPLUS.SigPlusCtrl.1' failed: (-2147221005, 'Invalid class string', None, None)
2026-09-23 16:28:34 INFO    [Thread-8 (worker)] it_asset_app: Topaz: connected via ProgID 'SigPlus.SigPlusCtrl.1'
2026-09-23 16:28:34 DEBUG   [Thread-8 (worker)] it_asset_app: Topaz: control exposes: ['AboutBox', 'AddSerialByte', 'Annotate', 'AsciiDataMode', 'AutoKeyAddData', 'AutoKeyData', 'AutoKeyFinish', 'AutoKeyStart', 'AutoTimeStamp', 'BackColor', 'BackgroundHandle', 'BitMapBufferByte', 'BitMapBufferClose', 'BitMapBufferSize', 'BitMapBufferWrite', 'BitmapHandle', 'Buffer', 'ByteIndex', 'ClearSigWindow', 'ClearTablet', 'CmdCount', 'CmdData', 'CmdString', 'CoordToUse', 'Coords', 'Data', 'Dest', 'DisableMessageBoxes', 'DisableTabletCapture', 'DisplayAnnotate', 'DisplayAnnotatePosX', 'DisplayAnnotatePosY', 'DisplayAnnotateSize', 'DisplayMode', 'DisplayPenWidth', 'DisplayRotate', 'DisplayRotateSave', 'DisplayTimeStamp', 'DisplayTimeStampPosX', 'DisplayTimeStampPosY', 'DisplayTimeStampSize', 'DisplayWindowRes', 'Enable', 'EnableTabletCapture', 'EnableTabletEncryption', 'EncryptionMode', 'EventMask', 'ExportSigFile', 'FaceName', 'Factor', 'FileName', 'FinalFactor', 'FitToWindow', 'ForeColor', 'Format', 'GetBadPointCounter', 'GetBitmapBufferBytes', 'GetEventEnableMask', 'GetImageScreenResolution', 'GetKey', 'GetKeyReceipt', 'GetKeyReceiptAscii', 'GetLCDSize', 'GetLCDStringSize', 'GetNumPointsForStroke', 'GetNumberOfAttachedTablets', 'GetNumberOfHotSpotPoints', 'GetNumberOfStrokes', 'GetOposPointArray', 'GetOposTotalPoints', 'GetPointPValue', 'GetPointTValue', 'GetPointXValue', 'GetPointYValue', 'GetSavePressureData', 'GetSaveTimeData', 'GetSerialNumberToUse', 'GetSigData', 'GetSigPlusVersionString', 'GetSigReceipt', 'GetSigReceiptAscii', 'GetTabletModelNumber', 'GetTabletPortPath', 'GetTabletSerialNumber', 'GetTrackGemField', 'GreyGain', 'GreyOffset', 'Height', 'HexString', 'HighlightPoint', 'HighlightStroke', 'HostMode', 'IPAddress', 'ImageAnnotate', 'ImageAnnotatePosX', 'ImageAnnotatePosY', 'ImageAnnotateSize', 'ImageFileFormat', 'ImageFileName', 'ImagePenWidth', 'ImageTimeStamp', 'ImageTimeStampPosX', 'ImageTimeStampPosY', 'ImageTimeStampSize', 'ImageXSize', 'ImageYSize', 'ImportSigFile', 'Index', 'InitSigPlus', 'Inside', 'Italic', 'JustifyMode', 'JustifyX', 'JustifyY', 'KeyCode', 'KeyData', 'KeyPadAddHotSpot', 'KeyPadClearHotSpotList', 'KeyPadEnableTapOnly', 'KeyPadQueryHotSpot', 'KeyString', 'LCDCaptureMode', 'LCDCompEnable', 'LCDCompFast', 'LCDCompMode', 'LCDCompSlow', 'LCDCreateImage', 'LCDPlayVideo', 'LCDRefresh', 'LCDSendCmdString', 'LCDSendCommandData', 'LCDSendImage', 'LCDSetFont', 'LCDSetTabletMap', 'LCDSetWindow', 'LCDStopVideo', 'LCDTiffAdd', 'LCDTiffStart', 'LCDTiffWrite', 'LCDType', 'LCDWriteBitmap', 'LCDWriteFile', 'LCDWriteString', 'LCDWriteStringToImage', 'LCDWriteWindowedBitmap', 'LCDXSize', 'LCDXStart', 'LCDXStop', 'LCDYSize', 'LCDYStart', 'LCDYStop', 'LCDZCompMode', 'LineScale', 'LoadTrackGemSig', 'LogEnable', 'LogFilePath', 'MapPoints', 'Message', 'Mode', 'NewPath', 'NewPixelDepth', 'NewPortPath', 'NewValue', 'NumberOfTabletPoints', 'Offset', 'OpaqueMode', 'Param', 'PitchAndFamily', 'PointArray', 'PointIdx', 'PointNumber', 'PortNumber', 'ReplayMode', 'RetryCount', 'ReturnCount', 'SaveSigInfo', 'SerialByte', 'SetAntiAliasEnable', 'SetAntiAliasParameters', 'SetBackground', 'SetBackgroundHandle', 'SetDisplayAnnotateData', 'SetDisplayTimeStampData', 'SetDynamicPressure', 'SetEnableColor', 'SetEventEnableMask', 'SetGreyScaleParams', 'SetIPAddress', 'SetImageAnnotateData', 'SetImageScreenResolution', 'SetImageTimeStampData', 'SetKey', 'SetLCDCompression', 'SetLCDCompressionParameters', 'SetLCDPixelDepth', 'SetLCDRetryCount', 'SetLCDTransferDelay', 'SetLCDTransferSize', 'SetLCDType', 'SetLocalIniFilePath', 'SetLogEnable', 'SetLogFilePath', 'SetMultiUsbEnable', 'SetPressureMap', 'SetPressureMapPoints', 'SetSavePressureData', 'SetSaveTimeData', 'SetSerialNumberToUse', 'SetSigData', 'SetSigSocketPort', 'SetSigWindow', 'SetSpecialCloseDelay', 'SetTabletEncryptionModes', 'SetTabletPortPath', 'SetTranslateBitmapEnable', 'SetUseSHA2Hash', 'SetWMFTempPath', 'SigCompressionMode', 'SigData', 'SigMessage', 'SigSetFont', 'SigString', 'Size', 'SpotSize', 'State', 'Str', 'StrokeIdx', 'StrokeNumber', 'TabletBaudRate', 'TabletClippingMode', 'TabletComPort', 'TabletComTest', 'TabletConnectQuery', 'TabletFilterPoints', 'TabletGraphic', 'TabletGraphicFile', 'TabletIndex', 'TabletInvisible', 'TabletLCDMode', 'TabletLogicalXSize', 'TabletLogicalYSize', 'TabletMode', 'TabletModelNumber', 'TabletResolution', 'TabletRotation', 'TabletSerialNumber', 'TabletState', 'TabletText', 'TabletTextFile', 'TabletTimer', 'TabletTimingAdvance', 'TabletType', 'TabletXStart', 'TabletXStop', 'TabletYStart', 'TabletYStop', 'TestFunction', 'TimeOut', 'TimeStamp', 'TransferDelay', 'TransferSize', 'Underline', 'Value', 'Velocity0', 'VelocityRange', 'VideoNumber', 'Weight', 'Width', 'WriteImageFile', 'X', 'XPos', 'XSize', 'Y', 'YPos', 'YSize', 'ZoomPower', 'ZoomX', 'ZoomY']
2026-09-23 16:28:34 DEBUG   [Thread-8 (worker)] it_asset_app: Topaz: arming the pad (hwnd=464126)
2026-09-23 16:28:35 DEBUG   [Thread-8 (worker)] it_asset_app: Topaz: tablet state set to 1 via TabletState property
2026-09-23 16:28:35 INFO    [Thread-8 (worker)] it_asset_app: Topaz: pad armed OK
2026-09-23 16:28:48 INFO    [Thread-8 (worker)] it_asset_app: Topaz: NumberOfTabletPoints=314 after Accept
2026-09-23 16:28:48 DEBUG   [Thread-8 (worker)] it_asset_app: Topaz: SigImageB64 not available (SigPlus.SigPlusCtrl.1.SigImageB64)
2026-09-23 16:28:48 DEBUG   [Thread-8 (worker)] it_asset_app: Topaz: image property ImageFileName not settable (Property 'SigPlus.SigPlusCtrl.1.ImageFileName' can not be set.)
2026-09-23 16:28:48 INFO    [Thread-8 (worker)] it_asset_app: Topaz: WriteImageFile(path, fmt, x, y, pen) failed (WriteImageFile() takes from 1 to 2 positional arguments but 6 were given)
2026-09-23 16:28:48 INFO    [Thread-8 (worker)] it_asset_app: Topaz: WriteImageFile(path, fmt) failed (WriteImageFile() takes from 1 to 2 positional arguments but 3 were given)
2026-09-23 16:28:48 INFO    [Thread-8 (worker)] it_asset_app: Topaz: wrote signature bitmap via WriteImageFile(path)
2026-09-23 16:28:48 DEBUG   [Thread-8 (worker)] it_asset_app: Topaz: tablet state set to 0 via TabletState property
2026-09-23 16:28:48 DEBUG   [Thread-8 (worker)] it_asset_app: Topaz: pad disarmed OK
2026-09-23 16:28:48 INFO    [MainThread] it_asset_app: Topaz: capture SUCCESS, saved to C:\Users\srajaamu\AppData\Local\Temp\sig_topaz_3bdc4ff3bd094748952720931a8b0389.png
2026-09-23 16:28:48 INFO    [MainThread] it_asset_app: SignatureService.capture: Topaz path returned 'C:\\Users\\srajaamu\\AppData\\Local\\Temp\\sig_topaz_3bdc4ff3bd094748952720931a8b0389.png'
2026-09-23 16:28:52 INFO    [MainThread] it_asset_app: SignatureService.capture: use_topaz_pad=True, title='Asset Receiver: sign here'
2026-09-23 16:28:52 INFO    [MainThread] it_asset_app: Topaz: capture() starting
2026-09-23 16:28:52 DEBUG   [Thread-9 (worker)] it_asset_app: Topaz: ProgID 'TOPAZSIGPLUS.SigPlusCtrl.1' failed: (-2147221005, 'Invalid class string', None, None)
2026-09-23 16:28:52 INFO    [Thread-9 (worker)] it_asset_app: Topaz: connected via ProgID 'SigPlus.SigPlusCtrl.1'
2026-09-23 16:28:52 DEBUG   [Thread-9 (worker)] it_asset_app: Topaz: control exposes: ['AboutBox', 'AddSerialByte', 'Annotate', 'AsciiDataMode', 'AutoKeyAddData', 'AutoKeyData', 'AutoKeyFinish', 'AutoKeyStart', 'AutoTimeStamp', 'BackColor', 'BackgroundHandle', 'BitMapBufferByte', 'BitMapBufferClose', 'BitMapBufferSize', 'BitMapBufferWrite', 'BitmapHandle', 'Buffer', 'ByteIndex', 'ClearSigWindow', 'ClearTablet', 'CmdCount', 'CmdData', 'CmdString', 'CoordToUse', 'Coords', 'Data', 'Dest', 'DisableMessageBoxes', 'DisableTabletCapture', 'DisplayAnnotate', 'DisplayAnnotatePosX', 'DisplayAnnotatePosY', 'DisplayAnnotateSize', 'DisplayMode', 'DisplayPenWidth', 'DisplayRotate', 'DisplayRotateSave', 'DisplayTimeStamp', 'DisplayTimeStampPosX', 'DisplayTimeStampPosY', 'DisplayTimeStampSize', 'DisplayWindowRes', 'Enable', 'EnableTabletCapture', 'EnableTabletEncryption', 'EncryptionMode', 'EventMask', 'ExportSigFile', 'FaceName', 'Factor', 'FileName', 'FinalFactor', 'FitToWindow', 'ForeColor', 'Format', 'GetBadPointCounter', 'GetBitmapBufferBytes', 'GetEventEnableMask', 'GetImageScreenResolution', 'GetKey', 'GetKeyReceipt', 'GetKeyReceiptAscii', 'GetLCDSize', 'GetLCDStringSize', 'GetNumPointsForStroke', 'GetNumberOfAttachedTablets', 'GetNumberOfHotSpotPoints', 'GetNumberOfStrokes', 'GetOposPointArray', 'GetOposTotalPoints', 'GetPointPValue', 'GetPointTValue', 'GetPointXValue', 'GetPointYValue', 'GetSavePressureData', 'GetSaveTimeData', 'GetSerialNumberToUse', 'GetSigData', 'GetSigPlusVersionString', 'GetSigReceipt', 'GetSigReceiptAscii', 'GetTabletModelNumber', 'GetTabletPortPath', 'GetTabletSerialNumber', 'GetTrackGemField', 'GreyGain', 'GreyOffset', 'Height', 'HexString', 'HighlightPoint', 'HighlightStroke', 'HostMode', 'IPAddress', 'ImageAnnotate', 'ImageAnnotatePosX', 'ImageAnnotatePosY', 'ImageAnnotateSize', 'ImageFileFormat', 'ImageFileName', 'ImagePenWidth', 'ImageTimeStamp', 'ImageTimeStampPosX', 'ImageTimeStampPosY', 'ImageTimeStampSize', 'ImageXSize', 'ImageYSize', 'ImportSigFile', 'Index', 'InitSigPlus', 'Inside', 'Italic', 'JustifyMode', 'JustifyX', 'JustifyY', 'KeyCode', 'KeyData', 'KeyPadAddHotSpot', 'KeyPadClearHotSpotList', 'KeyPadEnableTapOnly', 'KeyPadQueryHotSpot', 'KeyString', 'LCDCaptureMode', 'LCDCompEnable', 'LCDCompFast', 'LCDCompMode', 'LCDCompSlow', 'LCDCreateImage', 'LCDPlayVideo', 'LCDRefresh', 'LCDSendCmdString', 'LCDSendCommandData', 'LCDSendImage', 'LCDSetFont', 'LCDSetTabletMap', 'LCDSetWindow', 'LCDStopVideo', 'LCDTiffAdd', 'LCDTiffStart', 'LCDTiffWrite', 'LCDType', 'LCDWriteBitmap', 'LCDWriteFile', 'LCDWriteString', 'LCDWriteStringToImage', 'LCDWriteWindowedBitmap', 'LCDXSize', 'LCDXStart', 'LCDXStop', 'LCDYSize', 'LCDYStart', 'LCDYStop', 'LCDZCompMode', 'LineScale', 'LoadTrackGemSig', 'LogEnable', 'LogFilePath', 'MapPoints', 'Message', 'Mode', 'NewPath', 'NewPixelDepth', 'NewPortPath', 'NewValue', 'NumberOfTabletPoints', 'Offset', 'OpaqueMode', 'Param', 'PitchAndFamily', 'PointArray', 'PointIdx', 'PointNumber', 'PortNumber', 'ReplayMode', 'RetryCount', 'ReturnCount', 'SaveSigInfo', 'SerialByte', 'SetAntiAliasEnable', 'SetAntiAliasParameters', 'SetBackground', 'SetBackgroundHandle', 'SetDisplayAnnotateData', 'SetDisplayTimeStampData', 'SetDynamicPressure', 'SetEnableColor', 'SetEventEnableMask', 'SetGreyScaleParams', 'SetIPAddress', 'SetImageAnnotateData', 'SetImageScreenResolution', 'SetImageTimeStampData', 'SetKey', 'SetLCDCompression', 'SetLCDCompressionParameters', 'SetLCDPixelDepth', 'SetLCDRetryCount', 'SetLCDTransferDelay', 'SetLCDTransferSize', 'SetLCDType', 'SetLocalIniFilePath', 'SetLogEnable', 'SetLogFilePath', 'SetMultiUsbEnable', 'SetPressureMap', 'SetPressureMapPoints', 'SetSavePressureData', 'SetSaveTimeData', 'SetSerialNumberToUse', 'SetSigData', 'SetSigSocketPort', 'SetSigWindow', 'SetSpecialCloseDelay', 'SetTabletEncryptionModes', 'SetTabletPortPath', 'SetTranslateBitmapEnable', 'SetUseSHA2Hash', 'SetWMFTempPath', 'SigCompressionMode', 'SigData', 'SigMessage', 'SigSetFont', 'SigString', 'Size', 'SpotSize', 'State', 'Str', 'StrokeIdx', 'StrokeNumber', 'TabletBaudRate', 'TabletClippingMode', 'TabletComPort', 'TabletComTest', 'TabletConnectQuery', 'TabletFilterPoints', 'TabletGraphic', 'TabletGraphicFile', 'TabletIndex', 'TabletInvisible', 'TabletLCDMode', 'TabletLogicalXSize', 'TabletLogicalYSize', 'TabletMode', 'TabletModelNumber', 'TabletResolution', 'TabletRotation', 'TabletSerialNumber', 'TabletState', 'TabletText', 'TabletTextFile', 'TabletTimer', 'TabletTimingAdvance', 'TabletType', 'TabletXStart', 'TabletXStop', 'TabletYStart', 'TabletYStop', 'TestFunction', 'TimeOut', 'TimeStamp', 'TransferDelay', 'TransferSize', 'Underline', 'Value', 'Velocity0', 'VelocityRange', 'VideoNumber', 'Weight', 'Width', 'WriteImageFile', 'X', 'XPos', 'XSize', 'Y', 'YPos', 'YSize', 'ZoomPower', 'ZoomX', 'ZoomY']
2026-09-23 16:28:52 DEBUG   [Thread-9 (worker)] it_asset_app: Topaz: arming the pad (hwnd=464126)
2026-09-23 16:28:52 DEBUG   [Thread-9 (worker)] it_asset_app: Topaz: tablet state set to 1 via TabletState property
2026-09-23 16:28:52 INFO    [Thread-9 (worker)] it_asset_app: Topaz: pad armed OK
2026-09-23 16:29:01 INFO    [Thread-9 (worker)] it_asset_app: Topaz: NumberOfTabletPoints=271 after Accept
2026-09-23 16:29:01 DEBUG   [Thread-9 (worker)] it_asset_app: Topaz: SigImageB64 not available (SigPlus.SigPlusCtrl.1.SigImageB64)
2026-09-23 16:29:01 DEBUG   [Thread-9 (worker)] it_asset_app: Topaz: image property ImageFileName not settable (Property 'SigPlus.SigPlusCtrl.1.ImageFileName' can not be set.)
2026-09-23 16:29:01 INFO    [Thread-9 (worker)] it_asset_app: Topaz: WriteImageFile(path, fmt, x, y, pen) failed (WriteImageFile() takes from 1 to 2 positional arguments but 6 were given)
2026-09-23 16:29:01 INFO    [Thread-9 (worker)] it_asset_app: Topaz: WriteImageFile(path, fmt) failed (WriteImageFile() takes from 1 to 2 positional arguments but 3 were given)
2026-09-23 16:29:01 INFO    [Thread-9 (worker)] it_asset_app: Topaz: wrote signature bitmap via WriteImageFile(path)
2026-09-23 16:29:01 DEBUG   [Thread-9 (worker)] it_asset_app: Topaz: tablet state set to 0 via TabletState property
2026-09-23 16:29:01 DEBUG   [Thread-9 (worker)] it_asset_app: Topaz: pad disarmed OK
2026-09-23 16:29:01 INFO    [MainThread] it_asset_app: Topaz: capture SUCCESS, saved to C:\Users\srajaamu\AppData\Local\Temp\sig_topaz_31883e0fddd5434aa595b5b29f02ef13.png
2026-09-23 16:29:01 INFO    [MainThread] it_asset_app: SignatureService.capture: Topaz path returned 'C:\\Users\\srajaamu\\AppData\\Local\\Temp\\sig_topaz_31883e0fddd5434aa595b5b29f02ef13.png'
2026-09-23 16:29:07 INFO    [MainThread] it_asset_app: Generate clicked: emp_id='900311850' bu='Embassy_ii033' submission_type='New Hire'
2026-09-23 16:29:09 INFO    [MainThread] it_asset_app: Generate: form validation failed, stopping
2026-09-23 16:29:18 INFO    [MainThread] it_asset_app: Generate clicked: emp_id='900311850' bu='Embassy_ii033' submission_type='New Hire'
2026-09-23 16:29:18 INFO    [MainThread] it_asset_app: fill_docx: starting for 'C:\\Users\\srajaamu\\OneDrive - UHG\\Topaz_automation\\WorkFlow_Topaz\\bu_templates\\3a1864d284\\fillable.docx' -> 'C:\\Users\\srajaamu\\AppData\\Local\\Temp\\itasset_pjkb2ai2\\filled.docx' (fields=10, checked_tags=['Charger', 'LaptopBag', 'Mouse', 'NewHire'], signatures={'EmployeeSignature': True, 'AssetReceiverSignature': True})
2026-09-23 16:29:18 INFO    [MainThread] it_asset_app: fill_docx: SUCCESS -> 'C:\\Users\\srajaamu\\AppData\\Local\\Temp\\itasset_pjkb2ai2\\filled.docx'
2026-09-23 16:29:18 INFO    [MainThread] it_asset_app: Word export: starting for 'C:\\Users\\srajaamu\\AppData\\Local\\Temp\\itasset_pjkb2ai2\\filled.docx' -> 'C:\\Users\\srajaamu\\AppData\\Local\\Temp\\itasset_pjkb2ai2\\unsigned.pdf'
2026-09-23 16:29:18 DEBUG   [MainThread] it_asset_app: Word export: launching Word.Application (DispatchEx)
2026-09-23 16:29:20 DEBUG   [MainThread] it_asset_app: Word export: opening 'C:\\Users\\srajaamu\\AppData\\Local\\Temp\\itasset_pjkb2ai2\\filled.docx'
2026-09-23 16:29:21 DEBUG   [MainThread] it_asset_app: Word export: saving as PDF -> 'C:\\Users\\srajaamu\\AppData\\Local\\Temp\\itasset_pjkb2ai2\\unsigned.pdf'
2026-09-23 16:29:23 INFO    [MainThread] it_asset_app: Word export: SUCCESS -> 'C:\\Users\\srajaamu\\AppData\\Local\\Temp\\itasset_pjkb2ai2\\unsigned.pdf' (4.4s)
2026-09-23 16:29:25 INFO    [MainThread] it_asset_app: Signed-on caption: stamped 2 box(es) on 'C:\\Users\\srajaamu\\AppData\\Local\\Temp\\itasset_pjkb2ai2\\unsigned.pdf'
2026-09-23 16:29:25 DEBUG   [MainThread] it_asset_app: PDF metadata: wrote 11 field(s) into 'C:\\Users\\srajaamu\\AppData\\Local\\Temp\\itasset_pjkb2ai2\\unsigned.pdf'
2026-09-23 16:29:25 INFO    [MainThread] it_asset_app: Signing: starting for 'C:\\Users\\srajaamu\\AppData\\Local\\Temp\\itasset_pjkb2ai2\\unsigned.pdf' -> 'Z:/Topaz_auto\\New_Hire\\23-Sep-2026\\Sriram\\900311850_NewHire_20260923_162918.pdf' (2 signature field(s): ['EmployeeSignature', 'AssetReceiverSignature'])
2026-09-23 16:29:25 DEBUG   [MainThread] it_asset_app: Signing: detected 2 on-page signature box(es)
2026-09-23 16:29:26 DEBUG   [MainThread] it_asset_app: Signing: applied field 'EmployeeSignature' (box=(291.85, 268.0, 433.45000000000005, 315.2)) -> 'Z:/Topaz_auto\\New_Hire\\23-Sep-2026\\Sriram\\900311850_NewHire_20260923_162918.pdf.step0.pdf'
2026-09-23 16:29:28 DEBUG   [MainThread] it_asset_app: Signing: applied field 'AssetReceiverSignature' (box=(291.85, 220.3, 433.45000000000005, 267.5)) -> 'Z:/Topaz_auto\\New_Hire\\23-Sep-2026\\Sriram\\900311850_NewHire_20260923_162918.pdf'
2026-09-23 16:29:28 INFO    [MainThread] it_asset_app: Signing: SUCCESS -> 'Z:/Topaz_auto\\New_Hire\\23-Sep-2026\\Sriram\\900311850_NewHire_20260923_162918.pdf' (3.5s)
2026-09-23 16:29:28 INFO    [MainThread] it_asset_app: Generate SUCCESS for emp_id='900311850' -> Z:/Topaz_auto\New_Hire\23-Sep-2026\Sriram\900311850_NewHire_20260923_162918.pdf
2026-09-23 16:34:41 INFO    [Thread-10 (worker)] it_asset_app: SSRS asset report: downloading (force=True) -> 'C:\\Users\\srajaamu\\OneDrive - UHG\\Topaz_automation\\WorkFlow_Topaz\\cache\\ssrs_asset_report.xlsx'
2026-09-23 16:35:02 INFO    [MainThread] it_asset_app: SSRS asset report: status='Available' records=1830 error=''
2026-09-23 16:35:16 INFO    [MainThread] it_asset_app: WizardApp: closing (user closed the window)
2026-09-23 16:35:17 INFO    [MainThread] it_asset_app: WizardApp: closed
2026-09-23 16:35:29 INFO    [MainThread] it_asset_app: ======================================================================
2026-09-23 16:35:29 INFO    [MainThread] it_asset_app: App starting - log file: C:\Users\srajaamu\OneDrive - UHG\Topaz_automation\WorkFlow_Topaz\logs\application.log
2026-09-23 16:35:29 INFO    [MainThread] it_asset_app: Python: 3.14.7 | frozen: False
2026-09-23 16:35:29 INFO    [MainThread] it_asset_app: WizardApp: starting up. ad_lookup_mode='ssrs_report' use_topaz_pad=True bu_templates_folder='bu_templates' root_save_folder='Z:/Topaz_auto' operator_name='Sriram'
2026-09-23 16:35:29 INFO    [MainThread] it_asset_app: WizardApp: GUI ready
2026-09-23 16:35:29 INFO    [Thread-1 (start)] it_asset_app: AD helper: launched new subprocess (pid=35600): ['C:\\Program Files\\Python314\\python.exe', 'C:\\Users\\srajaamu\\OneDrive - UHG\\Topaz_automation\\WorkFlow_Topaz\\app.py', '--webview-helper']
2026-09-23 16:35:30 INFO    [MainThread] it_asset_app: Startup health check: [('Microsoft Word', True, ''), ('Signing Certificate', True, ''), ('SSRS Asset Report', True, 'Available'), ('Save Folder', True, 'Z:/Topaz_auto'), ('BU Templates', True, '5 loaded')]
2026-09-23 16:35:30 INFO    [MainThread] it_asset_app: ======================================================================
2026-09-23 16:35:30 INFO    [MainThread] it_asset_app: App starting - log file: C:\Users\srajaamu\OneDrive - UHG\Topaz_automation\WorkFlow_Topaz\logs\application.log
2026-09-23 16:35:30 INFO    [MainThread] it_asset_app: Python: 3.14.7 | frozen: False
2026-09-23 16:35:30 INFO    [MainThread] it_asset_app: AD helper: subprocess started (pid=35600)
2026-09-23 16:35:36 INFO    [MainThread] it_asset_app: SSRS asset report: status='Available' records=1830 error=''
2026-09-23 16:37:19 INFO    [Thread-4 (worker)] it_asset_app: AD helper: launched new subprocess (pid=30836): ['C:\\Program Files\\Python314\\python.exe', 'C:\\Users\\srajaamu\\OneDrive - UHG\\Topaz_automation\\WorkFlow_Topaz\\app.py', '--webview-helper']
2026-09-23 16:37:20 INFO    [MainThread] it_asset_app: ======================================================================
2026-09-23 16:37:20 INFO    [MainThread] it_asset_app: App starting - log file: C:\Users\srajaamu\OneDrive - UHG\Topaz_automation\WorkFlow_Topaz\logs\application.log
2026-09-23 16:37:20 INFO    [MainThread] it_asset_app: Python: 3.14.7 | frozen: False
2026-09-23 16:37:20 INFO    [MainThread] it_asset_app: AD helper: subprocess started (pid=30836)
2026-09-23 16:37:20 INFO    [Thread-1 (stdin_reader)] it_asset_app: AD helper: received lookup request_id='7028f28fc2cd4889b8aae6df0c8af757' emp_id='900311850'
2026-09-23 16:37:24 INFO    [Thread-1 (stdin_reader)] it_asset_app: AD lookup: starting search for emp_id='900311850' (header_keyword='EmployeeID', name_column='Employee Name')
2026-09-23 16:37:24 DEBUG   [Thread-1 (stdin_reader)] it_asset_app: AD lookup: filled search textbox OK
2026-09-23 16:37:25 DEBUG   [Thread-1 (stdin_reader)] it_asset_app: AD lookup: clicked 'View Report' button OK
2026-09-23 16:37:27 DEBUG   [Thread-1 (stdin_reader)] it_asset_app: AD lookup: results table ready after 2.4s
2026-09-23 16:37:27 DEBUG   [Thread-1 (stdin_reader)] it_asset_app: AD lookup: extracted 1 row(s) via strategy='single-table'; tables seen on page: [{'headers': ['Search AD for MSID, EmployeeID, or Email Address (one entry per line)\t\n\t\n\t\n\t\t\n\n\n\n\n\t\t\n\t\t\t\tof\t\t1\t\t\n\t\t\n\t\n\t\nPage Width\nWhole Page\n500%\n200%\n150%\n100%\n75%\n50%\n25%\n10%\n\t\n\t\n\t\n\t\tFind\t\t\n\t\t|\t\tNext\t\t\n\n\n\t\t\t\t\t\t\t\n\t\t\n\t\n\t\t\t\nActive Directory Search (MS domain)\n\xa0\n(data is refreshed once every 24 hours) - data current as of: 9/23/2026 2:01:02 AM Central Time\n\t\n\t\n\t\nBookmark this URL (not the site it takes you to): https://goto.optum.com/ActiveDirectoryInfo\nFor additional options, bookmark this url (not the site it takes you to): https://goto.optum.com/ActiveDirectoryInfo2\n\t\n\t\n\t\t\n\t\t\t\t\t\t\t\t\t\t\t\t\t\t\t\t\t\t\n\nEnabled\n\t\nEmployeeID\n\t\nMSID\n\t\nEmployee Name\n\t\nCorporate Email Box\n\t\nuht-IdentityManagment-Mail\n\t\nUserPrincipalName\n\t\nEmployee Type\n\t\nAccountType\n\t\nPostal Code\n\t\nDepartment\n\t\nManager EmployeeID\n\t\nManager MSID\n\t\nManager Name\n\t\nManager Email\n\t\nBusiness Unit\n\t\nOperating Unit\n\t\nLocation\n\t\nDepartment\n\n\nFALSE\n\t\n900311850\n\t\nlmanokar\n\t\nManokaran, Loganathan\n\t\nloganathan_manokaran@optum.com\n\t\nloganathan_manokaran@optum.com\n\t\nloganathan_manokaran@optum.com\n\t\nE\n\t\nP\n\t\nII033\n\t\nOG Adv APAC-1\n\t\n001928619\n\t\nasing884\n\t\nSingh, Alka\n\t\nalka.singh7@optum.com\n\t\n10368\n\t\n06870\n\t\nINDIN033\n\t\n846604'], 'rowCount': 1, 'matched': False}, {'headers': ['', 'Loading...\n\t\t\t\t\tCancel'], 'rowCount': 1, 'matched': False}, {'headers': ['', '', ''], 'rowCount': 5, 'matched': False}, {'headers': ['Search AD for MSID, EmployeeID, or Email Address (one entry per line)', '', ''], 'rowCount': 1, 'matched': False}, {'headers': ['', '', '', '', '', '', '', '', ''], 'rowCount': 2, 'matched': False}, {'headers': ['', ''], 'rowCount': 1, 'matched': False}, {'headers': ['', '', '', '', '', '', 'of', '', '1', '', '', '', ''], 'rowCount': 1, 'matched': False}, {'headers': [''], 'rowCount': 1, 'matched': False}, {'headers': [''], 'rowCount': 1, 'matched': False}, {'headers': [''], 'rowCount': 1, 'matched': False}, {'headers': [''], 'rowCount': 1, 'matched': False}, {'headers': [''], 'rowCount': 1, 'matched': False}, {'headers': [''], 'rowCount': 1, 'matched': False}, {'headers': [''], 'rowCount': 1, 'matched': False}, {'headers': [''], 'rowCount': 1, 'matched': False}, {'headers': [''], 'rowCount': 1, 'matched': False}, {'headers': [''], 'rowCount': 1, 'matched': False}, {'headers': [''], 'rowCount': 1, 'matched': False}, {'headers': ['Page Width\nWhole Page\n500%\n200%\n150%\n100%\n75%\n50%\n25%\n10%'], 'rowCount': 1, 'matched': False}, {'headers': ['Word\n\t\t\t\t\t\t\t\t\t\n\t\t\t\t\t\t\t\t\t\tExcel\n\t\t\t\t\t\t\t\t\t\n\t\t\t\t\t\t\t\t\t\tPowerPoint\n\t\t\t\t\t\t\t\t\t\n\t\t\t\t\t\t\t\t\t\tPDF\n\t\t\t\t\t\t\t\t\t\n\t\t\t\t\t\t\t\t\t\tTIFF file\n\t\t\t\t\t\t\t\t\t\n\t\t\t\t\t\t\t\t\t\tMHTML (web archive)\n\t\t\t\t\t\t\t\t\t\n\t\t\t\t\t\t\t\t\t\tCSV (comma delimited)\n\t\t\t\t\t\t\t\t\t\n\t\t\t\t\t\t\t\t\t\tXML file with report data\n\t\t\t\t\t\t\t\t\t\n\t\t\t\t\t\t\t\t\t\tData Feed'], 'rowCount': 1, 'matched': False}, {'headers': [''], 'rowCount': 1, 'matched': False}, {'headers': [''], 'rowCount': 1, 'matched': False}, {'headers': [''], 'rowCount': 1, 'matched': False}, {'headers': [''], 'rowCount': 1, 'matched': False}, {'headers': ['', '', 'Find', '', '', '', '|', '', 'Next', '', ''], 'rowCount': 1, 'matched': False}, {'headers': ['Active Directory Search (MS domain)\n\xa0\n(data is refreshed once every 24 hours) - data current as of: 9/23/2026 2:01:02 AM Central Time\n\t\n\t\n\t\nBookmark this URL (not the site it takes you to): https://goto.optum.com/ActiveDirectoryInfo\nFor additional options, bookmark this url (not the site it takes you to): https://goto.optum.com/ActiveDirectoryInfo2\n\t\n\t\n\t\t\n\t\t\t\t\t\t\t\t\t\t\t\t\t\t\t\t\t\t\n\nEnabled\n\t\nEmployeeID\n\t\nMSID\n\t\nEmployee Name\n\t\nCorporate Email Box\n\t\nuht-IdentityManagment-Mail\n\t\nUserPrincipalName\n\t\nEmployee Type\n\t\nAccountType\n\t\nPostal Code\n\t\nDepartment\n\t\nManager EmployeeID\n\t\nManager MSID\n\t\nManager Name\n\t\nManager Email\n\t\nBusiness Unit\n\t\nOperating Unit\n\t\nLocation\n\t\nDepartment\n\n\nFALSE\n\t\n900311850\n\t\nlmanokar\n\t\nManokaran, Loganathan\n\t\nloganathan_manokaran@optum.com\n\t\nloganathan_manokaran@optum.com\n\t\nloganathan_manokaran@optum.com\n\t\nE\n\t\nP\n\t\nII033\n\t\nOG Adv APAC-1\n\t\n001928619\n\t\nasing884\n\t\nSingh, Alka\n\t\nalka.singh7@optum.com\n\t\n10368\n\t\n06870\n\t\nINDIN033\n\t\n846604'], 'rowCount': 1, 'matched': False}, {'headers': ['Active Directory Search (MS domain)\n\xa0\n(data is refreshed once every 24 hours) - data current as of: 9/23/2026 2:01:02 AM Central Time\n\t\n\t\n\t\nBookmark this URL (not the site it takes you to): https://goto.optum.com/ActiveDirectoryInfo\nFor additional options, bookmark this url (not the site it takes you to): https://goto.optum.com/ActiveDirectoryInfo2\n\t\n\t\n\t\t\n\t\t\t\t\t\t\t\t\t\t\t\t\t\t\t\t\t\t\n\nEnabled\n\t\nEmployeeID\n\t\nMSID\n\t\nEmployee Name\n\t\nCorporate Email Box\n\t\nuht-IdentityManagment-Mail\n\t\nUserPrincipalName\n\t\nEmployee Type\n\t\nAccountType\n\t\nPostal Code\n\t\nDepartment\n\t\nManager EmployeeID\n\t\nManager MSID\n\t\nManager Name\n\t\nManager Email\n\t\nBusiness Unit\n\t\nOperating Unit\n\t\nLocation\n\t\nDepartment\n\n\nFALSE\n\t\n900311850\n\t\nlmanokar\n\t\nManokaran, Loganathan\n\t\nloganathan_manokaran@optum.com\n\t\nloganathan_manokaran@optum.com\n\t\nloganathan_manokaran@optum.com\n\t\nE\n\t\nP\n\t\nII033\n\t\nOG Adv APAC-1\n\t\n001928619\n\t\nasing884\n\t\nSingh, Alka\n\t\nalka.singh7@optum.com\n\t\n10368\n\t\n06870\n\t\nINDIN033\n\t\n846604'], 'rowCount': 2, 'matched': False}, {'headers': ['Active Directory Search (MS domain)\n\xa0\n(data is refreshed once every 24 hours) - data current as of: 9/23/2026 2:01:02 AM Central Time\n\t\n\t\n\t\nBookmark this URL (not the site it takes you to): https://goto.optum.com/ActiveDirectoryInfo\nFor additional options, bookmark this url (not the site it takes you to): https://goto.optum.com/ActiveDirectoryInfo2\n\t\n\t\n\t\t\n\t\t\t\t\t\t\t\t\t\t\t\t\t\t\t\t\t\t\n\nEnabled\n\t\nEmployeeID\n\t\nMSID\n\t\nEmployee Name\n\t\nCorporate Email Box\n\t\nuht-IdentityManagment-Mail\n\t\nUserPrincipalName\n\t\nEmployee Type\n\t\nAccountType\n\t\nPostal Code\n\t\nDepartment\n\t\nManager EmployeeID\n\t\nManager MSID\n\t\nManager Name\n\t\nManager Email\n\t\nBusiness Unit\n\t\nOperating Unit\n\t\nLocation\n\t\nDepartment\n\n\nFALSE\n\t\n900311850\n\t\nlmanokar\n\t\nManokaran, Loganathan\n\t\nloganathan_manokaran@optum.com\n\t\nloganathan_manokaran@optum.com\n\t\nloganathan_manokaran@optum.com\n\t\nE\n\t\nP\n\t\nII033\n\t\nOG Adv APAC-1\n\t\n001928619\n\t\nasing884\n\t\nSingh, Alka\n\t\nalka.singh7@optum.com\n\t\n10368\n\t\n06870\n\t\nINDIN033\n\t\n846604'], 'rowCount': 1, 'matched': False}, {'headers': ['', '', '', '', '', '', '', ''], 'rowCount': 7, 'matched': False}, {'headers': ['Enabled', 'EmployeeID', 'MSID', 'Employee Name', 'Corporate Email Box', 'uht-IdentityManagment-Mail', 'UserPrincipalName', 'Employee Type', 'AccountType', 'Postal Code', 'Department', 'Manager EmployeeID', 'Manager MSID', 'Manager Name', 'Manager Email', 'Business Unit', 'Operating Unit', 'Location', 'Department'], 'rowCount': 1, 'matched': True}]
2026-09-23 16:37:27 DEBUG   [Thread-1 (stdin_reader)] it_asset_app: AD lookup: raw extracted rows: [{'Enabled': 'FALSE', 'EmployeeID': '900311850', 'MSID': 'lmanokar', 'Employee Name': 'Manokaran, Loganathan', 'Corporate Email Box': 'loganathan_manokaran@optum.com', 'uht-IdentityManagment-Mail': 'loganathan_manokaran@optum.com', 'UserPrincipalName': 'loganathan_manokaran@optum.com', 'Employee Type': 'E', 'AccountType': 'P', 'Postal Code': 'II033', 'Department': 'OG Adv APAC-1', 'Manager EmployeeID': '001928619', 'Manager MSID': 'asing884', 'Manager Name': 'Singh, Alka', 'Manager Email': 'alka.singh7@optum.com', 'Business Unit': '10368', 'Operating Unit': '06870', 'Location': 'INDIN033'}]
2026-09-23 16:37:27 DEBUG   [Thread-1 (stdin_reader)] it_asset_app: AD lookup: mapped fields from row: {'emp_name': 'Manokaran, Loganathan', 'manager_name': 'Singh, Alka', 'contact_number': '', 'department': 'OG Adv APAC-1', 'email': 'loganathan_manokaran@optum.com', 'designation': 'E', 'msid': 'lmanokar', 'employee_id_confirmed': '900311850', 'manager_email': 'alka.singh7@optum.com', 'manager_msid': 'asing884', 'manager_employee_id': '001928619', 'account_enabled': 'FALSE'}
2026-09-23 16:37:27 INFO    [Thread-1 (stdin_reader)] it_asset_app: AD lookup: SUCCESS for emp_id='900311850' - 1 candidate(s), emp_name='Manokaran, Loganathan' manager_name='Singh, Alka'
2026-09-23 16:37:27 INFO    [Thread-1 (stdin_reader)] it_asset_app: AD helper: sending 1 candidate(s) back for request_id='7028f28fc2cd4889b8aae6df0c8af757'
2026-09-23 16:37:27 INFO    [Thread-1 (stdin_reader)] it_asset_app: AD helper: auto-hid lookup window after successful result (request_id='7028f28fc2cd4889b8aae6df0c8af757')
2026-09-23 16:37:27 INFO    [Thread-1 (stdin_reader)] it_asset_app: AD helper: received lookup request_id='931300090d74427c84f03aabe2fab668' emp_id='900311850'
2026-09-23 16:37:27 INFO    [Thread-1 (stdin_reader)] it_asset_app: AD lookup: starting search for emp_id='900311850' (header_keyword='EmployeeID', name_column='Employee Name')
2026-09-23 16:37:27 DEBUG   [Thread-1 (stdin_reader)] it_asset_app: AD lookup: filled search textbox OK
2026-09-23 16:37:28 DEBUG   [Thread-1 (stdin_reader)] it_asset_app: AD lookup: clicked 'View Report' button OK
2026-09-23 16:37:28 DEBUG   [Thread-1 (stdin_reader)] it_asset_app: AD lookup: results table ready after 0.0s
2026-09-23 16:37:28 DEBUG   [Thread-1 (stdin_reader)] it_asset_app: AD lookup: extracted 1 row(s) via strategy='single-table'; tables seen on page: [{'headers': ['Search AD for MSID, EmployeeID, or Email Address (one entry per line)\t\n\t\n\t\n\t\t\n\n\n\n\n\t\t\n\t\t\t\tof\t\t1\t\t\n\t\t\n\t\n\t\nPage Width\nWhole Page\n500%\n200%\n150%\n100%\n75%\n50%\n25%\n10%\n\t\n\t\n\t\n\t\tFind\t\t\n\t\t|\t\tNext\t\t\n\n\n\t\t\t\t\t\t\t\n\t\t\n\t\n\t\t\t\nActive Directory Search (MS domain)\n\xa0\n(data is refreshed once every 24 hours) - data current as of: 9/23/2026 2:01:02 AM Central Time\n\t\n\t\n\t\nBookmark this URL (not the site it takes you to): https://goto.optum.com/ActiveDirectoryInfo\nFor additional options, bookmark this url (not the site it takes you to): https://goto.optum.com/ActiveDirectoryInfo2\n\t\n\t\n\t\t\n\t\t\t\t\t\t\t\t\t\t\t\t\t\t\t\t\t\t\n\nEnabled\n\t\nEmployeeID\n\t\nMSID\n\t\nEmployee Name\n\t\nCorporate Email Box\n\t\nuht-IdentityManagment-Mail\n\t\nUserPrincipalName\n\t\nEmployee Type\n\t\nAccountType\n\t\nPostal Code\n\t\nDepartment\n\t\nManager EmployeeID\n\t\nManager MSID\n\t\nManager Name\n\t\nManager Email\n\t\nBusiness Unit\n\t\nOperating Unit\n\t\nLocation\n\t\nDepartment\n\n\nFALSE\n\t\n900311850\n\t\nlmanokar\n\t\nManokaran, Loganathan\n\t\nloganathan_manokaran@optum.com\n\t\nloganathan_manokaran@optum.com\n\t\nloganathan_manokaran@optum.com\n\t\nE\n\t\nP\n\t\nII033\n\t\nOG Adv APAC-1\n\t\n001928619\n\t\nasing884\n\t\nSingh, Alka\n\t\nalka.singh7@optum.com\n\t\n10368\n\t\n06870\n\t\nINDIN033\n\t\n846604'], 'rowCount': 1, 'matched': False}, {'headers': ['', 'Loading...\n\t\t\t\t\tCancel'], 'rowCount': 1, 'matched': False}, {'headers': ['', '', ''], 'rowCount': 5, 'matched': False}, {'headers': ['Search AD for MSID, EmployeeID, or Email Address (one entry per line)', '', ''], 'rowCount': 1, 'matched': False}, {'headers': ['', '', '', '', '', '', '', '', ''], 'rowCount': 2, 'matched': False}, {'headers': ['', ''], 'rowCount': 1, 'matched': False}, {'headers': ['', '', '', '', '', '', 'of', '', '1', '', '', '', ''], 'rowCount': 1, 'matched': False}, {'headers': [''], 'rowCount': 1, 'matched': False}, {'headers': [''], 'rowCount': 1, 'matched': False}, {'headers': [''], 'rowCount': 1, 'matched': False}, {'headers': [''], 'rowCount': 1, 'matched': False}, {'headers': [''], 'rowCount': 1, 'matched': False}, {'headers': [''], 'rowCount': 1, 'matched': False}, {'headers': [''], 'rowCount': 1, 'matched': False}, {'headers': [''], 'rowCount': 1, 'matched': False}, {'headers': [''], 'rowCount': 1, 'matched': False}, {'headers': [''], 'rowCount': 1, 'matched': False}, {'headers': [''], 'rowCount': 1, 'matched': False}, {'headers': ['Page Width\nWhole Page\n500%\n200%\n150%\n100%\n75%\n50%\n25%\n10%'], 'rowCount': 1, 'matched': False}, {'headers': ['Word\n\t\t\t\t\t\t\t\t\t\n\t\t\t\t\t\t\t\t\t\tExcel\n\t\t\t\t\t\t\t\t\t\n\t\t\t\t\t\t\t\t\t\tPowerPoint\n\t\t\t\t\t\t\t\t\t\n\t\t\t\t\t\t\t\t\t\tPDF\n\t\t\t\t\t\t\t\t\t\n\t\t\t\t\t\t\t\t\t\tTIFF file\n\t\t\t\t\t\t\t\t\t\n\t\t\t\t\t\t\t\t\t\tMHTML (web archive)\n\t\t\t\t\t\t\t\t\t\n\t\t\t\t\t\t\t\t\t\tCSV (comma delimited)\n\t\t\t\t\t\t\t\t\t\n\t\t\t\t\t\t\t\t\t\tXML file with report data\n\t\t\t\t\t\t\t\t\t\n\t\t\t\t\t\t\t\t\t\tData Feed'], 'rowCount': 1, 'matched': False}, {'headers': [''], 'rowCount': 1, 'matched': False}, {'headers': [''], 'rowCount': 1, 'matched': False}, {'headers': [''], 'rowCount': 1, 'matched': False}, {'headers': [''], 'rowCount': 1, 'matched': False}, {'headers': ['', '', 'Find', '', '', '', '|', '', 'Next', '', ''], 'rowCount': 1, 'matched': False}, {'headers': ['Active Directory Search (MS domain)\n\xa0\n(data is refreshed once every 24 hours) - data current as of: 9/23/2026 2:01:02 AM Central Time\n\t\n\t\n\t\nBookmark this URL (not the site it takes you to): https://goto.optum.com/ActiveDirectoryInfo\nFor additional options, bookmark this url (not the site it takes you to): https://goto.optum.com/ActiveDirectoryInfo2\n\t\n\t\n\t\t\n\t\t\t\t\t\t\t\t\t\t\t\t\t\t\t\t\t\t\n\nEnabled\n\t\nEmployeeID\n\t\nMSID\n\t\nEmployee Name\n\t\nCorporate Email Box\n\t\nuht-IdentityManagment-Mail\n\t\nUserPrincipalName\n\t\nEmployee Type\n\t\nAccountType\n\t\nPostal Code\n\t\nDepartment\n\t\nManager EmployeeID\n\t\nManager MSID\n\t\nManager Name\n\t\nManager Email\n\t\nBusiness Unit\n\t\nOperating Unit\n\t\nLocation\n\t\nDepartment\n\n\nFALSE\n\t\n900311850\n\t\nlmanokar\n\t\nManokaran, Loganathan\n\t\nloganathan_manokaran@optum.com\n\t\nloganathan_manokaran@optum.com\n\t\nloganathan_manokaran@optum.com\n\t\nE\n\t\nP\n\t\nII033\n\t\nOG Adv APAC-1\n\t\n001928619\n\t\nasing884\n\t\nSingh, Alka\n\t\nalka.singh7@optum.com\n\t\n10368\n\t\n06870\n\t\nINDIN033\n\t\n846604'], 'rowCount': 1, 'matched': False}, {'headers': ['Active Directory Search (MS domain)\n\xa0\n(data is refreshed once every 24 hours) - data current as of: 9/23/2026 2:01:02 AM Central Time\n\t\n\t\n\t\nBookmark this URL (not the site it takes you to): https://goto.optum.com/ActiveDirectoryInfo\nFor additional options, bookmark this url (not the site it takes you to): https://goto.optum.com/ActiveDirectoryInfo2\n\t\n\t\n\t\t\n\t\t\t\t\t\t\t\t\t\t\t\t\t\t\t\t\t\t\n\nEnabled\n\t\nEmployeeID\n\t\nMSID\n\t\nEmployee Name\n\t\nCorporate Email Box\n\t\nuht-IdentityManagment-Mail\n\t\nUserPrincipalName\n\t\nEmployee Type\n\t\nAccountType\n\t\nPostal Code\n\t\nDepartment\n\t\nManager EmployeeID\n\t\nManager MSID\n\t\nManager Name\n\t\nManager Email\n\t\nBusiness Unit\n\t\nOperating Unit\n\t\nLocation\n\t\nDepartment\n\n\nFALSE\n\t\n900311850\n\t\nlmanokar\n\t\nManokaran, Loganathan\n\t\nloganathan_manokaran@optum.com\n\t\nloganathan_manokaran@optum.com\n\t\nloganathan_manokaran@optum.com\n\t\nE\n\t\nP\n\t\nII033\n\t\nOG Adv APAC-1\n\t\n001928619\n\t\nasing884\n\t\nSingh, Alka\n\t\nalka.singh7@optum.com\n\t\n10368\n\t\n06870\n\t\nINDIN033\n\t\n846604'], 'rowCount': 2, 'matched': False}, {'headers': ['Active Directory Search (MS domain)\n\xa0\n(data is refreshed once every 24 hours) - data current as of: 9/23/2026 2:01:02 AM Central Time\n\t\n\t\n\t\nBookmark this URL (not the site it takes you to): https://goto.optum.com/ActiveDirectoryInfo\nFor additional options, bookmark this url (not the site it takes you to): https://goto.optum.com/ActiveDirectoryInfo2\n\t\n\t\n\t\t\n\t\t\t\t\t\t\t\t\t\t\t\t\t\t\t\t\t\t\n\nEnabled\n\t\nEmployeeID\n\t\nMSID\n\t\nEmployee Name\n\t\nCorporate Email Box\n\t\nuht-IdentityManagment-Mail\n\t\nUserPrincipalName\n\t\nEmployee Type\n\t\nAccountType\n\t\nPostal Code\n\t\nDepartment\n\t\nManager EmployeeID\n\t\nManager MSID\n\t\nManager Name\n\t\nManager Email\n\t\nBusiness Unit\n\t\nOperating Unit\n\t\nLocation\n\t\nDepartment\n\n\nFALSE\n\t\n900311850\n\t\nlmanokar\n\t\nManokaran, Loganathan\n\t\nloganathan_manokaran@optum.com\n\t\nloganathan_manokaran@optum.com\n\t\nloganathan_manokaran@optum.com\n\t\nE\n\t\nP\n\t\nII033\n\t\nOG Adv APAC-1\n\t\n001928619\n\t\nasing884\n\t\nSingh, Alka\n\t\nalka.singh7@optum.com\n\t\n10368\n\t\n06870\n\t\nINDIN033\n\t\n846604'], 'rowCount': 1, 'matched': False}, {'headers': ['', '', '', '', '', '', '', ''], 'rowCount': 7, 'matched': False}, {'headers': ['Enabled', 'EmployeeID', 'MSID', 'Employee Name', 'Corporate Email Box', 'uht-IdentityManagment-Mail', 'UserPrincipalName', 'Employee Type', 'AccountType', 'Postal Code', 'Department', 'Manager EmployeeID', 'Manager MSID', 'Manager Name', 'Manager Email', 'Business Unit', 'Operating Unit', 'Location', 'Department'], 'rowCount': 1, 'matched': True}]
2026-09-23 16:37:28 DEBUG   [Thread-1 (stdin_reader)] it_asset_app: AD lookup: raw extracted rows: [{'Enabled': 'FALSE', 'EmployeeID': '900311850', 'MSID': 'lmanokar', 'Employee Name': 'Manokaran, Loganathan', 'Corporate Email Box': 'loganathan_manokaran@optum.com', 'uht-IdentityManagment-Mail': 'loganathan_manokaran@optum.com', 'UserPrincipalName': 'loganathan_manokaran@optum.com', 'Employee Type': 'E', 'AccountType': 'P', 'Postal Code': 'II033', 'Department': 'OG Adv APAC-1', 'Manager EmployeeID': '001928619', 'Manager MSID': 'asing884', 'Manager Name': 'Singh, Alka', 'Manager Email': 'alka.singh7@optum.com', 'Business Unit': '10368', 'Operating Unit': '06870', 'Location': 'INDIN033'}]
2026-09-23 16:37:28 DEBUG   [Thread-1 (stdin_reader)] it_asset_app: AD lookup: mapped fields from row: {'emp_name': 'Manokaran, Loganathan', 'manager_name': 'Singh, Alka', 'contact_number': '', 'department': 'OG Adv APAC-1', 'email': 'loganathan_manokaran@optum.com', 'designation': 'E', 'msid': 'lmanokar', 'employee_id_confirmed': '900311850', 'manager_email': 'alka.singh7@optum.com', 'manager_msid': 'asing884', 'manager_employee_id': '001928619', 'account_enabled': 'FALSE'}
2026-09-23 16:37:28 INFO    [Thread-1 (stdin_reader)] it_asset_app: AD lookup: SUCCESS for emp_id='900311850' - 1 candidate(s), emp_name='Manokaran, Loganathan' manager_name='Singh, Alka'
2026-09-23 16:37:28 INFO    [Thread-1 (stdin_reader)] it_asset_app: AD helper: sending 1 candidate(s) back for request_id='931300090d74427c84f03aabe2fab668'
2026-09-23 16:37:28 INFO    [Thread-1 (stdin_reader)] it_asset_app: AD helper: auto-hid lookup window after successful result (request_id='931300090d74427c84f03aabe2fab668')
2026-09-23 16:37:36 INFO    [MainThread] it_asset_app: SignatureService.capture: use_topaz_pad=True, title='Employee: sign here'
2026-09-23 16:37:36 INFO    [MainThread] it_asset_app: Topaz: capture() starting
2026-09-23 16:37:36 DEBUG   [Thread-7 (worker)] it_asset_app: Topaz: ProgID 'TOPAZSIGPLUS.SigPlusCtrl.1' failed: (-2147221005, 'Invalid class string', None, None)
2026-09-23 16:37:36 INFO    [Thread-7 (worker)] it_asset_app: Topaz: connected via ProgID 'SigPlus.SigPlusCtrl.1'
2026-09-23 16:37:36 DEBUG   [Thread-7 (worker)] it_asset_app: Topaz: control exposes: ['AboutBox', 'AddSerialByte', 'Annotate', 'AsciiDataMode', 'AutoKeyAddData', 'AutoKeyData', 'AutoKeyFinish', 'AutoKeyStart', 'AutoTimeStamp', 'BackColor', 'BackgroundHandle', 'BitMapBufferByte', 'BitMapBufferClose', 'BitMapBufferSize', 'BitMapBufferWrite', 'BitmapHandle', 'Buffer', 'ByteIndex', 'ClearSigWindow', 'ClearTablet', 'CmdCount', 'CmdData', 'CmdString', 'CoordToUse', 'Coords', 'Data', 'Dest', 'DisableMessageBoxes', 'DisableTabletCapture', 'DisplayAnnotate', 'DisplayAnnotatePosX', 'DisplayAnnotatePosY', 'DisplayAnnotateSize', 'DisplayMode', 'DisplayPenWidth', 'DisplayRotate', 'DisplayRotateSave', 'DisplayTimeStamp', 'DisplayTimeStampPosX', 'DisplayTimeStampPosY', 'DisplayTimeStampSize', 'DisplayWindowRes', 'Enable', 'EnableTabletCapture', 'EnableTabletEncryption', 'EncryptionMode', 'EventMask', 'ExportSigFile', 'FaceName', 'Factor', 'FileName', 'FinalFactor', 'FitToWindow', 'ForeColor', 'Format', 'GetBadPointCounter', 'GetBitmapBufferBytes', 'GetEventEnableMask', 'GetImageScreenResolution', 'GetKey', 'GetKeyReceipt', 'GetKeyReceiptAscii', 'GetLCDSize', 'GetLCDStringSize', 'GetNumPointsForStroke', 'GetNumberOfAttachedTablets', 'GetNumberOfHotSpotPoints', 'GetNumberOfStrokes', 'GetOposPointArray', 'GetOposTotalPoints', 'GetPointPValue', 'GetPointTValue', 'GetPointXValue', 'GetPointYValue', 'GetSavePressureData', 'GetSaveTimeData', 'GetSerialNumberToUse', 'GetSigData', 'GetSigPlusVersionString', 'GetSigReceipt', 'GetSigReceiptAscii', 'GetTabletModelNumber', 'GetTabletPortPath', 'GetTabletSerialNumber', 'GetTrackGemField', 'GreyGain', 'GreyOffset', 'Height', 'HexString', 'HighlightPoint', 'HighlightStroke', 'HostMode', 'IPAddress', 'ImageAnnotate', 'ImageAnnotatePosX', 'ImageAnnotatePosY', 'ImageAnnotateSize', 'ImageFileFormat', 'ImageFileName', 'ImagePenWidth', 'ImageTimeStamp', 'ImageTimeStampPosX', 'ImageTimeStampPosY', 'ImageTimeStampSize', 'ImageXSize', 'ImageYSize', 'ImportSigFile', 'Index', 'InitSigPlus', 'Inside', 'Italic', 'JustifyMode', 'JustifyX', 'JustifyY', 'KeyCode', 'KeyData', 'KeyPadAddHotSpot', 'KeyPadClearHotSpotList', 'KeyPadEnableTapOnly', 'KeyPadQueryHotSpot', 'KeyString', 'LCDCaptureMode', 'LCDCompEnable', 'LCDCompFast', 'LCDCompMode', 'LCDCompSlow', 'LCDCreateImage', 'LCDPlayVideo', 'LCDRefresh', 'LCDSendCmdString', 'LCDSendCommandData', 'LCDSendImage', 'LCDSetFont', 'LCDSetTabletMap', 'LCDSetWindow', 'LCDStopVideo', 'LCDTiffAdd', 'LCDTiffStart', 'LCDTiffWrite', 'LCDType', 'LCDWriteBitmap', 'LCDWriteFile', 'LCDWriteString', 'LCDWriteStringToImage', 'LCDWriteWindowedBitmap', 'LCDXSize', 'LCDXStart', 'LCDXStop', 'LCDYSize', 'LCDYStart', 'LCDYStop', 'LCDZCompMode', 'LineScale', 'LoadTrackGemSig', 'LogEnable', 'LogFilePath', 'MapPoints', 'Message', 'Mode', 'NewPath', 'NewPixelDepth', 'NewPortPath', 'NewValue', 'NumberOfTabletPoints', 'Offset', 'OpaqueMode', 'Param', 'PitchAndFamily', 'PointArray', 'PointIdx', 'PointNumber', 'PortNumber', 'ReplayMode', 'RetryCount', 'ReturnCount', 'SaveSigInfo', 'SerialByte', 'SetAntiAliasEnable', 'SetAntiAliasParameters', 'SetBackground', 'SetBackgroundHandle', 'SetDisplayAnnotateData', 'SetDisplayTimeStampData', 'SetDynamicPressure', 'SetEnableColor', 'SetEventEnableMask', 'SetGreyScaleParams', 'SetIPAddress', 'SetImageAnnotateData', 'SetImageScreenResolution', 'SetImageTimeStampData', 'SetKey', 'SetLCDCompression', 'SetLCDCompressionParameters', 'SetLCDPixelDepth', 'SetLCDRetryCount', 'SetLCDTransferDelay', 'SetLCDTransferSize', 'SetLCDType', 'SetLocalIniFilePath', 'SetLogEnable', 'SetLogFilePath', 'SetMultiUsbEnable', 'SetPressureMap', 'SetPressureMapPoints', 'SetSavePressureData', 'SetSaveTimeData', 'SetSerialNumberToUse', 'SetSigData', 'SetSigSocketPort', 'SetSigWindow', 'SetSpecialCloseDelay', 'SetTabletEncryptionModes', 'SetTabletPortPath', 'SetTranslateBitmapEnable', 'SetUseSHA2Hash', 'SetWMFTempPath', 'SigCompressionMode', 'SigData', 'SigMessage', 'SigSetFont', 'SigString', 'Size', 'SpotSize', 'State', 'Str', 'StrokeIdx', 'StrokeNumber', 'TabletBaudRate', 'TabletClippingMode', 'TabletComPort', 'TabletComTest', 'TabletConnectQuery', 'TabletFilterPoints', 'TabletGraphic', 'TabletGraphicFile', 'TabletIndex', 'TabletInvisible', 'TabletLCDMode', 'TabletLogicalXSize', 'TabletLogicalYSize', 'TabletMode', 'TabletModelNumber', 'TabletResolution', 'TabletRotation', 'TabletSerialNumber', 'TabletState', 'TabletText', 'TabletTextFile', 'TabletTimer', 'TabletTimingAdvance', 'TabletType', 'TabletXStart', 'TabletXStop', 'TabletYStart', 'TabletYStop', 'TestFunction', 'TimeOut', 'TimeStamp', 'TransferDelay', 'TransferSize', 'Underline', 'Value', 'Velocity0', 'VelocityRange', 'VideoNumber', 'Weight', 'Width', 'WriteImageFile', 'X', 'XPos', 'XSize', 'Y', 'YPos', 'YSize', 'ZoomPower', 'ZoomX', 'ZoomY']
2026-09-23 16:37:36 DEBUG   [Thread-7 (worker)] it_asset_app: Topaz: arming the pad (hwnd=7671038)
2026-09-23 16:37:36 DEBUG   [Thread-7 (worker)] it_asset_app: Topaz: tablet state set to 1 via TabletState property
2026-09-23 16:37:36 INFO    [Thread-7 (worker)] it_asset_app: Topaz: pad armed OK
2026-09-23 16:37:43 INFO    [Thread-7 (worker)] it_asset_app: Topaz: NumberOfTabletPoints=213 after Accept
2026-09-23 16:37:43 DEBUG   [Thread-7 (worker)] it_asset_app: Topaz: SigImageB64 not available (SigPlus.SigPlusCtrl.1.SigImageB64)
2026-09-23 16:37:43 DEBUG   [Thread-7 (worker)] it_asset_app: Topaz: image property ImageFileName not settable (Property 'SigPlus.SigPlusCtrl.1.ImageFileName' can not be set.)
2026-09-23 16:37:43 INFO    [Thread-7 (worker)] it_asset_app: Topaz: WriteImageFile(path, fmt, x, y, pen) failed (WriteImageFile() takes from 1 to 2 positional arguments but 6 were given)
2026-09-23 16:37:43 INFO    [Thread-7 (worker)] it_asset_app: Topaz: WriteImageFile(path, fmt) failed (WriteImageFile() takes from 1 to 2 positional arguments but 3 were given)
2026-09-23 16:37:43 INFO    [Thread-7 (worker)] it_asset_app: Topaz: wrote signature bitmap via WriteImageFile(path)
2026-09-23 16:37:43 DEBUG   [Thread-7 (worker)] it_asset_app: Topaz: tablet state set to 0 via TabletState property
2026-09-23 16:37:43 DEBUG   [Thread-7 (worker)] it_asset_app: Topaz: pad disarmed OK
2026-09-23 16:37:43 INFO    [MainThread] it_asset_app: Topaz: capture SUCCESS, saved to C:\Users\srajaamu\AppData\Local\Temp\sig_topaz_ef47c95f8e3d4288935331e3d06d6cae.png
2026-09-23 16:37:43 INFO    [MainThread] it_asset_app: SignatureService.capture: Topaz path returned 'C:\\Users\\srajaamu\\AppData\\Local\\Temp\\sig_topaz_ef47c95f8e3d4288935331e3d06d6cae.png'
2026-09-23 16:37:45 INFO    [MainThread] it_asset_app: SignatureService.capture: use_topaz_pad=True, title='Asset Receiver: sign here'
2026-09-23 16:37:45 INFO    [MainThread] it_asset_app: Topaz: capture() starting
2026-09-23 16:37:45 DEBUG   [Thread-8 (worker)] it_asset_app: Topaz: ProgID 'TOPAZSIGPLUS.SigPlusCtrl.1' failed: (-2147221005, 'Invalid class string', None, None)
2026-09-23 16:37:45 INFO    [Thread-8 (worker)] it_asset_app: Topaz: connected via ProgID 'SigPlus.SigPlusCtrl.1'
2026-09-23 16:37:45 DEBUG   [Thread-8 (worker)] it_asset_app: Topaz: control exposes: ['AboutBox', 'AddSerialByte', 'Annotate', 'AsciiDataMode', 'AutoKeyAddData', 'AutoKeyData', 'AutoKeyFinish', 'AutoKeyStart', 'AutoTimeStamp', 'BackColor', 'BackgroundHandle', 'BitMapBufferByte', 'BitMapBufferClose', 'BitMapBufferSize', 'BitMapBufferWrite', 'BitmapHandle', 'Buffer', 'ByteIndex', 'ClearSigWindow', 'ClearTablet', 'CmdCount', 'CmdData', 'CmdString', 'CoordToUse', 'Coords', 'Data', 'Dest', 'DisableMessageBoxes', 'DisableTabletCapture', 'DisplayAnnotate', 'DisplayAnnotatePosX', 'DisplayAnnotatePosY', 'DisplayAnnotateSize', 'DisplayMode', 'DisplayPenWidth', 'DisplayRotate', 'DisplayRotateSave', 'DisplayTimeStamp', 'DisplayTimeStampPosX', 'DisplayTimeStampPosY', 'DisplayTimeStampSize', 'DisplayWindowRes', 'Enable', 'EnableTabletCapture', 'EnableTabletEncryption', 'EncryptionMode', 'EventMask', 'ExportSigFile', 'FaceName', 'Factor', 'FileName', 'FinalFactor', 'FitToWindow', 'ForeColor', 'Format', 'GetBadPointCounter', 'GetBitmapBufferBytes', 'GetEventEnableMask', 'GetImageScreenResolution', 'GetKey', 'GetKeyReceipt', 'GetKeyReceiptAscii', 'GetLCDSize', 'GetLCDStringSize', 'GetNumPointsForStroke', 'GetNumberOfAttachedTablets', 'GetNumberOfHotSpotPoints', 'GetNumberOfStrokes', 'GetOposPointArray', 'GetOposTotalPoints', 'GetPointPValue', 'GetPointTValue', 'GetPointXValue', 'GetPointYValue', 'GetSavePressureData', 'GetSaveTimeData', 'GetSerialNumberToUse', 'GetSigData', 'GetSigPlusVersionString', 'GetSigReceipt', 'GetSigReceiptAscii', 'GetTabletModelNumber', 'GetTabletPortPath', 'GetTabletSerialNumber', 'GetTrackGemField', 'GreyGain', 'GreyOffset', 'Height', 'HexString', 'HighlightPoint', 'HighlightStroke', 'HostMode', 'IPAddress', 'ImageAnnotate', 'ImageAnnotatePosX', 'ImageAnnotatePosY', 'ImageAnnotateSize', 'ImageFileFormat', 'ImageFileName', 'ImagePenWidth', 'ImageTimeStamp', 'ImageTimeStampPosX', 'ImageTimeStampPosY', 'ImageTimeStampSize', 'ImageXSize', 'ImageYSize', 'ImportSigFile', 'Index', 'InitSigPlus', 'Inside', 'Italic', 'JustifyMode', 'JustifyX', 'JustifyY', 'KeyCode', 'KeyData', 'KeyPadAddHotSpot', 'KeyPadClearHotSpotList', 'KeyPadEnableTapOnly', 'KeyPadQueryHotSpot', 'KeyString', 'LCDCaptureMode', 'LCDCompEnable', 'LCDCompFast', 'LCDCompMode', 'LCDCompSlow', 'LCDCreateImage', 'LCDPlayVideo', 'LCDRefresh', 'LCDSendCmdString', 'LCDSendCommandData', 'LCDSendImage', 'LCDSetFont', 'LCDSetTabletMap', 'LCDSetWindow', 'LCDStopVideo', 'LCDTiffAdd', 'LCDTiffStart', 'LCDTiffWrite', 'LCDType', 'LCDWriteBitmap', 'LCDWriteFile', 'LCDWriteString', 'LCDWriteStringToImage', 'LCDWriteWindowedBitmap', 'LCDXSize', 'LCDXStart', 'LCDXStop', 'LCDYSize', 'LCDYStart', 'LCDYStop', 'LCDZCompMode', 'LineScale', 'LoadTrackGemSig', 'LogEnable', 'LogFilePath', 'MapPoints', 'Message', 'Mode', 'NewPath', 'NewPixelDepth', 'NewPortPath', 'NewValue', 'NumberOfTabletPoints', 'Offset', 'OpaqueMode', 'Param', 'PitchAndFamily', 'PointArray', 'PointIdx', 'PointNumber', 'PortNumber', 'ReplayMode', 'RetryCount', 'ReturnCount', 'SaveSigInfo', 'SerialByte', 'SetAntiAliasEnable', 'SetAntiAliasParameters', 'SetBackground', 'SetBackgroundHandle', 'SetDisplayAnnotateData', 'SetDisplayTimeStampData', 'SetDynamicPressure', 'SetEnableColor', 'SetEventEnableMask', 'SetGreyScaleParams', 'SetIPAddress', 'SetImageAnnotateData', 'SetImageScreenResolution', 'SetImageTimeStampData', 'SetKey', 'SetLCDCompression', 'SetLCDCompressionParameters', 'SetLCDPixelDepth', 'SetLCDRetryCount', 'SetLCDTransferDelay', 'SetLCDTransferSize', 'SetLCDType', 'SetLocalIniFilePath', 'SetLogEnable', 'SetLogFilePath', 'SetMultiUsbEnable', 'SetPressureMap', 'SetPressureMapPoints', 'SetSavePressureData', 'SetSaveTimeData', 'SetSerialNumberToUse', 'SetSigData', 'SetSigSocketPort', 'SetSigWindow', 'SetSpecialCloseDelay', 'SetTabletEncryptionModes', 'SetTabletPortPath', 'SetTranslateBitmapEnable', 'SetUseSHA2Hash', 'SetWMFTempPath', 'SigCompressionMode', 'SigData', 'SigMessage', 'SigSetFont', 'SigString', 'Size', 'SpotSize', 'State', 'Str', 'StrokeIdx', 'StrokeNumber', 'TabletBaudRate', 'TabletClippingMode', 'TabletComPort', 'TabletComTest', 'TabletConnectQuery', 'TabletFilterPoints', 'TabletGraphic', 'TabletGraphicFile', 'TabletIndex', 'TabletInvisible', 'TabletLCDMode', 'TabletLogicalXSize', 'TabletLogicalYSize', 'TabletMode', 'TabletModelNumber', 'TabletResolution', 'TabletRotation', 'TabletSerialNumber', 'TabletState', 'TabletText', 'TabletTextFile', 'TabletTimer', 'TabletTimingAdvance', 'TabletType', 'TabletXStart', 'TabletXStop', 'TabletYStart', 'TabletYStop', 'TestFunction', 'TimeOut', 'TimeStamp', 'TransferDelay', 'TransferSize', 'Underline', 'Value', 'Velocity0', 'VelocityRange', 'VideoNumber', 'Weight', 'Width', 'WriteImageFile', 'X', 'XPos', 'XSize', 'Y', 'YPos', 'YSize', 'ZoomPower', 'ZoomX', 'ZoomY']
2026-09-23 16:37:45 DEBUG   [Thread-8 (worker)] it_asset_app: Topaz: arming the pad (hwnd=7671038)
2026-09-23 16:37:45 DEBUG   [Thread-8 (worker)] it_asset_app: Topaz: tablet state set to 1 via TabletState property
2026-09-23 16:37:45 INFO    [Thread-8 (worker)] it_asset_app: Topaz: pad armed OK
2026-09-23 16:37:49 INFO    [Thread-8 (worker)] it_asset_app: Topaz: NumberOfTabletPoints=159 after Accept
2026-09-23 16:37:49 DEBUG   [Thread-8 (worker)] it_asset_app: Topaz: SigImageB64 not available (SigPlus.SigPlusCtrl.1.SigImageB64)
2026-09-23 16:37:49 DEBUG   [Thread-8 (worker)] it_asset_app: Topaz: image property ImageFileName not settable (Property 'SigPlus.SigPlusCtrl.1.ImageFileName' can not be set.)
2026-09-23 16:37:49 INFO    [Thread-8 (worker)] it_asset_app: Topaz: WriteImageFile(path, fmt, x, y, pen) failed (WriteImageFile() takes from 1 to 2 positional arguments but 6 were given)
2026-09-23 16:37:49 INFO    [Thread-8 (worker)] it_asset_app: Topaz: WriteImageFile(path, fmt) failed (WriteImageFile() takes from 1 to 2 positional arguments but 3 were given)
2026-09-23 16:37:49 INFO    [Thread-8 (worker)] it_asset_app: Topaz: wrote signature bitmap via WriteImageFile(path)
2026-09-23 16:37:50 DEBUG   [Thread-8 (worker)] it_asset_app: Topaz: tablet state set to 0 via TabletState property
2026-09-23 16:37:50 DEBUG   [Thread-8 (worker)] it_asset_app: Topaz: pad disarmed OK
2026-09-23 16:37:50 INFO    [MainThread] it_asset_app: Topaz: capture SUCCESS, saved to C:\Users\srajaamu\AppData\Local\Temp\sig_topaz_af625aedaf624f02b225f3c7a4ffc0ab.png
2026-09-23 16:37:50 INFO    [MainThread] it_asset_app: SignatureService.capture: Topaz path returned 'C:\\Users\\srajaamu\\AppData\\Local\\Temp\\sig_topaz_af625aedaf624f02b225f3c7a4ffc0ab.png'
2026-09-23 16:38:09 INFO    [MainThread] it_asset_app: Generate clicked: emp_id='900311850' bu='Embassy_II032' submission_type='New Hire'
2026-09-23 16:38:09 INFO    [MainThread] it_asset_app: fill_docx: starting for 'C:\\Users\\srajaamu\\OneDrive - UHG\\Topaz_automation\\WorkFlow_Topaz\\bu_templates\\81fdb4d2f1\\fillable.docx' -> 'C:\\Users\\srajaamu\\AppData\\Local\\Temp\\itasset_n0zi897x\\filled.docx' (fields=10, checked_tags=['Charger', 'Mouse', 'Multiport', 'NetworkCable', 'NewHire'], signatures={'EmployeeSignature': True, 'AssetReceiverSignature': True})
2026-09-23 16:38:09 INFO    [MainThread] it_asset_app: fill_docx: SUCCESS -> 'C:\\Users\\srajaamu\\AppData\\Local\\Temp\\itasset_n0zi897x\\filled.docx'
2026-09-23 16:38:09 INFO    [MainThread] it_asset_app: Word export: starting for 'C:\\Users\\srajaamu\\AppData\\Local\\Temp\\itasset_n0zi897x\\filled.docx' -> 'C:\\Users\\srajaamu\\AppData\\Local\\Temp\\itasset_n0zi897x\\unsigned.pdf'
2026-09-23 16:38:09 DEBUG   [MainThread] it_asset_app: Word export: launching Word.Application (DispatchEx)
2026-09-23 16:38:12 DEBUG   [MainThread] it_asset_app: Word export: opening 'C:\\Users\\srajaamu\\AppData\\Local\\Temp\\itasset_n0zi897x\\filled.docx'
2026-09-23 16:38:12 DEBUG   [MainThread] it_asset_app: Word export: saving as PDF -> 'C:\\Users\\srajaamu\\AppData\\Local\\Temp\\itasset_n0zi897x\\unsigned.pdf'
2026-09-23 16:38:13 INFO    [MainThread] it_asset_app: Word export: SUCCESS -> 'C:\\Users\\srajaamu\\AppData\\Local\\Temp\\itasset_n0zi897x\\unsigned.pdf' (4.3s)
2026-09-23 16:38:18 INFO    [MainThread] it_asset_app: Signed-on caption: stamped 2 box(es) on 'C:\\Users\\srajaamu\\AppData\\Local\\Temp\\itasset_n0zi897x\\unsigned.pdf'
2026-09-23 16:38:18 DEBUG   [MainThread] it_asset_app: PDF metadata: wrote 11 field(s) into 'C:\\Users\\srajaamu\\AppData\\Local\\Temp\\itasset_n0zi897x\\unsigned.pdf'
2026-09-23 16:38:18 INFO    [MainThread] it_asset_app: Signing: starting for 'C:\\Users\\srajaamu\\AppData\\Local\\Temp\\itasset_n0zi897x\\unsigned.pdf' -> 'Z:/Topaz_auto\\New_Hire\\23-Sep-2026\\Sriram\\900311850_NewHire_20260923_163809.pdf' (2 signature field(s): ['EmployeeSignature', 'AssetReceiverSignature'])
2026-09-23 16:38:18 DEBUG   [MainThread] it_asset_app: Signing: detected 2 on-page signature box(es)
2026-09-23 16:38:19 DEBUG   [MainThread] it_asset_app: Signing: applied field 'EmployeeSignature' (box=(291.85, 286.58, 433.45000000000005, 333.78)) -> 'Z:/Topaz_auto\\New_Hire\\23-Sep-2026\\Sriram\\900311850_NewHire_20260923_163809.pdf.step0.pdf'
2026-09-23 16:38:19 DEBUG   [MainThread] it_asset_app: Signing: applied field 'AssetReceiverSignature' (box=(291.85, 238.88, 433.45000000000005, 286.08)) -> 'Z:/Topaz_auto\\New_Hire\\23-Sep-2026\\Sriram\\900311850_NewHire_20260923_163809.pdf'
2026-09-23 16:38:19 INFO    [MainThread] it_asset_app: Signing: SUCCESS -> 'Z:/Topaz_auto\\New_Hire\\23-Sep-2026\\Sriram\\900311850_NewHire_20260923_163809.pdf' (1.6s)
2026-09-23 16:38:19 INFO    [MainThread] it_asset_app: Generate SUCCESS for emp_id='900311850' -> Z:/Topaz_auto\New_Hire\23-Sep-2026\Sriram\900311850_NewHire_20260923_163809.pdf
2026-09-23 18:07:40 INFO    [Thread-9 (worker)] it_asset_app: SSRS asset report: downloading (force=True) -> 'C:\\Users\\srajaamu\\OneDrive - UHG\\Topaz_automation\\WorkFlow_Topaz\\cache\\ssrs_asset_report.xlsx'
2026-09-23 18:07:59 INFO    [MainThread] it_asset_app: SSRS asset report: status='Available' records=1830 error=''
2026-09-23 18:10:32 INFO    [MainThread] it_asset_app: WizardApp: closing (user closed the window)
2026-09-23 18:10:33 INFO    [MainThread] it_asset_app: WizardApp: closed
2026-09-23 21:56:52 INFO    [MainThread] it_asset_app: ======================================================================
2026-09-23 21:56:52 INFO    [MainThread] it_asset_app: App starting - log file: C:\Users\srajaamu\OneDrive - UHG\Topaz_automation\WorkFlow_Topaz\logs\application.log
2026-09-23 21:56:52 INFO    [MainThread] it_asset_app: Python: 3.14.7 | frozen: False
2026-09-23 21:56:52 INFO    [MainThread] it_asset_app: WizardApp: starting up. ad_lookup_mode='ssrs_report' use_topaz_pad=True bu_templates_folder='bu_templates' root_save_folder='Z:/Topaz_auto' operator_name='Sriram'
2026-09-23 21:56:52 INFO    [MainThread] it_asset_app: WizardApp: GUI ready
2026-09-23 21:56:52 INFO    [Thread-1 (start)] it_asset_app: AD helper: launched new subprocess (pid=32872): ['C:\\Program Files\\Python314\\python.exe', 'C:\\Users\\srajaamu\\OneDrive - UHG\\Topaz_automation\\WorkFlow_Topaz\\app.py', '--webview-helper']
2026-09-23 21:56:54 INFO    [MainThread] it_asset_app: ======================================================================
2026-09-23 21:56:54 INFO    [MainThread] it_asset_app: App starting - log file: C:\Users\srajaamu\OneDrive - UHG\Topaz_automation\WorkFlow_Topaz\logs\application.log
2026-09-23 21:56:54 INFO    [MainThread] it_asset_app: Python: 3.14.7 | frozen: False
2026-09-23 21:56:54 INFO    [MainThread] it_asset_app: AD helper: subprocess started (pid=32872)
2026-09-23 21:56:55 INFO    [MainThread] it_asset_app: Startup health check: [('Microsoft Word', True, ''), ('Signing Certificate', True, ''), ('SSRS Asset Report', True, 'Available'), ('Save Folder', True, 'Z:/Topaz_auto'), ('BU Templates', True, '5 loaded')]
2026-09-23 21:57:00 INFO    [MainThread] it_asset_app: SSRS asset report: status='Available' records=1830 error=''
2026-09-23 21:58:45 INFO    [MainThread] it_asset_app: User settings: saved to 'C:\\Users\\srajaamu\\AppData\\Roaming\\ITAssetSubmissionForm\\user_settings.json' (root_save_folder='Z:/Topaz_auto', operator_name='Sriram', business_unit='Embassy_ii033')
2026-09-23 21:58:45 INFO    [MainThread] it_asset_app: Admin settings: saved to 'C:\\Users\\srajaamu\\OneDrive - UHG\\Topaz_automation\\WorkFlow_Topaz\\admin_settings.json' (ssrs_cache_max_age_hours)
2026-09-23 21:59:05 INFO    [Thread-4 (worker)] it_asset_app: SSRS asset report: downloading (force=True) -> 'C:\\Users\\srajaamu\\OneDrive - UHG\\Topaz_automation\\WorkFlow_Topaz\\cache\\ssrs_asset_report.xlsx'
2026-09-23 21:59:32 INFO    [MainThread] it_asset_app: SSRS asset report: status='Available' records=1814 error=''
2026-09-24 11:54:45 CRITICAL [MainThread] it_asset_app: UNCAUGHT EXCEPTION
Traceback (most recent call last):
  File "C:\Users\srajaamu\OneDrive - UHG\Topaz_automation\WorkFlow_Topaz\app.py", line 6639, in <module>
    app.mainloop()
    ~~~~~~~~~~~~^^
  File "C:\Program Files\Python314\Lib\tkinter\__init__.py", line 1625, in mainloop
    self.tk.mainloop(n)
    ~~~~~~~~~~~~~~~~^^^
KeyboardInterrupt
2026-09-24 11:55:45 INFO    [MainThread] it_asset_app: ======================================================================
2026-09-24 11:55:45 INFO    [MainThread] it_asset_app: App starting - log file: C:\Users\srajaamu\OneDrive - UHG\Topaz_automation\WorkFlow_Topaz\logs\application.log
2026-09-24 11:55:45 INFO    [MainThread] it_asset_app: Python: 3.14.7 | frozen: False
2026-09-24 11:55:45 INFO    [MainThread] it_asset_app: WizardApp: starting up. ad_lookup_mode='ssrs_report' use_topaz_pad=True bu_templates_folder='bu_templates' root_save_folder='Z:/Topaz_auto' operator_name='Sriram'
2026-09-24 11:55:46 INFO    [MainThread] it_asset_app: WizardApp: GUI ready
2026-09-24 11:55:46 INFO    [Thread-2 (worker)] it_asset_app: SSRS asset report: downloading (force=False) -> 'C:\\Users\\srajaamu\\OneDrive - UHG\\Topaz_automation\\WorkFlow_Topaz\\cache\\ssrs_asset_report.xlsx'
2026-09-24 11:55:46 INFO    [Thread-1 (start)] it_asset_app: AD helper: launched new subprocess (pid=42800): ['C:\\Program Files\\Python314\\python.exe', 'C:\\Users\\srajaamu\\OneDrive - UHG\\Topaz_automation\\WorkFlow_Topaz\\app.py', '--webview-helper']
2026-09-24 11:55:46 INFO    [MainThread] it_asset_app: Startup health check: [('Microsoft Word', True, ''), ('Signing Certificate', True, ''), ('SSRS Asset Report', False, 'Stale'), ('Save Folder', True, 'Z:/Topaz_auto'), ('BU Templates', True, '5 loaded')]
2026-09-24 11:55:47 INFO    [MainThread] it_asset_app: ======================================================================
2026-09-24 11:55:47 INFO    [MainThread] it_asset_app: App starting - log file: C:\Users\srajaamu\OneDrive - UHG\Topaz_automation\WorkFlow_Topaz\logs\application.log
2026-09-24 11:55:47 INFO    [MainThread] it_asset_app: Python: 3.14.7 | frozen: False
2026-09-24 11:55:47 INFO    [MainThread] it_asset_app: AD helper: subprocess started (pid=42800)
2026-09-24 11:56:02 INFO    [MainThread] it_asset_app: SSRS asset report: status='Available' records=1780 error=''
2026-09-24 11:56:28 INFO    [MainThread] it_asset_app: User settings: saved to 'C:\\Users\\srajaamu\\AppData\\Roaming\\ITAssetSubmissionForm\\user_settings.json' (root_save_folder='Z:/Topaz_auto', operator_name='Sriram', business_unit='Embassy_ii033')
2026-09-24 11:56:28 INFO    [MainThread] it_asset_app: Admin settings: saved to 'C:\\Users\\srajaamu\\OneDrive - UHG\\Topaz_automation\\WorkFlow_Topaz\\admin_settings.json' (ad_lookup_url_template, ssrs_cache_max_age_hours)
2026-09-24 11:56:36 INFO    [MainThread] it_asset_app: User settings: saved to 'C:\\Users\\srajaamu\\AppData\\Roaming\\ITAssetSubmissionForm\\user_settings.json' (root_save_folder='Z:/Topaz_auto', operator_name='Sriram', business_unit='Embassy_ii033')
2026-09-24 11:56:36 INFO    [MainThread] it_asset_app: Admin settings: saved to 'C:\\Users\\srajaamu\\OneDrive - UHG\\Topaz_automation\\WorkFlow_Topaz\\admin_settings.json' (ad_lookup_url_template, ssrs_cache_max_age_hours)
2026-09-24 11:56:43 INFO    [MainThread] it_asset_app: WizardApp: closing (user closed the window)
2026-09-24 11:56:43 INFO    [MainThread] it_asset_app: WizardApp: closed
2026-09-24 11:56:49 INFO    [MainThread] it_asset_app: ======================================================================
2026-09-24 11:56:49 INFO    [MainThread] it_asset_app: App starting - log file: C:\Users\srajaamu\OneDrive - UHG\Topaz_automation\WorkFlow_Topaz\logs\application.log
2026-09-24 11:56:49 INFO    [MainThread] it_asset_app: Python: 3.14.7 | frozen: False
2026-09-24 11:56:49 INFO    [MainThread] it_asset_app: WizardApp: starting up. ad_lookup_mode='ssrs_report' use_topaz_pad=True bu_templates_folder='bu_templates' root_save_folder='Z:/Topaz_auto' operator_name='Sriram'
2026-09-24 11:56:50 INFO    [MainThread] it_asset_app: WizardApp: GUI ready
2026-09-24 11:56:50 INFO    [Thread-1 (start)] it_asset_app: AD helper: launched new subprocess (pid=24688): ['C:\\Program Files\\Python314\\python.exe', 'C:\\Users\\srajaamu\\OneDrive - UHG\\Topaz_automation\\WorkFlow_Topaz\\app.py', '--webview-helper']
2026-09-24 11:56:50 INFO    [MainThread] it_asset_app: Startup health check: [('Microsoft Word', True, ''), ('Signing Certificate', True, ''), ('SSRS Asset Report', True, 'Available'), ('Save Folder', True, 'Z:/Topaz_auto'), ('BU Templates', True, '5 loaded')]
2026-09-24 11:56:51 INFO    [MainThread] it_asset_app: ======================================================================
2026-09-24 11:56:51 INFO    [MainThread] it_asset_app: App starting - log file: C:\Users\srajaamu\OneDrive - UHG\Topaz_automation\WorkFlow_Topaz\logs\application.log
2026-09-24 11:56:51 INFO    [MainThread] it_asset_app: Python: 3.14.7 | frozen: False
2026-09-24 11:56:51 INFO    [MainThread] it_asset_app: AD helper: subprocess started (pid=24688)
2026-09-24 11:56:54 INFO    [MainThread] it_asset_app: SSRS asset report: status='Available' records=1780 error=''
2026-09-24 11:57:50 INFO    [Thread-4 (worker)] it_asset_app: AD helper: launched new subprocess (pid=35856): ['C:\\Program Files\\Python314\\python.exe', 'C:\\Users\\srajaamu\\OneDrive - UHG\\Topaz_automation\\WorkFlow_Topaz\\app.py', '--webview-helper']
2026-09-24 11:57:51 INFO    [MainThread] it_asset_app: ======================================================================
2026-09-24 11:57:51 INFO    [MainThread] it_asset_app: App starting - log file: C:\Users\srajaamu\OneDrive - UHG\Topaz_automation\WorkFlow_Topaz\logs\application.log
2026-09-24 11:57:51 INFO    [MainThread] it_asset_app: Python: 3.14.7 | frozen: False
2026-09-24 11:57:51 INFO    [MainThread] it_asset_app: AD helper: subprocess started (pid=35856)
2026-09-24 11:57:51 ERROR   [MainThread] it_asset_app: AD lookup failed for the active Employee ID (showing friendly message to operator): CONFIG -> ad_lookup_ssrs.search_page_url must be set to your real 'Active Directory Search' report URL. See README.md.
Traceback (most recent call last):
  File "C:\Users\srajaamu\OneDrive - UHG\Topaz_automation\WorkFlow_Topaz\app.py", line 5581, in worker
    candidates = self.browser_session.search(emp_id)
  File "C:\Users\srajaamu\OneDrive - UHG\Topaz_automation\WorkFlow_Topaz\app.py", line 856, in search
    raise RuntimeError(result["error"])
RuntimeError: CONFIG -> ad_lookup_ssrs.search_page_url must be set to your real 'Active Directory Search' report URL. See README.md.
2026-09-24 11:57:57 INFO    [MainThread] it_asset_app: WizardApp: closing (user closed the window)
2026-09-24 11:57:57 INFO    [MainThread] it_asset_app: WizardApp: closed
2026-09-24 11:59:09 INFO    [MainThread] it_asset_app: ======================================================================
2026-09-24 11:59:09 INFO    [MainThread] it_asset_app: App starting - log file: C:\Users\srajaamu\OneDrive - UHG\Topaz_automation\WorkFlow_Topaz\logs\application.log
2026-09-24 11:59:09 INFO    [MainThread] it_asset_app: Python: 3.14.7 | frozen: False
2026-09-24 11:59:09 INFO    [MainThread] it_asset_app: WizardApp: starting up. ad_lookup_mode='ssrs_report' use_topaz_pad=True bu_templates_folder='bu_templates' root_save_folder='Z:/Topaz_auto' operator_name='Sriram'
2026-09-24 11:59:09 INFO    [MainThread] it_asset_app: WizardApp: GUI ready
2026-09-24 11:59:09 INFO    [Thread-1 (start)] it_asset_app: AD helper: launched new subprocess (pid=39352): ['C:\\Program Files\\Python314\\python.exe', 'C:\\Users\\srajaamu\\OneDrive - UHG\\Topaz_automation\\WorkFlow_Topaz\\app.py', '--webview-helper']
2026-09-24 11:59:10 INFO    [MainThread] it_asset_app: Startup health check: [('Microsoft Word', True, ''), ('Signing Certificate', True, ''), ('SSRS Asset Report', True, 'Available'), ('Save Folder', True, 'Z:/Topaz_auto'), ('BU Templates', True, '5 loaded')]
2026-09-24 11:59:10 INFO    [MainThread] it_asset_app: ======================================================================
2026-09-24 11:59:10 INFO    [MainThread] it_asset_app: App starting - log file: C:\Users\srajaamu\OneDrive - UHG\Topaz_automation\WorkFlow_Topaz\logs\application.log
2026-09-24 11:59:10 INFO    [MainThread] it_asset_app: Python: 3.14.7 | frozen: False
2026-09-24 11:59:10 INFO    [MainThread] it_asset_app: AD helper: subprocess started (pid=39352)
2026-09-24 11:59:15 INFO    [MainThread] it_asset_app: SSRS asset report: status='Available' records=1780 error=''
2026-09-24 11:59:37 INFO    [Thread-4 (worker)] it_asset_app: AD helper: launched new subprocess (pid=16688): ['C:\\Program Files\\Python314\\python.exe', 'C:\\Users\\srajaamu\\OneDrive - UHG\\Topaz_automation\\WorkFlow_Topaz\\app.py', '--webview-helper']
2026-09-24 11:59:37 INFO    [MainThread] it_asset_app: ======================================================================
2026-09-24 11:59:37 INFO    [MainThread] it_asset_app: App starting - log file: C:\Users\srajaamu\OneDrive - UHG\Topaz_automation\WorkFlow_Topaz\logs\application.log
2026-09-24 11:59:37 INFO    [MainThread] it_asset_app: Python: 3.14.7 | frozen: False
2026-09-24 11:59:37 INFO    [MainThread] it_asset_app: AD helper: subprocess started (pid=16688)
2026-09-24 11:59:37 INFO    [Thread-1 (stdin_reader)] it_asset_app: AD helper: received lookup request_id='5de31f0eaa664a72ad5bdabc2ffa1066' emp_id='002225918'
2026-09-24 11:59:42 INFO    [Thread-1 (stdin_reader)] it_asset_app: AD lookup: starting search for emp_id='002225918' (header_keyword='EmployeeID', name_column='Employee Name')
2026-09-24 11:59:42 DEBUG   [Thread-1 (stdin_reader)] it_asset_app: AD lookup: filled search textbox OK
2026-09-24 11:59:42 DEBUG   [Thread-1 (stdin_reader)] it_asset_app: AD lookup: clicked 'View Report' button OK
2026-09-24 11:59:44 DEBUG   [Thread-1 (stdin_reader)] it_asset_app: AD lookup: results table ready after 2.0s
2026-09-24 11:59:44 DEBUG   [Thread-1 (stdin_reader)] it_asset_app: AD lookup: extracted 1 row(s) via strategy='single-table'; tables seen on page: [{'headers': ['Loading...\nCancel\n\n\n\xa0\t\t\t\xa0\t\t\t\xa0\t\t\n\t\t\t\t\t\tSearch AD for MSID, EmployeeID, or Email Address (one entry per line)\t\n\t\n\t\n\t\t\n\n\n\n\n\t\t\n\t\t\t\tof\t\t0\t\t\n\t\t\n\t\n\t\nPage Width\nWhole Page\n500%\n200%\n150%\n100%\n75%\n50%\n25%\n10%\n\t\n\t\n\t\n\t\tFind\t\t\n\t\t|\t\tNext'], 'rowCount': 1, 'matched': False}, {'headers': ['', 'Loading...\nCancel'], 'rowCount': 1, 'matched': False}, {'headers': ['', '', ''], 'rowCount': 5, 'matched': False}, {'headers': ['Search AD for MSID, EmployeeID, or Email Address (one entry per line)', '', ''], 'rowCount': 1, 'matched': False}, {'headers': ['', '', '', '', '', '', '', '', ''], 'rowCount': 2, 'matched': False}, {'headers': ['', ''], 'rowCount': 1, 'matched': False}, {'headers': ['', '', '', '', '', '', 'of', '', '0', '', '', '', ''], 'rowCount': 1, 'matched': False}, {'headers': [''], 'rowCount': 1, 'matched': False}, {'headers': [''], 'rowCount': 1, 'matched': False}, {'headers': [''], 'rowCount': 1, 'matched': False}, {'headers': [''], 'rowCount': 1, 'matched': False}, {'headers': [''], 'rowCount': 1, 'matched': False}, {'headers': [''], 'rowCount': 1, 'matched': False}, {'headers': [''], 'rowCount': 1, 'matched': False}, {'headers': [''], 'rowCount': 1, 'matched': False}, {'headers': [''], 'rowCount': 1, 'matched': False}, {'headers': [''], 'rowCount': 1, 'matched': False}, {'headers': [''], 'rowCount': 1, 'matched': False}, {'headers': ['Page Width\nWhole Page\n500%\n200%\n150%\n100%\n75%\n50%\n25%\n10%'], 'rowCount': 1, 'matched': False}, {'headers': ['Word\n\t\t\t\t\t\t\t\t\t\n\t\t\t\t\t\t\t\t\t\tExcel\n\t\t\t\t\t\t\t\t\t\n\t\t\t\t\t\t\t\t\t\tPowerPoint\n\t\t\t\t\t\t\t\t\t\n\t\t\t\t\t\t\t\t\t\tPDF\n\t\t\t\t\t\t\t\t\t\n\t\t\t\t\t\t\t\t\t\tTIFF file\n\t\t\t\t\t\t\t\t\t\n\t\t\t\t\t\t\t\t\t\tMHTML (web archive)\n\t\t\t\t\t\t\t\t\t\n\t\t\t\t\t\t\t\t\t\tCSV (comma delimited)\n\t\t\t\t\t\t\t\t\t\n\t\t\t\t\t\t\t\t\t\tXML file with report data\n\t\t\t\t\t\t\t\t\t\n\t\t\t\t\t\t\t\t\t\tData Feed'], 'rowCount': 1, 'matched': False}, {'headers': [''], 'rowCount': 1, 'matched': False}, {'headers': [''], 'rowCount': 1, 'matched': False}, {'headers': [''], 'rowCount': 1, 'matched': False}, {'headers': [''], 'rowCount': 1, 'matched': False}, {'headers': ['', '', 'Find', '', '', '', '|', '', 'Next', '', ''], 'rowCount': 1, 'matched': False}, {'headers': ['Active Directory Search (MS domain)\xa0(data is refreshed once every 24 hours) - data current as of: 9/23/2026 2:01:02 AM Central TimeBookmark this URL (not the site it takes you to): https://goto.optum.com/ActiveDirectoryInfoFor additional options, bookmark this url (not the site it takes you to): https://goto.optum.com/ActiveDirectoryInfo2EnabledEmployeeIDMSIDEmployee NameCorporate Email Boxuht-IdentityManagment-MailUserPrincipalNameEmployee TypeAccountTypePostal CodeDepartmentManager EmployeeIDManager MSIDManager NameManager EmailBusiness UnitOperating UnitLocationDepartmentTRUE002225918jvediyapVediyappan, Jananijanani.vediyappan@optum.comjanani.vediyappan@optum.comjanani.vediyappan@optum.comEPII032OI Operations002225014ve21E, Visalinivisalinie@optum.com4821006290INDIN032804954'], 'rowCount': 1, 'matched': False}, {'headers': ['Active Directory Search (MS domain)\xa0(data is refreshed once every 24 hours) - data current as of: 9/23/2026 2:01:02 AM Central TimeBookmark this URL (not the site it takes you to): https://goto.optum.com/ActiveDirectoryInfoFor additional options, bookmark this url (not the site it takes you to): https://goto.optum.com/ActiveDirectoryInfo2EnabledEmployeeIDMSIDEmployee NameCorporate Email Boxuht-IdentityManagment-MailUserPrincipalNameEmployee TypeAccountTypePostal CodeDepartmentManager EmployeeIDManager MSIDManager NameManager EmailBusiness UnitOperating UnitLocationDepartmentTRUE002225918jvediyapVediyappan, Jananijanani.vediyappan@optum.comjanani.vediyappan@optum.comjanani.vediyappan@optum.comEPII032OI Operations002225014ve21E, Visalinivisalinie@optum.com4821006290INDIN032804954'], 'rowCount': 2, 'matched': False}, {'headers': ['Active Directory Search (MS domain)\xa0(data is refreshed once every 24 hours) - data current as of: 9/23/2026 2:01:02 AM Central TimeBookmark this URL (not the site it takes you to): https://goto.optum.com/ActiveDirectoryInfoFor additional options, bookmark this url (not the site it takes you to): https://goto.optum.com/ActiveDirectoryInfo2EnabledEmployeeIDMSIDEmployee NameCorporate Email Boxuht-IdentityManagment-MailUserPrincipalNameEmployee TypeAccountTypePostal CodeDepartmentManager EmployeeIDManager MSIDManager NameManager EmailBusiness UnitOperating UnitLocationDepartmentTRUE002225918jvediyapVediyappan, Jananijanani.vediyappan@optum.comjanani.vediyappan@optum.comjanani.vediyappan@optum.comEPII032OI Operations002225014ve21E, Visalinivisalinie@optum.com4821006290INDIN032804954'], 'rowCount': 1, 'matched': False}, {'headers': ['', '', '', '', '', '', '', ''], 'rowCount': 7, 'matched': False}, {'headers': ['Enabled', 'EmployeeID', 'MSID', 'Employee Name', 'Corporate Email Box', 'uht-IdentityManagment-Mail', 'UserPrincipalName', 'Employee Type', 'AccountType', 'Postal Code', 'Department', 'Manager EmployeeID', 'Manager MSID', 'Manager Name', 'Manager Email', 'Business Unit', 'Operating Unit', 'Location', 'Department'], 'rowCount': 1, 'matched': True}]
2026-09-24 11:59:44 DEBUG   [Thread-1 (stdin_reader)] it_asset_app: AD lookup: raw extracted rows: [{'Enabled': 'TRUE', 'EmployeeID': '002225918', 'MSID': 'jvediyap', 'Employee Name': 'Vediyappan, Janani', 'Corporate Email Box': 'janani.vediyappan@optum.com', 'uht-IdentityManagment-Mail': 'janani.vediyappan@optum.com', 'UserPrincipalName': 'janani.vediyappan@optum.com', 'Employee Type': 'E', 'AccountType': 'P', 'Postal Code': 'II032', 'Department': 'OI Operations', 'Manager EmployeeID': '002225014', 'Manager MSID': 've21', 'Manager Name': 'E, Visalini', 'Manager Email': 'visalinie@optum.com', 'Business Unit': '48210', 'Operating Unit': '06290', 'Location': 'INDIN032'}]
2026-09-24 11:59:44 DEBUG   [Thread-1 (stdin_reader)] it_asset_app: AD lookup: mapped fields from row: {'emp_name': 'Vediyappan, Janani', 'manager_name': 'E, Visalini', 'contact_number': '', 'department': 'OI Operations', 'email': 'janani.vediyappan@optum.com', 'designation': 'E', 'msid': 'jvediyap', 'employee_id_confirmed': '002225918', 'manager_email': 'visalinie@optum.com', 'manager_msid': 've21', 'manager_employee_id': '002225014', 'account_enabled': 'TRUE'}
2026-09-24 11:59:44 INFO    [Thread-1 (stdin_reader)] it_asset_app: AD lookup: SUCCESS for emp_id='002225918' - 1 candidate(s), emp_name='Vediyappan, Janani' manager_name='E, Visalini'
2026-09-24 11:59:44 INFO    [Thread-1 (stdin_reader)] it_asset_app: AD helper: sending 1 candidate(s) back for request_id='5de31f0eaa664a72ad5bdabc2ffa1066'
2026-09-24 11:59:44 INFO    [Thread-1 (stdin_reader)] it_asset_app: AD helper: auto-hid lookup window after successful result (request_id='5de31f0eaa664a72ad5bdabc2ffa1066')
2026-09-24 11:59:52 INFO    [Thread-6 (worker)] it_asset_app: TracIT helper: launched new subprocess (pid=28732): ['C:\\Program Files\\Python314\\python.exe', 'C:\\Users\\srajaamu\\OneDrive - UHG\\Topaz_automation\\WorkFlow_Topaz\\app.py', '--tracit-helper']
2026-09-24 11:59:52 INFO    [MainThread] it_asset_app: ======================================================================
2026-09-24 11:59:52 INFO    [MainThread] it_asset_app: App starting - log file: C:\Users\srajaamu\OneDrive - UHG\Topaz_automation\WorkFlow_Topaz\logs\application.log
2026-09-24 11:59:52 INFO    [MainThread] it_asset_app: Python: 3.14.7 | frozen: False
2026-09-24 11:59:52 INFO    [MainThread] it_asset_app: TracIT helper: subprocess started (pid=28732)
2026-09-24 11:59:52 INFO    [Thread-1 (stdin_reader)] it_asset_app: TracIT helper: received lookup request_id='5aec9513bb74429e8dbc20f5f3ab5a9d' emp_id='002225918'
2026-09-24 12:00:00 INFO    [Thread-1 (stdin_reader)] it_asset_app: TracIT lookup: starting search for emp_id='002225918'
2026-09-24 12:00:06 ERROR   [Thread-1 (stdin_reader)] it_asset_app: TracIT lookup: could not open the filter panel / find the Employee ID field
2026-09-24 12:00:06 ERROR   [Thread-1 (stdin_reader)] it_asset_app: TracIT helper: lookup failed for request_id='5aec9513bb74429e8dbc20f5f3ab5a9d' emp_id='002225918'
Traceback (most recent call last):
  File "C:\Users\srajaamu\OneDrive - UHG\Topaz_automation\WorkFlow_Topaz\app.py", line 2024, in stdin_reader
    serial = _perform_tracit_search(window, emp_id, cfg)
  File "C:\Users\srajaamu\OneDrive - UHG\Topaz_automation\WorkFlow_Topaz\app.py", line 1793, in _perform_tracit_search
    raise RuntimeError(
    ...<4 lines>...
    )
RuntimeError: Could not find the 'User Employee Id' field on the TracIT View Assets page (even after trying to open the filter panel). TracIT may have changed its layout - update tracit_lookup in CONFIG to match the current field/button wording.
2026-09-24 12:00:06 ERROR   [MainThread] it_asset_app: TracIT fetch failed for emp_id='002225918'
NoneType: None
2026-09-24 12:00:52 INFO    [Thread-8 (worker)] it_asset_app: TracIT helper: launched new subprocess (pid=11616): ['C:\\Program Files\\Python314\\python.exe', 'C:\\Users\\srajaamu\\OneDrive - UHG\\Topaz_automation\\WorkFlow_Topaz\\app.py', '--tracit-helper']
2026-09-24 12:00:53 INFO    [MainThread] it_asset_app: ======================================================================
2026-09-24 12:00:53 INFO    [MainThread] it_asset_app: App starting - log file: C:\Users\srajaamu\OneDrive - UHG\Topaz_automation\WorkFlow_Topaz\logs\application.log
2026-09-24 12:00:53 INFO    [MainThread] it_asset_app: Python: 3.14.7 | frozen: False
2026-09-24 12:00:53 INFO    [MainThread] it_asset_app: TracIT helper: subprocess started (pid=11616)
2026-09-24 12:00:53 INFO    [Thread-1 (stdin_reader)] it_asset_app: TracIT helper: received lookup request_id='74b27dc8f4574fcda6a4cee36d6fb5d4' emp_id='002225918'
2026-09-24 12:00:58 INFO    [Thread-1 (stdin_reader)] it_asset_app: TracIT lookup: starting search for emp_id='002225918'
2026-09-24 12:00:58 DEBUG   [Thread-1 (stdin_reader)] it_asset_app: TracIT lookup: cleared the previous filter
2026-09-24 12:00:58 DEBUG   [Thread-1 (stdin_reader)] it_asset_app: TracIT lookup: filled Employee ID field OK
2026-09-24 12:00:58 DEBUG   [Thread-1 (stdin_reader)] it_asset_app: TracIT lookup: clicked 'Apply Filters'
2026-09-24 12:00:59 DEBUG   [Thread-1 (stdin_reader)] it_asset_app: TracIT lookup: results filtered after 0.0s
2026-09-24 12:00:59 ERROR   [Thread-1 (stdin_reader)] it_asset_app: TracIT helper: lookup failed for request_id='74b27dc8f4574fcda6a4cee36d6fb5d4' emp_id='002225918'
Traceback (most recent call last):
  File "C:\Users\srajaamu\OneDrive - UHG\Topaz_automation\WorkFlow_Topaz\app.py", line 2024, in stdin_reader
    serial = _perform_tracit_search(window, emp_id, cfg)
  File "C:\Users\srajaamu\OneDrive - UHG\Topaz_automation\WorkFlow_Topaz\app.py", line 1945, in _perform_tracit_search
    raise RuntimeError(
    ...<2 lines>...
    )
RuntimeError: TracIT found a record for Employee ID '002225918', but its Serial Number cell was empty.
2026-09-24 12:00:59 ERROR   [MainThread] it_asset_app: TracIT fetch failed for emp_id='002225918'
NoneType: None
2026-09-24 12:01:27 INFO    [Thread-10 (worker)] it_asset_app: TracIT helper: launched new subprocess (pid=34360): ['C:\\Program Files\\Python314\\python.exe', 'C:\\Users\\srajaamu\\OneDrive - UHG\\Topaz_automation\\WorkFlow_Topaz\\app.py', '--tracit-helper']
2026-09-24 12:01:27 INFO    [MainThread] it_asset_app: ======================================================================
2026-09-24 12:01:27 INFO    [MainThread] it_asset_app: App starting - log file: C:\Users\srajaamu\OneDrive - UHG\Topaz_automation\WorkFlow_Topaz\logs\application.log
2026-09-24 12:01:27 INFO    [MainThread] it_asset_app: Python: 3.14.7 | frozen: False
2026-09-24 12:01:27 INFO    [MainThread] it_asset_app: TracIT helper: subprocess started (pid=34360)
2026-09-24 12:01:27 INFO    [Thread-1 (stdin_reader)] it_asset_app: TracIT helper: received lookup request_id='5d3110d16afc49298a3bb8c1cebd9976' emp_id='002225918'
2026-09-24 12:01:31 INFO    [Thread-1 (stdin_reader)] it_asset_app: TracIT lookup: starting search for emp_id='002225918'
2026-09-24 12:01:31 DEBUG   [Thread-1 (stdin_reader)] it_asset_app: TracIT lookup: cleared the previous filter
2026-09-24 12:01:32 DEBUG   [Thread-1 (stdin_reader)] it_asset_app: TracIT lookup: filled Employee ID field OK
2026-09-24 12:01:32 DEBUG   [Thread-1 (stdin_reader)] it_asset_app: TracIT lookup: clicked 'Apply Filters'
2026-09-24 12:01:32 DEBUG   [Thread-1 (stdin_reader)] it_asset_app: TracIT lookup: results filtered after 0.0s
2026-09-24 12:01:32 ERROR   [Thread-1 (stdin_reader)] it_asset_app: TracIT helper: lookup failed for request_id='5d3110d16afc49298a3bb8c1cebd9976' emp_id='002225918'
Traceback (most recent call last):
  File "C:\Users\srajaamu\OneDrive - UHG\Topaz_automation\WorkFlow_Topaz\app.py", line 2024, in stdin_reader
    serial = _perform_tracit_search(window, emp_id, cfg)
  File "C:\Users\srajaamu\OneDrive - UHG\Topaz_automation\WorkFlow_Topaz\app.py", line 1945, in _perform_tracit_search
    raise RuntimeError(
    ...<2 lines>...
    )
RuntimeError: TracIT found a record for Employee ID '002225918', but its Serial Number cell was empty.
2026-09-24 12:01:32 ERROR   [MainThread] it_asset_app: TracIT fetch failed for emp_id='002225918'
NoneType: None
2026-09-24 12:03:24 CRITICAL [MainThread] it_asset_app: UNCAUGHT EXCEPTION
Traceback (most recent call last):
  File "C:\Users\srajaamu\OneDrive - UHG\Topaz_automation\WorkFlow_Topaz\app.py", line 7351, in <module>
    app.mainloop()
    ~~~~~~~~~~~~^^
  File "C:\Program Files\Python314\Lib\tkinter\__init__.py", line 1625, in mainloop
    self.tk.mainloop(n)
    ~~~~~~~~~~~~~~~~^^^
KeyboardInterrupt
